11:12:31.5310+07:00 - INFO  - App.OnStartup - Begin Flow Launcher startup ----------------------------------------------------
11:12:31.5310+07:00 - INFO  - App.OnStartup - Runtime info:
Flow Launcher version: 2.1.3
OS Version: 19044.7663
IntPtr Length: 8
x64: True
11:12:31.6160+07:00 - INFO  - BinaryStorage.TryLoad - Cache file not exist, load default data
11:12:31.9153+07:00 - INFO  - CommunityPluginSource.FetchAsync - Loading plugins from https://fastly.jsdelivr.net/gh/Flow-Launcher/Flow.Launcher.PluginsManifest@main/plugins.json
11:12:31.9417+07:00 - INFO  - CommunityPluginSource.FetchAsync - Loading plugins from https://gcore.jsdelivr.net/gh/Flow-Launcher/Flow.Launcher.PluginsManifest@main/plugins.json
11:12:31.9417+07:00 - INFO  - CommunityPluginSource.FetchAsync - Loading plugins from https://cdn.jsdelivr.net/gh/Flow-Launcher/Flow.Launcher.PluginsManifest@main/plugins.json
11:12:31.9417+07:00 - INFO  - CommunityPluginSource.FetchAsync - Loading plugins from https://raw.githubusercontent.com/Flow-Launcher/Flow.Launcher.PluginsManifest/main/plugins.json
11:12:32.0152+07:00 - INFO  - ImageLoader.InitializeAsync - Preload images cost <0ms>
11:12:32.0197+07:00 - INFO  - ImageLoader.InitializeAsync - Number of preload images is <4>, Images Number: 4, Unique Items 4
11:12:32.3474+07:00 - INFO  - CommunityPluginSource.FetchAsync - Loaded 354 plugins from https://gcore.jsdelivr.net/gh/Flow-Launcher/Flow.Launcher.PluginsManifest@main/plugins.json
11:12:33.3581+07:00 - INFO  - App.OnStartup - End Flow Launcher startup ------------------------------------------------------
11:12:33.3581+07:00 - INFO  - App.OnStartup - Begin plugin initialization ----------------------------------------------------
11:12:35.0598+07:00 - INFO  - App.OnStartup - Startup cost <4168ms>
11:12:35.0598+07:00 - INFO  - PluginManager.InitializePluginsAsync - Total init cost for <Plugin Indicator> is <49ms>
11:12:35.0858+07:00 - INFO  - PluginManager.InitializePluginsAsync - Total init cost for <System Commands> is <197ms>
11:12:35.0858+07:00 - INFO  - PluginManager.InitializePluginsAsync - Total init cost for <Process Killer> is <98ms>
11:12:35.0858+07:00 - INFO  - PluginManager.InitializePluginsAsync - Total init cost for <Plugins Manager> is <212ms>
11:12:35.0902+07:00 - INFO  - PluginManager.InitializePluginsAsync - Total init cost for <Shell> is <167ms>
11:12:35.0902+07:00 - INFO  - PluginManager.InitializePluginsAsync - Total init cost for <Web Searches> is <155ms>
11:12:35.0902+07:00 - INFO  - PluginManager.InitializePluginsAsync - Total init cost for <URL> is <99ms>
11:12:35.0902+07:00 - INFO  - PluginManager.InitializePluginsAsync - Total init cost for <Windows Settings> is <189ms>
11:12:35.2210+07:00 - INFO  - PluginManager.InitializePluginsAsync - Total init cost for <Explorer> is <350ms>
11:12:35.2476+07:00 - INFO  - BinaryStorage.TryLoadAsync - Cache file not exist, load default data
11:12:35.2476+07:00 - INFO  - PluginManager.InitializePluginsAsync - Total init cost for <Calculator> is <303ms>
11:12:35.2476+07:00 - INFO  - PluginManager.InitializePluginsAsync - Total init cost for <Browser Bookmarks> is <395ms>
11:12:35.2614+07:00 - INFO  - BinaryStorage.TryLoadAsync - Cache file not exist, load default data
11:12:35.2614+07:00 - INFO  - Main.InitAsync - Preload programs cost <22ms>
11:12:35.2614+07:00 - INFO  - Main.InitAsync - Number of preload win32 programs <0>
11:12:35.2614+07:00 - INFO  - Main.InitAsync - Number of preload uwps <0>
11:12:35.2614+07:00 - INFO  - PluginManager.InitializePluginsAsync - Total init cost for <Program> is <277ms>
11:12:35.9924+07:00 - INFO  - App.OnStartup - End plugin initialization ------------------------------------------------------
11:12:35.9924+07:00 - INFO  - App.OnStartup - Startup cost <2635ms>
11:12:36.0317+07:00 - INFO  - Main.IndexProgramsAsync - UWPProgram index cost <766ms>
11:12:37.0620+07:00 - ERROR -  - ------------- BEGIN Flow.Launcher.Plugin.Program exception -------------
11:12:37.0620+07:00 - ERROR -  - 
Exception full name: System.Runtime.InteropServices.COMException
Error status: UNKNOWN
Class name: ShellLinkReader
Calling method: retrieveDescription
Program path: C:\Users\Tateisukan\AppData\Roaming\Microsoft\Windows\Start Menu\Programs\System Tools\computer.lnk
InnerException number: 1
Exception message: Unexpected HRESULT has been returned from a call to a COM component.
Exception error type: HResult -2147467259
Exception thrown in called method: Void GetDescription(Windows.Win32.Foundation.PWSTR, Int32)
Possible interpretation of the error: Error caused likely due to trying to get the description of the program
Possible resolution: Not yet known
11:12:37.0620+07:00 - ERROR -  - ------------- END Flow.Launcher.Plugin.Program exception -------------
11:12:37.0620+07:00 - ERROR -  - ------------- BEGIN Flow.Launcher.Plugin.Program exception -------------
11:12:37.0620+07:00 - ERROR -  - 
Exception full name: System.Runtime.InteropServices.COMException
Error status: UNKNOWN
Class name: ShellLinkReader
Calling method: retrieveDescription
Program path: C:\Users\Tateisukan\AppData\Roaming\Microsoft\Windows\Start Menu\Programs\System Tools\Control Panel.lnk
InnerException number: 1
Exception message: Unexpected HRESULT has been returned from a call to a COM component.
Exception error type: HResult -2147467259
Exception thrown in called method: Void GetDescription(Windows.Win32.Foundation.PWSTR, Int32)
Possible interpretation of the error: Error caused likely due to trying to get the description of the program
Possible resolution: Not yet known
11:12:37.0620+07:00 - ERROR -  - ------------- END Flow.Launcher.Plugin.Program exception -------------
11:12:37.0809+07:00 - ERROR -  - ------------- BEGIN Flow.Launcher.Plugin.Program exception -------------
11:12:37.0809+07:00 - ERROR -  - 
Exception full name: System.Runtime.InteropServices.COMException
Error status: UNKNOWN
Class name: ShellLinkReader
Calling method: retrieveDescription
Program path: C:\Users\Tateisukan\AppData\Roaming\Microsoft\Windows\Start Menu\Programs\System Tools\Run.lnk
InnerException number: 1
Exception message: Unexpected HRESULT has been returned from a call to a COM component.
Exception error type: HResult -2147467259
Exception thrown in called method: Void GetDescription(Windows.Win32.Foundation.PWSTR, Int32)
Possible interpretation of the error: Error caused likely due to trying to get the description of the program
Possible resolution: Not yet known
11:12:37.0809+07:00 - ERROR -  - ------------- END Flow.Launcher.Plugin.Program exception -------------
11:12:37.6004+07:00 - ERROR -  - ------------- BEGIN Flow.Launcher.Plugin.Program exception -------------
11:12:37.6004+07:00 - ERROR -  - 
Exception full name: System.Runtime.InteropServices.COMException
Error status: UNKNOWN
Class name: ShellLinkReader
Calling method: retrieveDescription
Program path: C:\ProgramData\Microsoft\Windows\Start Menu\Programs\Accessories\Windows Media Player.lnk
InnerException number: 1
Exception message: Unexpected HRESULT has been returned from a call to a COM component.
Exception error type: HResult -2147467259
Exception thrown in called method: Void GetDescription(Windows.Win32.Foundation.PWSTR, Int32)
Possible interpretation of the error: Error caused likely due to trying to get the description of the program
Possible resolution: Not yet known
11:12:37.6004+07:00 - ERROR -  - ------------- END Flow.Launcher.Plugin.Program exception -------------
11:12:37.7364+07:00 - ERROR -  - ------------- BEGIN Flow.Launcher.Plugin.Program exception -------------
11:12:37.7364+07:00 - ERROR -  - 
Exception full name: System.Runtime.InteropServices.COMException
Error status: UNKNOWN
Class name: ShellLinkReader
Calling method: retrieveDescription
Program path: C:\ProgramData\Microsoft\Windows\Start Menu\Programs\Administrative Tools\ODBC Data Sources (32-bit).lnk
InnerException number: 1
Exception message: Unexpected HRESULT has been returned from a call to a COM component.
Exception error type: HResult -2147467259
Exception thrown in called method: Void GetDescription(Windows.Win32.Foundation.PWSTR, Int32)
Possible interpretation of the error: Error caused likely due to trying to get the description of the program
Possible resolution: Not yet known
11:12:37.7364+07:00 - ERROR -  - ------------- END Flow.Launcher.Plugin.Program exception -------------
11:12:39.5602+07:00 - INFO  - Main.IndexProgramsAsync - Win32Program index cost <4294ms>
11:12:43.8117+07:00 - ERROR - AutoStartup.UnscheduleLogonTask - Failed to unschedule logon task: System.IO.FileNotFoundException: The system cannot find the file specified. (0x80070002)
   at Microsoft.Win32.TaskScheduler.V2Interop.ITaskFolder.DeleteTask(String Name, Int32 flags)
   at Microsoft.Win32.TaskScheduler.TaskFolder.DeleteTask(String name, Boolean exceptionOnNotExists)
   at Flow.Launcher.Helper.AutoStartup.UnscheduleLogonTask() in C:\projects\flow-launcher\Flow.Launcher\Helper\AutoStartup.cs:line 209
11:16:50.0549+07:00 - ERROR -  - ------------- BEGIN Flow.Launcher.Plugin.Program exception -------------
11:16:50.0549+07:00 - ERROR -  - 
Exception full name: System.Runtime.InteropServices.COMException
Error status: UNKNOWN
Class name: ShellLinkReader
Calling method: retrieveDescription
Program path: C:\Users\Tateisukan\AppData\Roaming\Microsoft\Windows\Start Menu\Programs\System Tools\computer.lnk
InnerException number: 1
Exception message: Unexpected HRESULT has been returned from a call to a COM component.
Exception error type: HResult -2147467259
Exception thrown in called method: Void GetDescription(Windows.Win32.Foundation.PWSTR, Int32)
Possible interpretation of the error: Error caused likely due to trying to get the description of the program
Possible resolution: Not yet known
11:16:50.0549+07:00 - ERROR -  - ------------- END Flow.Launcher.Plugin.Program exception -------------
11:16:50.0670+07:00 - ERROR -  - ------------- BEGIN Flow.Launcher.Plugin.Program exception -------------
11:16:50.0670+07:00 - ERROR -  - 
Exception full name: System.Runtime.InteropServices.COMException
Error status: UNKNOWN
Class name: ShellLinkReader
Calling method: retrieveDescription
Program path: C:\Users\Tateisukan\AppData\Roaming\Microsoft\Windows\Start Menu\Programs\System Tools\Control Panel.lnk
InnerException number: 1
Exception message: Unexpected HRESULT has been returned from a call to a COM component.
Exception error type: HResult -2147467259
Exception thrown in called method: Void GetDescription(Windows.Win32.Foundation.PWSTR, Int32)
Possible interpretation of the error: Error caused likely due to trying to get the description of the program
Possible resolution: Not yet known
11:16:50.0670+07:00 - ERROR -  - ------------- END Flow.Launcher.Plugin.Program exception -------------
11:16:50.0883+07:00 - ERROR -  - ------------- BEGIN Flow.Launcher.Plugin.Program exception -------------
11:16:50.0883+07:00 - ERROR -  - 
Exception full name: System.Runtime.InteropServices.COMException
Error status: UNKNOWN
Class name: ShellLinkReader
Calling method: retrieveDescription
Program path: C:\Users\Tateisukan\AppData\Roaming\Microsoft\Windows\Start Menu\Programs\System Tools\Run.lnk
InnerException number: 1
Exception message: Unexpected HRESULT has been returned from a call to a COM component.
Exception error type: HResult -2147467259
Exception thrown in called method: Void GetDescription(Windows.Win32.Foundation.PWSTR, Int32)
Possible interpretation of the error: Error caused likely due to trying to get the description of the program
Possible resolution: Not yet known
11:16:50.0883+07:00 - ERROR -  - ------------- END Flow.Launcher.Plugin.Program exception -------------
11:16:50.2912+07:00 - ERROR -  - ------------- BEGIN Flow.Launcher.Plugin.Program exception -------------
11:16:50.2912+07:00 - ERROR -  - 
Exception full name: System.Runtime.InteropServices.COMException
Error status: UNKNOWN
Class name: ShellLinkReader
Calling method: retrieveDescription
Program path: C:\ProgramData\Microsoft\Windows\Start Menu\Programs\Accessories\Windows Media Player.lnk
InnerException number: 1
Exception message: Unexpected HRESULT has been returned from a call to a COM component.
Exception error type: HResult -2147467259
Exception thrown in called method: Void GetDescription(Windows.Win32.Foundation.PWSTR, Int32)
Possible interpretation of the error: Error caused likely due to trying to get the description of the program
Possible resolution: Not yet known
11:16:50.2912+07:00 - ERROR -  - ------------- END Flow.Launcher.Plugin.Program exception -------------
11:16:50.3535+07:00 - ERROR -  - ------------- BEGIN Flow.Launcher.Plugin.Program exception -------------
11:16:50.3535+07:00 - ERROR -  - 
Exception full name: System.Runtime.InteropServices.COMException
Error status: UNKNOWN
Class name: ShellLinkReader
Calling method: retrieveDescription
Program path: C:\ProgramData\Microsoft\Windows\Start Menu\Programs\Administrative Tools\ODBC Data Sources (32-bit).lnk
InnerException number: 1
Exception message: Unexpected HRESULT has been returned from a call to a COM component.
Exception error type: HResult -2147467259
Exception thrown in called method: Void GetDescription(Windows.Win32.Foundation.PWSTR, Int32)
Possible interpretation of the error: Error caused likely due to trying to get the description of the program
Possible resolution: Not yet known
11:16:50.3535+07:00 - ERROR -  - ------------- END Flow.Launcher.Plugin.Program exception -------------
11:17:30.3198+07:00 - ERROR -  - ------------- BEGIN Flow.Launcher.Plugin.Program exception -------------
11:17:30.3198+07:00 - ERROR -  - 
Exception full name: System.Runtime.InteropServices.COMException
Error status: UNKNOWN
Class name: ShellLinkReader
Calling method: retrieveDescription
Program path: C:\Users\Tateisukan\AppData\Roaming\Microsoft\Windows\Start Menu\Programs\System Tools\computer.lnk
InnerException number: 1
Exception message: Unexpected HRESULT has been returned from a call to a COM component.
Exception error type: HResult -2147467259
Exception thrown in called method: Void GetDescription(Windows.Win32.Foundation.PWSTR, Int32)
Possible interpretation of the error: Error caused likely due to trying to get the description of the program
Possible resolution: Not yet known
11:17:30.3198+07:00 - ERROR -  - ------------- END Flow.Launcher.Plugin.Program exception -------------
11:17:30.3198+07:00 - ERROR -  - ------------- BEGIN Flow.Launcher.Plugin.Program exception -------------
11:17:30.3198+07:00 - ERROR -  - 
Exception full name: System.Runtime.InteropServices.COMException
Error status: UNKNOWN
Class name: ShellLinkReader
Calling method: retrieveDescription
Program path: C:\Users\Tateisukan\AppData\Roaming\Microsoft\Windows\Start Menu\Programs\System Tools\Control Panel.lnk
InnerException number: 1
Exception message: Unexpected HRESULT has been returned from a call to a COM component.
Exception error type: HResult -2147467259
Exception thrown in called method: Void GetDescription(Windows.Win32.Foundation.PWSTR, Int32)
Possible interpretation of the error: Error caused likely due to trying to get the description of the program
Possible resolution: Not yet known
11:17:30.3198+07:00 - ERROR -  - ------------- END Flow.Launcher.Plugin.Program exception -------------
11:17:30.3477+07:00 - ERROR -  - ------------- BEGIN Flow.Launcher.Plugin.Program exception -------------
11:17:30.3477+07:00 - ERROR -  - 
Exception full name: System.Runtime.InteropServices.COMException
Error status: UNKNOWN
Class name: ShellLinkReader
Calling method: retrieveDescription
Program path: C:\Users\Tateisukan\AppData\Roaming\Microsoft\Windows\Start Menu\Programs\System Tools\Run.lnk
InnerException number: 1
Exception message: Unexpected HRESULT has been returned from a call to a COM component.
Exception error type: HResult -2147467259
Exception thrown in called method: Void GetDescription(Windows.Win32.Foundation.PWSTR, Int32)
Possible interpretation of the error: Error caused likely due to trying to get the description of the program
Possible resolution: Not yet known
11:17:30.3477+07:00 - ERROR -  - ------------- END Flow.Launcher.Plugin.Program exception -------------
11:17:30.4862+07:00 - ERROR -  - ------------- BEGIN Flow.Launcher.Plugin.Program exception -------------
11:17:30.4862+07:00 - ERROR -  - 
Exception full name: System.Runtime.InteropServices.COMException
Error status: UNKNOWN
Class name: ShellLinkReader
Calling method: retrieveDescription
Program path: C:\ProgramData\Microsoft\Windows\Start Menu\Programs\Accessories\Windows Media Player.lnk
InnerException number: 1
Exception message: Unexpected HRESULT has been returned from a call to a COM component.
Exception error type: HResult -2147467259
Exception thrown in called method: Void GetDescription(Windows.Win32.Foundation.PWSTR, Int32)
Possible interpretation of the error: Error caused likely due to trying to get the description of the program
Possible resolution: Not yet known
11:17:30.4862+07:00 - ERROR -  - ------------- END Flow.Launcher.Plugin.Program exception -------------
11:17:30.5450+07:00 - ERROR -  - ------------- BEGIN Flow.Launcher.Plugin.Program exception -------------
11:17:30.5450+07:00 - ERROR -  - 
Exception full name: System.Runtime.InteropServices.COMException
Error status: UNKNOWN
Class name: ShellLinkReader
Calling method: retrieveDescription
Program path: C:\ProgramData\Microsoft\Windows\Start Menu\Programs\Administrative Tools\ODBC Data Sources (32-bit).lnk
InnerException number: 1
Exception message: Unexpected HRESULT has been returned from a call to a COM component.
Exception error type: HResult -2147467259
Exception thrown in called method: Void GetDescription(Windows.Win32.Foundation.PWSTR, Int32)
Possible interpretation of the error: Error caused likely due to trying to get the description of the program
Possible resolution: Not yet known
11:17:30.5450+07:00 - ERROR -  - ------------- END Flow.Launcher.Plugin.Program exception -------------
11:26:49.3727+07:00 - ERROR -  - ------------- BEGIN Flow.Launcher.Plugin.Program exception -------------
11:26:49.3727+07:00 - ERROR -  - 
Exception full name: System.Runtime.InteropServices.COMException
Error status: UNKNOWN
Class name: ShellLinkReader
Calling method: retrieveDescription
Program path: C:\Users\Tateisukan\AppData\Roaming\Microsoft\Windows\Start Menu\Programs\System Tools\computer.lnk
InnerException number: 1
Exception message: Unexpected HRESULT has been returned from a call to a COM component.
Exception error type: HResult -2147467259
Exception thrown in called method: Void GetDescription(Windows.Win32.Foundation.PWSTR, Int32)
Possible interpretation of the error: Error caused likely due to trying to get the description of the program
Possible resolution: Not yet known
11:26:49.3727+07:00 - ERROR -  - ------------- END Flow.Launcher.Plugin.Program exception -------------
11:26:49.3727+07:00 - ERROR -  - ------------- BEGIN Flow.Launcher.Plugin.Program exception -------------
11:26:49.3727+07:00 - ERROR -  - 
Exception full name: System.Runtime.InteropServices.COMException
Error status: UNKNOWN
Class name: ShellLinkReader
Calling method: retrieveDescription
Program path: C:\Users\Tateisukan\AppData\Roaming\Microsoft\Windows\Start Menu\Programs\System Tools\Control Panel.lnk
InnerException number: 1
Exception message: Unexpected HRESULT has been returned from a call to a COM component.
Exception error type: HResult -2147467259
Exception thrown in called method: Void GetDescription(Windows.Win32.Foundation.PWSTR, Int32)
Possible interpretation of the error: Error caused likely due to trying to get the description of the program
Possible resolution: Not yet known
11:26:49.3727+07:00 - ERROR -  - ------------- END Flow.Launcher.Plugin.Program exception -------------
11:26:49.4086+07:00 - ERROR -  - ------------- BEGIN Flow.Launcher.Plugin.Program exception -------------
11:26:49.4086+07:00 - ERROR -  - 
Exception full name: System.Runtime.InteropServices.COMException
Error status: UNKNOWN
Class name: ShellLinkReader
Calling method: retrieveDescription
Program path: C:\Users\Tateisukan\AppData\Roaming\Microsoft\Windows\Start Menu\Programs\System Tools\Run.lnk
InnerException number: 1
Exception message: Unexpected HRESULT has been returned from a call to a COM component.
Exception error type: HResult -2147467259
Exception thrown in called method: Void GetDescription(Windows.Win32.Foundation.PWSTR, Int32)
Possible interpretation of the error: Error caused likely due to trying to get the description of the program
Possible resolution: Not yet known
11:26:49.4086+07:00 - ERROR -  - ------------- END Flow.Launcher.Plugin.Program exception -------------
11:26:49.5610+07:00 - ERROR -  - ------------- BEGIN Flow.Launcher.Plugin.Program exception -------------
11:26:49.5610+07:00 - ERROR -  - 
Exception full name: System.Runtime.InteropServices.COMException
Error status: UNKNOWN
Class name: ShellLinkReader
Calling method: retrieveDescription
Program path: C:\ProgramData\Microsoft\Windows\Start Menu\Programs\Accessories\Windows Media Player.lnk
InnerException number: 1
Exception message: Unexpected HRESULT has been returned from a call to a COM component.
Exception error type: HResult -2147467259
Exception thrown in called method: Void GetDescription(Windows.Win32.Foundation.PWSTR, Int32)
Possible interpretation of the error: Error caused likely due to trying to get the description of the program
Possible resolution: Not yet known
11:26:49.5610+07:00 - ERROR -  - ------------- END Flow.Launcher.Plugin.Program exception -------------
11:26:49.6060+07:00 - ERROR -  - ------------- BEGIN Flow.Launcher.Plugin.Program exception -------------
11:26:49.6060+07:00 - ERROR -  - 
Exception full name: System.Runtime.InteropServices.COMException
Error status: UNKNOWN
Class name: ShellLinkReader
Calling method: retrieveDescription
Program path: C:\ProgramData\Microsoft\Windows\Start Menu\Programs\Administrative Tools\ODBC Data Sources (32-bit).lnk
InnerException number: 1
Exception message: Unexpected HRESULT has been returned from a call to a COM component.
Exception error type: HResult -2147467259
Exception thrown in called method: Void GetDescription(Windows.Win32.Foundation.PWSTR, Int32)
Possible interpretation of the error: Error caused likely due to trying to get the description of the program
Possible resolution: Not yet known
11:26:49.6060+07:00 - ERROR -  - ------------- END Flow.Launcher.Plugin.Program exception -------------
11:28:06.0228+07:00 - ERROR -  - ------------- BEGIN Flow.Launcher.Plugin.Program exception -------------
11:28:06.0228+07:00 - ERROR -  - 
Exception full name: System.Runtime.InteropServices.COMException
Error status: UNKNOWN
Class name: ShellLinkReader
Calling method: retrieveDescription
Program path: C:\Users\Tateisukan\AppData\Roaming\Microsoft\Windows\Start Menu\Programs\System Tools\computer.lnk
InnerException number: 1
Exception message: Unexpected HRESULT has been returned from a call to a COM component.
Exception error type: HResult -2147467259
Exception thrown in called method: Void GetDescription(Windows.Win32.Foundation.PWSTR, Int32)
Possible interpretation of the error: Error caused likely due to trying to get the description of the program
Possible resolution: Not yet known
11:28:06.0228+07:00 - ERROR -  - ------------- END Flow.Launcher.Plugin.Program exception -------------
11:28:06.0376+07:00 - ERROR -  - ------------- BEGIN Flow.Launcher.Plugin.Program exception -------------
11:28:06.0376+07:00 - ERROR -  - 
Exception full name: System.Runtime.InteropServices.COMException
Error status: UNKNOWN
Class name: ShellLinkReader
Calling method: retrieveDescription
Program path: C:\Users\Tateisukan\AppData\Roaming\Microsoft\Windows\Start Menu\Programs\System Tools\Control Panel.lnk
InnerException number: 1
Exception message: Unexpected HRESULT has been returned from a call to a COM component.
Exception error type: HResult -2147467259
Exception thrown in called method: Void GetDescription(Windows.Win32.Foundation.PWSTR, Int32)
Possible interpretation of the error: Error caused likely due to trying to get the description of the program
Possible resolution: Not yet known
11:28:06.0376+07:00 - ERROR -  - ------------- END Flow.Launcher.Plugin.Program exception -------------
11:28:06.0652+07:00 - ERROR -  - ------------- BEGIN Flow.Launcher.Plugin.Program exception -------------
11:28:06.0652+07:00 - ERROR -  - 
Exception full name: System.Runtime.InteropServices.COMException
Error status: UNKNOWN
Class name: ShellLinkReader
Calling method: retrieveDescription
Program path: C:\Users\Tateisukan\AppData\Roaming\Microsoft\Windows\Start Menu\Programs\System Tools\Run.lnk
InnerException number: 1
Exception message: Unexpected HRESULT has been returned from a call to a COM component.
Exception error type: HResult -2147467259
Exception thrown in called method: Void GetDescription(Windows.Win32.Foundation.PWSTR, Int32)
Possible interpretation of the error: Error caused likely due to trying to get the description of the program
Possible resolution: Not yet known
11:28:06.0652+07:00 - ERROR -  - ------------- END Flow.Launcher.Plugin.Program exception -------------
11:28:06.2056+07:00 - ERROR -  - ------------- BEGIN Flow.Launcher.Plugin.Program exception -------------
11:28:06.2056+07:00 - ERROR -  - 
Exception full name: System.Runtime.InteropServices.COMException
Error status: UNKNOWN
Class name: ShellLinkReader
Calling method: retrieveDescription
Program path: C:\ProgramData\Microsoft\Windows\Start Menu\Programs\Accessories\Windows Media Player.lnk
InnerException number: 1
Exception message: Unexpected HRESULT has been returned from a call to a COM component.
Exception error type: HResult -2147467259
Exception thrown in called method: Void GetDescription(Windows.Win32.Foundation.PWSTR, Int32)
Possible interpretation of the error: Error caused likely due to trying to get the description of the program
Possible resolution: Not yet known
11:28:06.2056+07:00 - ERROR -  - ------------- END Flow.Launcher.Plugin.Program exception -------------
11:28:06.2544+07:00 - ERROR -  - ------------- BEGIN Flow.Launcher.Plugin.Program exception -------------
11:28:06.2544+07:00 - ERROR -  - 
Exception full name: System.Runtime.InteropServices.COMException
Error status: UNKNOWN
Class name: ShellLinkReader
Calling method: retrieveDescription
Program path: C:\ProgramData\Microsoft\Windows\Start Menu\Programs\Administrative Tools\ODBC Data Sources (32-bit).lnk
InnerException number: 1
Exception message: Unexpected HRESULT has been returned from a call to a COM component.
Exception error type: HResult -2147467259
Exception thrown in called method: Void GetDescription(Windows.Win32.Foundation.PWSTR, Int32)
Possible interpretation of the error: Error caused likely due to trying to get the description of the program
Possible resolution: Not yet known
11:28:06.2544+07:00 - ERROR -  - ------------- END Flow.Launcher.Plugin.Program exception -------------
11:30:00.3885+07:00 - ERROR -  - ------------- BEGIN Flow.Launcher.Plugin.Program exception -------------
11:30:00.3885+07:00 - ERROR -  - 
Exception full name: System.Runtime.InteropServices.COMException
Error status: UNKNOWN
Class name: ShellLinkReader
Calling method: retrieveDescription
Program path: C:\Users\Tateisukan\AppData\Roaming\Microsoft\Windows\Start Menu\Programs\System Tools\computer.lnk
InnerException number: 1
Exception message: Unexpected HRESULT has been returned from a call to a COM component.
Exception error type: HResult -2147467259
Exception thrown in called method: Void GetDescription(Windows.Win32.Foundation.PWSTR, Int32)
Possible interpretation of the error: Error caused likely due to trying to get the description of the program
Possible resolution: Not yet known
11:30:00.3885+07:00 - ERROR -  - ------------- END Flow.Launcher.Plugin.Program exception -------------
11:30:00.4022+07:00 - ERROR -  - ------------- BEGIN Flow.Launcher.Plugin.Program exception -------------
11:30:00.4022+07:00 - ERROR -  - 
Exception full name: System.Runtime.InteropServices.COMException
Error status: UNKNOWN
Class name: ShellLinkReader
Calling method: retrieveDescription
Program path: C:\Users\Tateisukan\AppData\Roaming\Microsoft\Windows\Start Menu\Programs\System Tools\Control Panel.lnk
InnerException number: 1
Exception message: Unexpected HRESULT has been returned from a call to a COM component.
Exception error type: HResult -2147467259
Exception thrown in called method: Void GetDescription(Windows.Win32.Foundation.PWSTR, Int32)
Possible interpretation of the error: Error caused likely due to trying to get the description of the program
Possible resolution: Not yet known
11:30:00.4022+07:00 - ERROR -  - ------------- END Flow.Launcher.Plugin.Program exception -------------
11:30:00.4252+07:00 - ERROR -  - ------------- BEGIN Flow.Launcher.Plugin.Program exception -------------
11:30:00.4252+07:00 - ERROR -  - 
Exception full name: System.Runtime.InteropServices.COMException
Error status: UNKNOWN
Class name: ShellLinkReader
Calling method: retrieveDescription
Program path: C:\Users\Tateisukan\AppData\Roaming\Microsoft\Windows\Start Menu\Programs\System Tools\Run.lnk
InnerException number: 1
Exception message: Unexpected HRESULT has been returned from a call to a COM component.
Exception error type: HResult -2147467259
Exception thrown in called method: Void GetDescription(Windows.Win32.Foundation.PWSTR, Int32)
Possible interpretation of the error: Error caused likely due to trying to get the description of the program
Possible resolution: Not yet known
11:30:00.4252+07:00 - ERROR -  - ------------- END Flow.Launcher.Plugin.Program exception -------------
11:30:00.6006+07:00 - ERROR -  - ------------- BEGIN Flow.Launcher.Plugin.Program exception -------------
11:30:00.6006+07:00 - ERROR -  - 
Exception full name: System.Runtime.InteropServices.COMException
Error status: UNKNOWN
Class name: ShellLinkReader
Calling method: retrieveDescription
Program path: C:\ProgramData\Microsoft\Windows\Start Menu\Programs\Accessories\Windows Media Player.lnk
InnerException number: 1
Exception message: Unexpected HRESULT has been returned from a call to a COM component.
Exception error type: HResult -2147467259
Exception thrown in called method: Void GetDescription(Windows.Win32.Foundation.PWSTR, Int32)
Possible interpretation of the error: Error caused likely due to trying to get the description of the program
Possible resolution: Not yet known
11:30:00.6006+07:00 - ERROR -  - ------------- END Flow.Launcher.Plugin.Program exception -------------
11:30:00.6739+07:00 - ERROR -  - ------------- BEGIN Flow.Launcher.Plugin.Program exception -------------
11:30:00.6739+07:00 - ERROR -  - 
Exception full name: System.Runtime.InteropServices.COMException
Error status: UNKNOWN
Class name: ShellLinkReader
Calling method: retrieveDescription
Program path: C:\ProgramData\Microsoft\Windows\Start Menu\Programs\Administrative Tools\ODBC Data Sources (32-bit).lnk
InnerException number: 1
Exception message: Unexpected HRESULT has been returned from a call to a COM component.
Exception error type: HResult -2147467259
Exception thrown in called method: Void GetDescription(Windows.Win32.Foundation.PWSTR, Int32)
Possible interpretation of the error: Error caused likely due to trying to get the description of the program
Possible resolution: Not yet known
11:30:00.6739+07:00 - ERROR -  - ------------- END Flow.Launcher.Plugin.Program exception -------------
11:30:01.6087+07:00 - ERROR -  - ------------- BEGIN Flow.Launcher.Plugin.Program exception -------------
11:30:01.6087+07:00 - ERROR -  - 
Exception full name: System.Runtime.InteropServices.COMException
Error status: UNKNOWN
Class name: ShellLinkReader
Calling method: retrieveDescription
Program path: C:\Users\Tateisukan\AppData\Roaming\Microsoft\Windows\Start Menu\Programs\System Tools\computer.lnk
InnerException number: 1
Exception message: Unexpected HRESULT has been returned from a call to a COM component.
Exception error type: HResult -2147467259
Exception thrown in called method: Void GetDescription(Windows.Win32.Foundation.PWSTR, Int32)
Possible interpretation of the error: Error caused likely due to trying to get the description of the program
Possible resolution: Not yet known
11:30:01.6087+07:00 - ERROR -  - ------------- END Flow.Launcher.Plugin.Program exception -------------
11:30:01.6087+07:00 - ERROR -  - ------------- BEGIN Flow.Launcher.Plugin.Program exception -------------
11:30:01.6087+07:00 - ERROR -  - 
Exception full name: System.Runtime.InteropServices.COMException
Error status: UNKNOWN
Class name: ShellLinkReader
Calling method: retrieveDescription
Program path: C:\Users\Tateisukan\AppData\Roaming\Microsoft\Windows\Start Menu\Programs\System Tools\Control Panel.lnk
InnerException number: 1
Exception message: Unexpected HRESULT has been returned from a call to a COM component.
Exception error type: HResult -2147467259
Exception thrown in called method: Void GetDescription(Windows.Win32.Foundation.PWSTR, Int32)
Possible interpretation of the error: Error caused likely due to trying to get the description of the program
Possible resolution: Not yet known
11:30:01.6087+07:00 - ERROR -  - ------------- END Flow.Launcher.Plugin.Program exception -------------
11:30:01.6370+07:00 - ERROR -  - ------------- BEGIN Flow.Launcher.Plugin.Program exception -------------
11:30:01.6370+07:00 - ERROR -  - 
Exception full name: System.Runtime.InteropServices.COMException
Error status: UNKNOWN
Class name: ShellLinkReader
Calling method: retrieveDescription
Program path: C:\Users\Tateisukan\AppData\Roaming\Microsoft\Windows\Start Menu\Programs\System Tools\Run.lnk
InnerException number: 1
Exception message: Unexpected HRESULT has been returned from a call to a COM component.
Exception error type: HResult -2147467259
Exception thrown in called method: Void GetDescription(Windows.Win32.Foundation.PWSTR, Int32)
Possible interpretation of the error: Error caused likely due to trying to get the description of the program
Possible resolution: Not yet known
11:30:01.6370+07:00 - ERROR -  - ------------- END Flow.Launcher.Plugin.Program exception -------------
11:30:01.7857+07:00 - ERROR -  - ------------- BEGIN Flow.Launcher.Plugin.Program exception -------------
11:30:01.7857+07:00 - ERROR -  - 
Exception full name: System.Runtime.InteropServices.COMException
Error status: UNKNOWN
Class name: ShellLinkReader
Calling method: retrieveDescription
Program path: C:\ProgramData\Microsoft\Windows\Start Menu\Programs\Accessories\Windows Media Player.lnk
InnerException number: 1
Exception message: Unexpected HRESULT has been returned from a call to a COM component.
Exception error type: HResult -2147467259
Exception thrown in called method: Void GetDescription(Windows.Win32.Foundation.PWSTR, Int32)
Possible interpretation of the error: Error caused likely due to trying to get the description of the program
Possible resolution: Not yet known
11:30:01.7857+07:00 - ERROR -  - ------------- END Flow.Launcher.Plugin.Program exception -------------
11:30:01.8390+07:00 - ERROR -  - ------------- BEGIN Flow.Launcher.Plugin.Program exception -------------
11:30:01.8390+07:00 - ERROR -  - 
Exception full name: System.Runtime.InteropServices.COMException
Error status: UNKNOWN
Class name: ShellLinkReader
Calling method: retrieveDescription
Program path: C:\ProgramData\Microsoft\Windows\Start Menu\Programs\Administrative Tools\ODBC Data Sources (32-bit).lnk
InnerException number: 1
Exception message: Unexpected HRESULT has been returned from a call to a COM component.
Exception error type: HResult -2147467259
Exception thrown in called method: Void GetDescription(Windows.Win32.Foundation.PWSTR, Int32)
Possible interpretation of the error: Error caused likely due to trying to get the description of the program
Possible resolution: Not yet known
11:30:01.8390+07:00 - ERROR -  - ------------- END Flow.Launcher.Plugin.Program exception -------------
11:31:28.3947+07:00 - ERROR -  - ------------- BEGIN Flow.Launcher.Plugin.Program exception -------------
11:31:28.3947+07:00 - ERROR -  - 
Exception full name: System.Runtime.InteropServices.COMException
Error status: UNKNOWN
Class name: ShellLinkReader
Calling method: retrieveDescription
Program path: C:\Users\Tateisukan\AppData\Roaming\Microsoft\Windows\Start Menu\Programs\System Tools\computer.lnk
InnerException number: 1
Exception message: Unexpected HRESULT has been returned from a call to a COM component.
Exception error type: HResult -2147467259
Exception thrown in called method: Void GetDescription(Windows.Win32.Foundation.PWSTR, Int32)
Possible interpretation of the error: Error caused likely due to trying to get the description of the program
Possible resolution: Not yet known
11:31:28.3947+07:00 - ERROR -  - ------------- END Flow.Launcher.Plugin.Program exception -------------
11:31:28.4042+07:00 - ERROR -  - ------------- BEGIN Flow.Launcher.Plugin.Program exception -------------
11:31:28.4042+07:00 - ERROR -  - 
Exception full name: System.Runtime.InteropServices.COMException
Error status: UNKNOWN
Class name: ShellLinkReader
Calling method: retrieveDescription
Program path: C:\Users\Tateisukan\AppData\Roaming\Microsoft\Windows\Start Menu\Programs\System Tools\Control Panel.lnk
InnerException number: 1
Exception message: Unexpected HRESULT has been returned from a call to a COM component.
Exception error type: HResult -2147467259
Exception thrown in called method: Void GetDescription(Windows.Win32.Foundation.PWSTR, Int32)
Possible interpretation of the error: Error caused likely due to trying to get the description of the program
Possible resolution: Not yet known
11:31:28.4042+07:00 - ERROR -  - ------------- END Flow.Launcher.Plugin.Program exception -------------
11:31:28.4221+07:00 - ERROR -  - ------------- BEGIN Flow.Launcher.Plugin.Program exception -------------
11:31:28.4221+07:00 - ERROR -  - 
Exception full name: System.Runtime.InteropServices.COMException
Error status: UNKNOWN
Class name: ShellLinkReader
Calling method: retrieveDescription
Program path: C:\Users\Tateisukan\AppData\Roaming\Microsoft\Windows\Start Menu\Programs\System Tools\Run.lnk
InnerException number: 1
Exception message: Unexpected HRESULT has been returned from a call to a COM component.
Exception error type: HResult -2147467259
Exception thrown in called method: Void GetDescription(Windows.Win32.Foundation.PWSTR, Int32)
Possible interpretation of the error: Error caused likely due to trying to get the description of the program
Possible resolution: Not yet known
11:31:28.4221+07:00 - ERROR -  - ------------- END Flow.Launcher.Plugin.Program exception -------------
11:31:28.5663+07:00 - ERROR -  - ------------- BEGIN Flow.Launcher.Plugin.Program exception -------------
11:31:28.5663+07:00 - ERROR -  - 
Exception full name: System.Runtime.InteropServices.COMException
Error status: UNKNOWN
Class name: ShellLinkReader
Calling method: retrieveDescription
Program path: C:\ProgramData\Microsoft\Windows\Start Menu\Programs\Accessories\Windows Media Player.lnk
InnerException number: 1
Exception message: Unexpected HRESULT has been returned from a call to a COM component.
Exception error type: HResult -2147467259
Exception thrown in called method: Void GetDescription(Windows.Win32.Foundation.PWSTR, Int32)
Possible interpretation of the error: Error caused likely due to trying to get the description of the program
Possible resolution: Not yet known
11:31:28.5663+07:00 - ERROR -  - ------------- END Flow.Launcher.Plugin.Program exception -------------
11:31:28.6124+07:00 - ERROR -  - ------------- BEGIN Flow.Launcher.Plugin.Program exception -------------
11:31:28.6124+07:00 - ERROR -  - 
Exception full name: System.Runtime.InteropServices.COMException
Error status: UNKNOWN
Class name: ShellLinkReader
Calling method: retrieveDescription
Program path: C:\ProgramData\Microsoft\Windows\Start Menu\Programs\Administrative Tools\ODBC Data Sources (32-bit).lnk
InnerException number: 1
Exception message: Unexpected HRESULT has been returned from a call to a COM component.
Exception error type: HResult -2147467259
Exception thrown in called method: Void GetDescription(Windows.Win32.Foundation.PWSTR, Int32)
Possible interpretation of the error: Error caused likely due to trying to get the description of the program
Possible resolution: Not yet known
11:31:28.6124+07:00 - ERROR -  - ------------- END Flow.Launcher.Plugin.Program exception -------------
11:31:34.1433+07:00 - ERROR -  - ------------- BEGIN Flow.Launcher.Plugin.Program exception -------------
11:31:34.1433+07:00 - ERROR -  - 
Exception full name: System.Runtime.InteropServices.COMException
Error status: UNKNOWN
Class name: ShellLinkReader
Calling method: retrieveDescription
Program path: C:\Users\Tateisukan\AppData\Roaming\Microsoft\Windows\Start Menu\Programs\System Tools\computer.lnk
InnerException number: 1
Exception message: Unexpected HRESULT has been returned from a call to a COM component.
Exception error type: HResult -2147467259
Exception thrown in called method: Void GetDescription(Windows.Win32.Foundation.PWSTR, Int32)
Possible interpretation of the error: Error caused likely due to trying to get the description of the program
Possible resolution: Not yet known
11:31:34.1433+07:00 - ERROR -  - ------------- END Flow.Launcher.Plugin.Program exception -------------
11:31:34.1581+07:00 - ERROR -  - ------------- BEGIN Flow.Launcher.Plugin.Program exception -------------
11:31:34.1581+07:00 - ERROR -  - 
Exception full name: System.Runtime.InteropServices.COMException
Error status: UNKNOWN
Class name: ShellLinkReader
Calling method: retrieveDescription
Program path: C:\Users\Tateisukan\AppData\Roaming\Microsoft\Windows\Start Menu\Programs\System Tools\Control Panel.lnk
InnerException number: 1
Exception message: Unexpected HRESULT has been returned from a call to a COM component.
Exception error type: HResult -2147467259
Exception thrown in called method: Void GetDescription(Windows.Win32.Foundation.PWSTR, Int32)
Possible interpretation of the error: Error caused likely due to trying to get the description of the program
Possible resolution: Not yet known
11:31:34.1581+07:00 - ERROR -  - ------------- END Flow.Launcher.Plugin.Program exception -------------
11:31:34.1791+07:00 - ERROR -  - ------------- BEGIN Flow.Launcher.Plugin.Program exception -------------
11:31:34.1791+07:00 - ERROR -  - 
Exception full name: System.Runtime.InteropServices.COMException
Error status: UNKNOWN
Class name: ShellLinkReader
Calling method: retrieveDescription
Program path: C:\Users\Tateisukan\AppData\Roaming\Microsoft\Windows\Start Menu\Programs\System Tools\Run.lnk
InnerException number: 1
Exception message: Unexpected HRESULT has been returned from a call to a COM component.
Exception error type: HResult -2147467259
Exception thrown in called method: Void GetDescription(Windows.Win32.Foundation.PWSTR, Int32)
Possible interpretation of the error: Error caused likely due to trying to get the description of the program
Possible resolution: Not yet known
11:31:34.1791+07:00 - ERROR -  - ------------- END Flow.Launcher.Plugin.Program exception -------------
11:31:34.3144+07:00 - ERROR -  - ------------- BEGIN Flow.Launcher.Plugin.Program exception -------------
11:31:34.3144+07:00 - ERROR -  - 
Exception full name: System.Runtime.InteropServices.COMException
Error status: UNKNOWN
Class name: ShellLinkReader
Calling method: retrieveDescription
Program path: C:\ProgramData\Microsoft\Windows\Start Menu\Programs\Accessories\Windows Media Player.lnk
InnerException number: 1
Exception message: Unexpected HRESULT has been returned from a call to a COM component.
Exception error type: HResult -2147467259
Exception thrown in called method: Void GetDescription(Windows.Win32.Foundation.PWSTR, Int32)
Possible interpretation of the error: Error caused likely due to trying to get the description of the program
Possible resolution: Not yet known
11:31:34.3144+07:00 - ERROR -  - ------------- END Flow.Launcher.Plugin.Program exception -------------
11:31:34.3654+07:00 - ERROR -  - ------------- BEGIN Flow.Launcher.Plugin.Program exception -------------
11:31:34.3654+07:00 - ERROR -  - 
Exception full name: System.Runtime.InteropServices.COMException
Error status: UNKNOWN
Class name: ShellLinkReader
Calling method: retrieveDescription
Program path: C:\ProgramData\Microsoft\Windows\Start Menu\Programs\Administrative Tools\ODBC Data Sources (32-bit).lnk
InnerException number: 1
Exception message: Unexpected HRESULT has been returned from a call to a COM component.
Exception error type: HResult -2147467259
Exception thrown in called method: Void GetDescription(Windows.Win32.Foundation.PWSTR, Int32)
Possible interpretation of the error: Error caused likely due to trying to get the description of the program
Possible resolution: Not yet known
11:31:34.3654+07:00 - ERROR -  - ------------- END Flow.Launcher.Plugin.Program exception -------------
11:31:35.5538+07:00 - ERROR -  - ------------- BEGIN Flow.Launcher.Plugin.Program exception -------------
11:31:35.5538+07:00 - ERROR -  - 
Exception full name: System.Runtime.InteropServices.COMException
Error status: UNKNOWN
Class name: ShellLinkReader
Calling method: retrieveDescription
Program path: C:\Users\Tateisukan\AppData\Roaming\Microsoft\Windows\Start Menu\Programs\System Tools\computer.lnk
InnerException number: 1
Exception message: Unexpected HRESULT has been returned from a call to a COM component.
Exception error type: HResult -2147467259
Exception thrown in called method: Void GetDescription(Windows.Win32.Foundation.PWSTR, Int32)
Possible interpretation of the error: Error caused likely due to trying to get the description of the program
Possible resolution: Not yet known
11:31:35.5538+07:00 - ERROR -  - ------------- END Flow.Launcher.Plugin.Program exception -------------
11:31:35.5643+07:00 - ERROR -  - ------------- BEGIN Flow.Launcher.Plugin.Program exception -------------
11:31:35.5643+07:00 - ERROR -  - 
Exception full name: System.Runtime.InteropServices.COMException
Error status: UNKNOWN
Class name: ShellLinkReader
Calling method: retrieveDescription
Program path: C:\Users\Tateisukan\AppData\Roaming\Microsoft\Windows\Start Menu\Programs\System Tools\Control Panel.lnk
InnerException number: 1
Exception message: Unexpected HRESULT has been returned from a call to a COM component.
Exception error type: HResult -2147467259
Exception thrown in called method: Void GetDescription(Windows.Win32.Foundation.PWSTR, Int32)
Possible interpretation of the error: Error caused likely due to trying to get the description of the program
Possible resolution: Not yet known
11:31:35.5643+07:00 - ERROR -  - ------------- END Flow.Launcher.Plugin.Program exception -------------
11:31:35.5837+07:00 - ERROR -  - ------------- BEGIN Flow.Launcher.Plugin.Program exception -------------
11:31:35.5837+07:00 - ERROR -  - 
Exception full name: System.Runtime.InteropServices.COMException
Error status: UNKNOWN
Class name: ShellLinkReader
Calling method: retrieveDescription
Program path: C:\Users\Tateisukan\AppData\Roaming\Microsoft\Windows\Start Menu\Programs\System Tools\Run.lnk
InnerException number: 1
Exception message: Unexpected HRESULT has been returned from a call to a COM component.
Exception error type: HResult -2147467259
Exception thrown in called method: Void GetDescription(Windows.Win32.Foundation.PWSTR, Int32)
Possible interpretation of the error: Error caused likely due to trying to get the description of the program
Possible resolution: Not yet known
11:31:35.5837+07:00 - ERROR -  - ------------- END Flow.Launcher.Plugin.Program exception -------------
11:31:35.7244+07:00 - ERROR -  - ------------- BEGIN Flow.Launcher.Plugin.Program exception -------------
11:31:35.7244+07:00 - ERROR -  - 
Exception full name: System.Runtime.InteropServices.COMException
Error status: UNKNOWN
Class name: ShellLinkReader
Calling method: retrieveDescription
Program path: C:\ProgramData\Microsoft\Windows\Start Menu\Programs\Accessories\Windows Media Player.lnk
InnerException number: 1
Exception message: Unexpected HRESULT has been returned from a call to a COM component.
Exception error type: HResult -2147467259
Exception thrown in called method: Void GetDescription(Windows.Win32.Foundation.PWSTR, Int32)
Possible interpretation of the error: Error caused likely due to trying to get the description of the program
Possible resolution: Not yet known
11:31:35.7244+07:00 - ERROR -  - ------------- END Flow.Launcher.Plugin.Program exception -------------
11:31:35.7674+07:00 - ERROR -  - ------------- BEGIN Flow.Launcher.Plugin.Program exception -------------
11:31:35.7674+07:00 - ERROR -  - 
Exception full name: System.Runtime.InteropServices.COMException
Error status: UNKNOWN
Class name: ShellLinkReader
Calling method: retrieveDescription
Program path: C:\ProgramData\Microsoft\Windows\Start Menu\Programs\Administrative Tools\ODBC Data Sources (32-bit).lnk
InnerException number: 1
Exception message: Unexpected HRESULT has been returned from a call to a COM component.
Exception error type: HResult -2147467259
Exception thrown in called method: Void GetDescription(Windows.Win32.Foundation.PWSTR, Int32)
Possible interpretation of the error: Error caused likely due to trying to get the description of the program
Possible resolution: Not yet known
11:31:35.7674+07:00 - ERROR -  - ------------- END Flow.Launcher.Plugin.Program exception -------------
11:31:52.6901+07:00 - ERROR -  - ------------- BEGIN Flow.Launcher.Plugin.Program exception -------------
11:31:52.6901+07:00 - ERROR -  - 
Exception full name: System.Runtime.InteropServices.COMException
Error status: UNKNOWN
Class name: ShellLinkReader
Calling method: retrieveDescription
Program path: C:\Users\Tateisukan\AppData\Roaming\Microsoft\Windows\Start Menu\Programs\System Tools\computer.lnk
InnerException number: 1
Exception message: Unexpected HRESULT has been returned from a call to a COM component.
Exception error type: HResult -2147467259
Exception thrown in called method: Void GetDescription(Windows.Win32.Foundation.PWSTR, Int32)
Possible interpretation of the error: Error caused likely due to trying to get the description of the program
Possible resolution: Not yet known
11:31:52.6901+07:00 - ERROR -  - ------------- END Flow.Launcher.Plugin.Program exception -------------
11:31:52.6988+07:00 - ERROR -  - ------------- BEGIN Flow.Launcher.Plugin.Program exception -------------
11:31:52.6988+07:00 - ERROR -  - 
Exception full name: System.Runtime.InteropServices.COMException
Error status: UNKNOWN
Class name: ShellLinkReader
Calling method: retrieveDescription
Program path: C:\Users\Tateisukan\AppData\Roaming\Microsoft\Windows\Start Menu\Programs\System Tools\Control Panel.lnk
InnerException number: 1
Exception message: Unexpected HRESULT has been returned from a call to a COM component.
Exception error type: HResult -2147467259
Exception thrown in called method: Void GetDescription(Windows.Win32.Foundation.PWSTR, Int32)
Possible interpretation of the error: Error caused likely due to trying to get the description of the program
Possible resolution: Not yet known
11:31:52.6988+07:00 - ERROR -  - ------------- END Flow.Launcher.Plugin.Program exception -------------
11:31:52.7153+07:00 - ERROR -  - ------------- BEGIN Flow.Launcher.Plugin.Program exception -------------
11:31:52.7153+07:00 - ERROR -  - 
Exception full name: System.Runtime.InteropServices.COMException
Error status: UNKNOWN
Class name: ShellLinkReader
Calling method: retrieveDescription
Program path: C:\Users\Tateisukan\AppData\Roaming\Microsoft\Windows\Start Menu\Programs\System Tools\Run.lnk
InnerException number: 1
Exception message: Unexpected HRESULT has been returned from a call to a COM component.
Exception error type: HResult -2147467259
Exception thrown in called method: Void GetDescription(Windows.Win32.Foundation.PWSTR, Int32)
Possible interpretation of the error: Error caused likely due to trying to get the description of the program
Possible resolution: Not yet known
11:31:52.7153+07:00 - ERROR -  - ------------- END Flow.Launcher.Plugin.Program exception -------------
11:31:52.8315+07:00 - ERROR -  - ------------- BEGIN Flow.Launcher.Plugin.Program exception -------------
11:31:52.8315+07:00 - ERROR -  - 
Exception full name: System.Runtime.InteropServices.COMException
Error status: UNKNOWN
Class name: ShellLinkReader
Calling method: retrieveDescription
Program path: C:\ProgramData\Microsoft\Windows\Start Menu\Programs\Accessories\Windows Media Player.lnk
InnerException number: 1
Exception message: Unexpected HRESULT has been returned from a call to a COM component.
Exception error type: HResult -2147467259
Exception thrown in called method: Void GetDescription(Windows.Win32.Foundation.PWSTR, Int32)
Possible interpretation of the error: Error caused likely due to trying to get the description of the program
Possible resolution: Not yet known
11:31:52.8315+07:00 - ERROR -  - ------------- END Flow.Launcher.Plugin.Program exception -------------
11:31:52.8868+07:00 - ERROR -  - ------------- BEGIN Flow.Launcher.Plugin.Program exception -------------
11:31:52.8868+07:00 - ERROR -  - 
Exception full name: System.Runtime.InteropServices.COMException
Error status: UNKNOWN
Class name: ShellLinkReader
Calling method: retrieveDescription
Program path: C:\ProgramData\Microsoft\Windows\Start Menu\Programs\Administrative Tools\ODBC Data Sources (32-bit).lnk
InnerException number: 1
Exception message: Unexpected HRESULT has been returned from a call to a COM component.
Exception error type: HResult -2147467259
Exception thrown in called method: Void GetDescription(Windows.Win32.Foundation.PWSTR, Int32)
Possible interpretation of the error: Error caused likely due to trying to get the description of the program
Possible resolution: Not yet known
11:31:52.8868+07:00 - ERROR -  - ------------- END Flow.Launcher.Plugin.Program exception -------------
11:31:53.0583+07:00 - INFO  - Main.IndexProgramsAsync - UWPProgram index cost <788ms>
11:31:53.0583+07:00 - INFO  - Main.IndexProgramsAsync - Win32Program index cost <789ms>
11:32:19.2047+07:00 - ERROR -  - ------------- BEGIN Flow.Launcher.Plugin.Program exception -------------
11:32:19.2047+07:00 - ERROR -  - 
Exception full name: System.Runtime.InteropServices.COMException
Error status: UNKNOWN
Class name: ShellLinkReader
Calling method: retrieveDescription
Program path: C:\Users\Tateisukan\AppData\Roaming\Microsoft\Windows\Start Menu\Programs\System Tools\computer.lnk
InnerException number: 1
Exception message: Unexpected HRESULT has been returned from a call to a COM component.
Exception error type: HResult -2147467259
Exception thrown in called method: Void GetDescription(Windows.Win32.Foundation.PWSTR, Int32)
Possible interpretation of the error: Error caused likely due to trying to get the description of the program
Possible resolution: Not yet known
11:32:19.2047+07:00 - ERROR -  - ------------- END Flow.Launcher.Plugin.Program exception -------------
11:32:19.2145+07:00 - ERROR -  - ------------- BEGIN Flow.Launcher.Plugin.Program exception -------------
11:32:19.2145+07:00 - ERROR -  - 
Exception full name: System.Runtime.InteropServices.COMException
Error status: UNKNOWN
Class name: ShellLinkReader
Calling method: retrieveDescription
Program path: C:\Users\Tateisukan\AppData\Roaming\Microsoft\Windows\Start Menu\Programs\System Tools\Control Panel.lnk
InnerException number: 1
Exception message: Unexpected HRESULT has been returned from a call to a COM component.
Exception error type: HResult -2147467259
Exception thrown in called method: Void GetDescription(Windows.Win32.Foundation.PWSTR, Int32)
Possible interpretation of the error: Error caused likely due to trying to get the description of the program
Possible resolution: Not yet known
11:32:19.2145+07:00 - ERROR -  - ------------- END Flow.Launcher.Plugin.Program exception -------------
11:32:19.2331+07:00 - ERROR -  - ------------- BEGIN Flow.Launcher.Plugin.Program exception -------------
11:32:19.2331+07:00 - ERROR -  - 
Exception full name: System.Runtime.InteropServices.COMException
Error status: UNKNOWN
Class name: ShellLinkReader
Calling method: retrieveDescription
Program path: C:\Users\Tateisukan\AppData\Roaming\Microsoft\Windows\Start Menu\Programs\System Tools\Run.lnk
InnerException number: 1
Exception message: Unexpected HRESULT has been returned from a call to a COM component.
Exception error type: HResult -2147467259
Exception thrown in called method: Void GetDescription(Windows.Win32.Foundation.PWSTR, Int32)
Possible interpretation of the error: Error caused likely due to trying to get the description of the program
Possible resolution: Not yet known
11:32:19.2331+07:00 - ERROR -  - ------------- END Flow.Launcher.Plugin.Program exception -------------
11:32:19.3714+07:00 - ERROR -  - ------------- BEGIN Flow.Launcher.Plugin.Program exception -------------
11:32:19.3714+07:00 - ERROR -  - 
Exception full name: System.Runtime.InteropServices.COMException
Error status: UNKNOWN
Class name: ShellLinkReader
Calling method: retrieveDescription
Program path: C:\ProgramData\Microsoft\Windows\Start Menu\Programs\Accessories\Windows Media Player.lnk
InnerException number: 1
Exception message: Unexpected HRESULT has been returned from a call to a COM component.
Exception error type: HResult -2147467259
Exception thrown in called method: Void GetDescription(Windows.Win32.Foundation.PWSTR, Int32)
Possible interpretation of the error: Error caused likely due to trying to get the description of the program
Possible resolution: Not yet known
11:32:19.3714+07:00 - ERROR -  - ------------- END Flow.Launcher.Plugin.Program exception -------------
11:32:19.4229+07:00 - ERROR -  - ------------- BEGIN Flow.Launcher.Plugin.Program exception -------------
11:32:19.4229+07:00 - ERROR -  - 
Exception full name: System.Runtime.InteropServices.COMException
Error status: UNKNOWN
Class name: ShellLinkReader
Calling method: retrieveDescription
Program path: C:\ProgramData\Microsoft\Windows\Start Menu\Programs\Administrative Tools\ODBC Data Sources (32-bit).lnk
InnerException number: 1
Exception message: Unexpected HRESULT has been returned from a call to a COM component.
Exception error type: HResult -2147467259
Exception thrown in called method: Void GetDescription(Windows.Win32.Foundation.PWSTR, Int32)
Possible interpretation of the error: Error caused likely due to trying to get the description of the program
Possible resolution: Not yet known
11:32:19.4229+07:00 - ERROR -  - ------------- END Flow.Launcher.Plugin.Program exception -------------
11:32:57.1612+07:00 - ERROR -  - ------------- BEGIN Flow.Launcher.Plugin.Program exception -------------
11:32:57.1612+07:00 - ERROR -  - 
Exception full name: System.Runtime.InteropServices.COMException
Error status: UNKNOWN
Class name: ShellLinkReader
Calling method: retrieveDescription
Program path: C:\Users\Tateisukan\AppData\Roaming\Microsoft\Windows\Start Menu\Programs\System Tools\computer.lnk
InnerException number: 1
Exception message: Unexpected HRESULT has been returned from a call to a COM component.
Exception error type: HResult -2147467259
Exception thrown in called method: Void GetDescription(Windows.Win32.Foundation.PWSTR, Int32)
Possible interpretation of the error: Error caused likely due to trying to get the description of the program
Possible resolution: Not yet known
11:32:57.1612+07:00 - ERROR -  - ------------- END Flow.Launcher.Plugin.Program exception -------------
11:32:57.1704+07:00 - ERROR -  - ------------- BEGIN Flow.Launcher.Plugin.Program exception -------------
11:32:57.1704+07:00 - ERROR -  - 
Exception full name: System.Runtime.InteropServices.COMException
Error status: UNKNOWN
Class name: ShellLinkReader
Calling method: retrieveDescription
Program path: C:\Users\Tateisukan\AppData\Roaming\Microsoft\Windows\Start Menu\Programs\System Tools\Control Panel.lnk
InnerException number: 1
Exception message: Unexpected HRESULT has been returned from a call to a COM component.
Exception error type: HResult -2147467259
Exception thrown in called method: Void GetDescription(Windows.Win32.Foundation.PWSTR, Int32)
Possible interpretation of the error: Error caused likely due to trying to get the description of the program
Possible resolution: Not yet known
11:32:57.1704+07:00 - ERROR -  - ------------- END Flow.Launcher.Plugin.Program exception -------------
11:32:57.1986+07:00 - ERROR -  - ------------- BEGIN Flow.Launcher.Plugin.Program exception -------------
11:32:57.1986+07:00 - ERROR -  - 
Exception full name: System.Runtime.InteropServices.COMException
Error status: UNKNOWN
Class name: ShellLinkReader
Calling method: retrieveDescription
Program path: C:\Users\Tateisukan\AppData\Roaming\Microsoft\Windows\Start Menu\Programs\System Tools\Run.lnk
InnerException number: 1
Exception message: Unexpected HRESULT has been returned from a call to a COM component.
Exception error type: HResult -2147467259
Exception thrown in called method: Void GetDescription(Windows.Win32.Foundation.PWSTR, Int32)
Possible interpretation of the error: Error caused likely due to trying to get the description of the program
Possible resolution: Not yet known
11:32:57.1986+07:00 - ERROR -  - ------------- END Flow.Launcher.Plugin.Program exception -------------
11:32:57.3295+07:00 - ERROR -  - ------------- BEGIN Flow.Launcher.Plugin.Program exception -------------
11:32:57.3295+07:00 - ERROR -  - 
Exception full name: System.Runtime.InteropServices.COMException
Error status: UNKNOWN
Class name: ShellLinkReader
Calling method: retrieveDescription
Program path: C:\ProgramData\Microsoft\Windows\Start Menu\Programs\Accessories\Windows Media Player.lnk
InnerException number: 1
Exception message: Unexpected HRESULT has been returned from a call to a COM component.
Exception error type: HResult -2147467259
Exception thrown in called method: Void GetDescription(Windows.Win32.Foundation.PWSTR, Int32)
Possible interpretation of the error: Error caused likely due to trying to get the description of the program
Possible resolution: Not yet known
11:32:57.3295+07:00 - ERROR -  - ------------- END Flow.Launcher.Plugin.Program exception -------------
11:32:57.3713+07:00 - ERROR -  - ------------- BEGIN Flow.Launcher.Plugin.Program exception -------------
11:32:57.3713+07:00 - ERROR -  - 
Exception full name: System.Runtime.InteropServices.COMException
Error status: UNKNOWN
Class name: ShellLinkReader
Calling method: retrieveDescription
Program path: C:\ProgramData\Microsoft\Windows\Start Menu\Programs\Administrative Tools\ODBC Data Sources (32-bit).lnk
InnerException number: 1
Exception message: Unexpected HRESULT has been returned from a call to a COM component.
Exception error type: HResult -2147467259
Exception thrown in called method: Void GetDescription(Windows.Win32.Foundation.PWSTR, Int32)
Possible interpretation of the error: Error caused likely due to trying to get the description of the program
Possible resolution: Not yet known
11:32:57.3713+07:00 - ERROR -  - ------------- END Flow.Launcher.Plugin.Program exception -------------
11:33:10.4266+07:00 - ERROR -  - ------------- BEGIN Flow.Launcher.Plugin.Program exception -------------
11:33:10.4266+07:00 - ERROR -  - 
Exception full name: System.Runtime.InteropServices.COMException
Error status: UNKNOWN
Class name: ShellLinkReader
Calling method: retrieveDescription
Program path: C:\Users\Tateisukan\AppData\Roaming\Microsoft\Windows\Start Menu\Programs\System Tools\computer.lnk
InnerException number: 1
Exception message: Unexpected HRESULT has been returned from a call to a COM component.
Exception error type: HResult -2147467259
Exception thrown in called method: Void GetDescription(Windows.Win32.Foundation.PWSTR, Int32)
Possible interpretation of the error: Error caused likely due to trying to get the description of the program
Possible resolution: Not yet known
11:33:10.4266+07:00 - ERROR -  - ------------- END Flow.Launcher.Plugin.Program exception -------------
11:33:10.4370+07:00 - ERROR -  - ------------- BEGIN Flow.Launcher.Plugin.Program exception -------------
11:33:10.4370+07:00 - ERROR -  - 
Exception full name: System.Runtime.InteropServices.COMException
Error status: UNKNOWN
Class name: ShellLinkReader
Calling method: retrieveDescription
Program path: C:\Users\Tateisukan\AppData\Roaming\Microsoft\Windows\Start Menu\Programs\System Tools\Control Panel.lnk
InnerException number: 1
Exception message: Unexpected HRESULT has been returned from a call to a COM component.
Exception error type: HResult -2147467259
Exception thrown in called method: Void GetDescription(Windows.Win32.Foundation.PWSTR, Int32)
Possible interpretation of the error: Error caused likely due to trying to get the description of the program
Possible resolution: Not yet known
11:33:10.4370+07:00 - ERROR -  - ------------- END Flow.Launcher.Plugin.Program exception -------------
11:33:10.4563+07:00 - ERROR -  - ------------- BEGIN Flow.Launcher.Plugin.Program exception -------------
11:33:10.4563+07:00 - ERROR -  - 
Exception full name: System.Runtime.InteropServices.COMException
Error status: UNKNOWN
Class name: ShellLinkReader
Calling method: retrieveDescription
Program path: C:\Users\Tateisukan\AppData\Roaming\Microsoft\Windows\Start Menu\Programs\System Tools\Run.lnk
InnerException number: 1
Exception message: Unexpected HRESULT has been returned from a call to a COM component.
Exception error type: HResult -2147467259
Exception thrown in called method: Void GetDescription(Windows.Win32.Foundation.PWSTR, Int32)
Possible interpretation of the error: Error caused likely due to trying to get the description of the program
Possible resolution: Not yet known
11:33:10.4563+07:00 - ERROR -  - ------------- END Flow.Launcher.Plugin.Program exception -------------
11:33:10.5779+07:00 - ERROR -  - ------------- BEGIN Flow.Launcher.Plugin.Program exception -------------
11:33:10.5779+07:00 - ERROR -  - 
Exception full name: System.Runtime.InteropServices.COMException
Error status: UNKNOWN
Class name: ShellLinkReader
Calling method: retrieveDescription
Program path: C:\ProgramData\Microsoft\Windows\Start Menu\Programs\Accessories\Windows Media Player.lnk
InnerException number: 1
Exception message: Unexpected HRESULT has been returned from a call to a COM component.
Exception error type: HResult -2147467259
Exception thrown in called method: Void GetDescription(Windows.Win32.Foundation.PWSTR, Int32)
Possible interpretation of the error: Error caused likely due to trying to get the description of the program
Possible resolution: Not yet known
11:33:10.5779+07:00 - ERROR -  - ------------- END Flow.Launcher.Plugin.Program exception -------------
11:33:10.6191+07:00 - ERROR -  - ------------- BEGIN Flow.Launcher.Plugin.Program exception -------------
11:33:10.6191+07:00 - ERROR -  - 
Exception full name: System.Runtime.InteropServices.COMException
Error status: UNKNOWN
Class name: ShellLinkReader
Calling method: retrieveDescription
Program path: C:\ProgramData\Microsoft\Windows\Start Menu\Programs\Administrative Tools\ODBC Data Sources (32-bit).lnk
InnerException number: 1
Exception message: Unexpected HRESULT has been returned from a call to a COM component.
Exception error type: HResult -2147467259
Exception thrown in called method: Void GetDescription(Windows.Win32.Foundation.PWSTR, Int32)
Possible interpretation of the error: Error caused likely due to trying to get the description of the program
Possible resolution: Not yet known
11:33:10.6191+07:00 - ERROR -  - ------------- END Flow.Launcher.Plugin.Program exception -------------
11:33:16.3831+07:00 - ERROR -  - ------------- BEGIN Flow.Launcher.Plugin.Program exception -------------
11:33:16.3831+07:00 - ERROR -  - 
Exception full name: System.Runtime.InteropServices.COMException
Error status: UNKNOWN
Class name: ShellLinkReader
Calling method: retrieveDescription
Program path: C:\Users\Tateisukan\AppData\Roaming\Microsoft\Windows\Start Menu\Programs\System Tools\computer.lnk
InnerException number: 1
Exception message: Unexpected HRESULT has been returned from a call to a COM component.
Exception error type: HResult -2147467259
Exception thrown in called method: Void GetDescription(Windows.Win32.Foundation.PWSTR, Int32)
Possible interpretation of the error: Error caused likely due to trying to get the description of the program
Possible resolution: Not yet known
11:33:16.3831+07:00 - ERROR -  - ------------- END Flow.Launcher.Plugin.Program exception -------------
11:33:16.3996+07:00 - ERROR -  - ------------- BEGIN Flow.Launcher.Plugin.Program exception -------------
11:33:16.3996+07:00 - ERROR -  - 
Exception full name: System.Runtime.InteropServices.COMException
Error status: UNKNOWN
Class name: ShellLinkReader
Calling method: retrieveDescription
Program path: C:\Users\Tateisukan\AppData\Roaming\Microsoft\Windows\Start Menu\Programs\System Tools\Control Panel.lnk
InnerException number: 1
Exception message: Unexpected HRESULT has been returned from a call to a COM component.
Exception error type: HResult -2147467259
Exception thrown in called method: Void GetDescription(Windows.Win32.Foundation.PWSTR, Int32)
Possible interpretation of the error: Error caused likely due to trying to get the description of the program
Possible resolution: Not yet known
11:33:16.3996+07:00 - ERROR -  - ------------- END Flow.Launcher.Plugin.Program exception -------------
11:33:16.4359+07:00 - ERROR -  - ------------- BEGIN Flow.Launcher.Plugin.Program exception -------------
11:33:16.4359+07:00 - ERROR -  - 
Exception full name: System.Runtime.InteropServices.COMException
Error status: UNKNOWN
Class name: ShellLinkReader
Calling method: retrieveDescription
Program path: C:\Users\Tateisukan\AppData\Roaming\Microsoft\Windows\Start Menu\Programs\System Tools\Run.lnk
InnerException number: 1
Exception message: Unexpected HRESULT has been returned from a call to a COM component.
Exception error type: HResult -2147467259
Exception thrown in called method: Void GetDescription(Windows.Win32.Foundation.PWSTR, Int32)
Possible interpretation of the error: Error caused likely due to trying to get the description of the program
Possible resolution: Not yet known
11:33:16.4359+07:00 - ERROR -  - ------------- END Flow.Launcher.Plugin.Program exception -------------
11:33:16.6516+07:00 - ERROR -  - ------------- BEGIN Flow.Launcher.Plugin.Program exception -------------
11:33:16.6516+07:00 - ERROR -  - 
Exception full name: System.Runtime.InteropServices.COMException
Error status: UNKNOWN
Class name: ShellLinkReader
Calling method: retrieveDescription
Program path: C:\ProgramData\Microsoft\Windows\Start Menu\Programs\Accessories\Windows Media Player.lnk
InnerException number: 1
Exception message: Unexpected HRESULT has been returned from a call to a COM component.
Exception error type: HResult -2147467259
Exception thrown in called method: Void GetDescription(Windows.Win32.Foundation.PWSTR, Int32)
Possible interpretation of the error: Error caused likely due to trying to get the description of the program
Possible resolution: Not yet known
11:33:16.6516+07:00 - ERROR -  - ------------- END Flow.Launcher.Plugin.Program exception -------------
11:33:16.7213+07:00 - ERROR -  - ------------- BEGIN Flow.Launcher.Plugin.Program exception -------------
11:33:16.7213+07:00 - ERROR -  - 
Exception full name: System.Runtime.InteropServices.COMException
Error status: UNKNOWN
Class name: ShellLinkReader
Calling method: retrieveDescription
Program path: C:\ProgramData\Microsoft\Windows\Start Menu\Programs\Administrative Tools\ODBC Data Sources (32-bit).lnk
InnerException number: 1
Exception message: Unexpected HRESULT has been returned from a call to a COM component.
Exception error type: HResult -2147467259
Exception thrown in called method: Void GetDescription(Windows.Win32.Foundation.PWSTR, Int32)
Possible interpretation of the error: Error caused likely due to trying to get the description of the program
Possible resolution: Not yet known
11:33:16.7213+07:00 - ERROR -  - ------------- END Flow.Launcher.Plugin.Program exception -------------
11:37:38.7621+07:00 - ERROR -  - ------------- BEGIN Flow.Launcher.Plugin.Program exception -------------
11:37:38.7621+07:00 - ERROR -  - 
Exception full name: System.Runtime.InteropServices.COMException
Error status: UNKNOWN
Class name: ShellLinkReader
Calling method: retrieveDescription
Program path: C:\Users\Tateisukan\AppData\Roaming\Microsoft\Windows\Start Menu\Programs\System Tools\computer.lnk
InnerException number: 1
Exception message: Unexpected HRESULT has been returned from a call to a COM component.
Exception error type: HResult -2147467259
Exception thrown in called method: Void GetDescription(Windows.Win32.Foundation.PWSTR, Int32)
Possible interpretation of the error: Error caused likely due to trying to get the description of the program
Possible resolution: Not yet known
11:37:38.7621+07:00 - ERROR -  - ------------- END Flow.Launcher.Plugin.Program exception -------------
11:37:38.7712+07:00 - ERROR -  - ------------- BEGIN Flow.Launcher.Plugin.Program exception -------------
11:37:38.7712+07:00 - ERROR -  - 
Exception full name: System.Runtime.InteropServices.COMException
Error status: UNKNOWN
Class name: ShellLinkReader
Calling method: retrieveDescription
Program path: C:\Users\Tateisukan\AppData\Roaming\Microsoft\Windows\Start Menu\Programs\System Tools\Control Panel.lnk
InnerException number: 1
Exception message: Unexpected HRESULT has been returned from a call to a COM component.
Exception error type: HResult -2147467259
Exception thrown in called method: Void GetDescription(Windows.Win32.Foundation.PWSTR, Int32)
Possible interpretation of the error: Error caused likely due to trying to get the description of the program
Possible resolution: Not yet known
11:37:38.7712+07:00 - ERROR -  - ------------- END Flow.Launcher.Plugin.Program exception -------------
11:37:38.7968+07:00 - ERROR -  - ------------- BEGIN Flow.Launcher.Plugin.Program exception -------------
11:37:38.7968+07:00 - ERROR -  - 
Exception full name: System.Runtime.InteropServices.COMException
Error status: UNKNOWN
Class name: ShellLinkReader
Calling method: retrieveDescription
Program path: C:\Users\Tateisukan\AppData\Roaming\Microsoft\Windows\Start Menu\Programs\System Tools\Run.lnk
InnerException number: 1
Exception message: Unexpected HRESULT has been returned from a call to a COM component.
Exception error type: HResult -2147467259
Exception thrown in called method: Void GetDescription(Windows.Win32.Foundation.PWSTR, Int32)
Possible interpretation of the error: Error caused likely due to trying to get the description of the program
Possible resolution: Not yet known
11:37:38.7968+07:00 - ERROR -  - ------------- END Flow.Launcher.Plugin.Program exception -------------
11:37:38.9209+07:00 - ERROR -  - ------------- BEGIN Flow.Launcher.Plugin.Program exception -------------
11:37:38.9209+07:00 - ERROR -  - 
Exception full name: System.Runtime.InteropServices.COMException
Error status: UNKNOWN
Class name: ShellLinkReader
Calling method: retrieveDescription
Program path: C:\ProgramData\Microsoft\Windows\Start Menu\Programs\Accessories\Windows Media Player.lnk
InnerException number: 1
Exception message: Unexpected HRESULT has been returned from a call to a COM component.
Exception error type: HResult -2147467259
Exception thrown in called method: Void GetDescription(Windows.Win32.Foundation.PWSTR, Int32)
Possible interpretation of the error: Error caused likely due to trying to get the description of the program
Possible resolution: Not yet known
11:37:38.9209+07:00 - ERROR -  - ------------- END Flow.Launcher.Plugin.Program exception -------------
11:37:45.9648+07:00 - INFO  - App.RegisterExitEvents - Session Ending
11:38:11.3002+07:00 - INFO  - App.OnStartup - Begin Flow Launcher startup ----------------------------------------------------
11:38:11.3002+07:00 - INFO  - App.OnStartup - Runtime info:
Flow Launcher version: 2.1.3
OS Version: 19044.7663
IntPtr Length: 8
x64: True
11:38:11.3336+07:00 - INFO  - CommunityPluginSource.FetchAsync - Loading plugins from https://fastly.jsdelivr.net/gh/Flow-Launcher/Flow.Launcher.PluginsManifest@main/plugins.json
11:38:11.3897+07:00 - INFO  - CommunityPluginSource.FetchAsync - Loading plugins from https://gcore.jsdelivr.net/gh/Flow-Launcher/Flow.Launcher.PluginsManifest@main/plugins.json
11:38:11.3897+07:00 - INFO  - CommunityPluginSource.FetchAsync - Loading plugins from https://cdn.jsdelivr.net/gh/Flow-Launcher/Flow.Launcher.PluginsManifest@main/plugins.json
11:38:11.3897+07:00 - INFO  - CommunityPluginSource.FetchAsync - Loading plugins from https://raw.githubusercontent.com/Flow-Launcher/Flow.Launcher.PluginsManifest/main/plugins.json
11:38:11.4805+07:00 - INFO  - ImageLoader.InitializeAsync - Preload images cost <5ms>
11:38:11.4895+07:00 - INFO  - ImageLoader.InitializeAsync - Number of preload images is <4>, Images Number: 4, Unique Items 4
11:38:12.4496+07:00 - INFO  - CommunityPluginSource.FetchAsync - Loaded 354 plugins from https://raw.githubusercontent.com/Flow-Launcher/Flow.Launcher.PluginsManifest/main/plugins.json
11:38:15.9535+07:00 - INFO  - App.OnStartup - End Flow Launcher startup ------------------------------------------------------
11:38:15.9535+07:00 - INFO  - App.OnStartup - Begin plugin initialization ----------------------------------------------------
11:38:16.0121+07:00 - INFO  - PluginManager.InitializePluginsAsync - Total init cost for <Plugin Indicator> is <3ms>
11:38:16.0121+07:00 - INFO  - App.OnStartup - Startup cost <4930ms>
11:38:16.0121+07:00 - INFO  - PluginManager.InitializePluginsAsync - Total init cost for <Plugins Manager> is <5ms>
11:38:16.0184+07:00 - INFO  - PluginManager.InitializePluginsAsync - Total init cost for <URL> is <18ms>
11:38:16.0184+07:00 - INFO  - PluginManager.InitializePluginsAsync - Total init cost for <Web Searches> is <17ms>
11:38:16.0334+07:00 - INFO  - PluginManager.InitializePluginsAsync - Total init cost for <Shell> is <26ms>
11:38:16.0334+07:00 - INFO  - PluginManager.InitializePluginsAsync - Total init cost for <Process Killer> is <14ms>
11:38:16.0334+07:00 - INFO  - PluginManager.InitializePluginsAsync - Total init cost for <System Commands> is <33ms>
11:38:16.0334+07:00 - INFO  - PluginManager.InitializePluginsAsync - Total init cost for <Calculator> is <38ms>
11:38:16.0334+07:00 - INFO  - PluginManager.InitializePluginsAsync - Total init cost for <Windows Settings> is <39ms>
11:38:16.0532+07:00 - INFO  - PluginManager.InitializePluginsAsync - Total init cost for <Browser Bookmarks> is <46ms>
11:38:16.0737+07:00 - INFO  - Main.InitAsync - Preload programs cost <26ms>
11:38:16.0737+07:00 - INFO  - Main.InitAsync - Number of preload win32 programs <75>
11:38:16.0737+07:00 - INFO  - Main.InitAsync - Number of preload uwps <6>
11:38:16.0895+07:00 - INFO  - PluginManager.InitializePluginsAsync - Total init cost for <Explorer> is <85ms>
11:38:16.0895+07:00 - INFO  - PluginManager.InitializePluginsAsync - Total init cost for <Program> is <96ms>
11:38:16.2764+07:00 - INFO  - App.OnStartup - End plugin initialization ------------------------------------------------------
11:38:16.2764+07:00 - INFO  - App.OnStartup - Startup cost <323ms>
11:39:04.1953+07:00 - ERROR -  - ------------- BEGIN Flow.Launcher.Plugin.Program exception -------------
11:39:04.1953+07:00 - ERROR -  - 
Exception full name: System.Runtime.InteropServices.COMException
Error status: UNKNOWN
Class name: ShellLinkReader
Calling method: retrieveDescription
Program path: C:\Users\Tateisukan\AppData\Roaming\Microsoft\Windows\Start Menu\Programs\System Tools\computer.lnk
InnerException number: 1
Exception message: Unexpected HRESULT has been returned from a call to a COM component.
Exception error type: HResult -2147467259
Exception thrown in called method: Void GetDescription(Windows.Win32.Foundation.PWSTR, Int32)
Possible interpretation of the error: Error caused likely due to trying to get the description of the program
Possible resolution: Not yet known
11:39:04.1953+07:00 - ERROR -  - ------------- END Flow.Launcher.Plugin.Program exception -------------
11:39:04.2076+07:00 - ERROR -  - ------------- BEGIN Flow.Launcher.Plugin.Program exception -------------
11:39:04.2076+07:00 - ERROR -  - 
Exception full name: System.Runtime.InteropServices.COMException
Error status: UNKNOWN
Class name: ShellLinkReader
Calling method: retrieveDescription
Program path: C:\Users\Tateisukan\AppData\Roaming\Microsoft\Windows\Start Menu\Programs\System Tools\Control Panel.lnk
InnerException number: 1
Exception message: Unexpected HRESULT has been returned from a call to a COM component.
Exception error type: HResult -2147467259
Exception thrown in called method: Void GetDescription(Windows.Win32.Foundation.PWSTR, Int32)
Possible interpretation of the error: Error caused likely due to trying to get the description of the program
Possible resolution: Not yet known
11:39:04.2076+07:00 - ERROR -  - ------------- END Flow.Launcher.Plugin.Program exception -------------
11:39:04.2259+07:00 - ERROR -  - ------------- BEGIN Flow.Launcher.Plugin.Program exception -------------
11:39:04.2259+07:00 - ERROR -  - 
Exception full name: System.Runtime.InteropServices.COMException
Error status: UNKNOWN
Class name: ShellLinkReader
Calling method: retrieveDescription
Program path: C:\Users\Tateisukan\AppData\Roaming\Microsoft\Windows\Start Menu\Programs\System Tools\Run.lnk
InnerException number: 1
Exception message: Unexpected HRESULT has been returned from a call to a COM component.
Exception error type: HResult -2147467259
Exception thrown in called method: Void GetDescription(Windows.Win32.Foundation.PWSTR, Int32)
Possible interpretation of the error: Error caused likely due to trying to get the description of the program
Possible resolution: Not yet known
11:39:04.2259+07:00 - ERROR -  - ------------- END Flow.Launcher.Plugin.Program exception -------------
11:39:04.3686+07:00 - ERROR -  - ------------- BEGIN Flow.Launcher.Plugin.Program exception -------------
11:39:04.3686+07:00 - ERROR -  - 
Exception full name: System.Runtime.InteropServices.COMException
Error status: UNKNOWN
Class name: ShellLinkReader
Calling method: retrieveDescription
Program path: C:\ProgramData\Microsoft\Windows\Start Menu\Programs\Accessories\Windows Media Player.lnk
InnerException number: 1
Exception message: Unexpected HRESULT has been returned from a call to a COM component.
Exception error type: HResult -2147467259
Exception thrown in called method: Void GetDescription(Windows.Win32.Foundation.PWSTR, Int32)
Possible interpretation of the error: Error caused likely due to trying to get the description of the program
Possible resolution: Not yet known
11:39:04.3686+07:00 - ERROR -  - ------------- END Flow.Launcher.Plugin.Program exception -------------
11:41:16.0037+07:00 - INFO  - App.RegisterExitEvents - Session Ending
11:42:39.5329+07:00 - INFO  - App.OnStartup - Begin Flow Launcher startup ----------------------------------------------------
11:42:39.5329+07:00 - INFO  - App.OnStartup - Runtime info:
Flow Launcher version: 2.1.3
OS Version: 19044.7663
IntPtr Length: 8
x64: True
11:42:39.9272+07:00 - INFO  - CommunityPluginSource.FetchAsync - Loading plugins from https://fastly.jsdelivr.net/gh/Flow-Launcher/Flow.Launcher.PluginsManifest@main/plugins.json
11:42:39.9584+07:00 - INFO  - CommunityPluginSource.FetchAsync - Loading plugins from https://gcore.jsdelivr.net/gh/Flow-Launcher/Flow.Launcher.PluginsManifest@main/plugins.json
11:42:39.9584+07:00 - INFO  - CommunityPluginSource.FetchAsync - Loading plugins from https://cdn.jsdelivr.net/gh/Flow-Launcher/Flow.Launcher.PluginsManifest@main/plugins.json
11:42:39.9584+07:00 - INFO  - CommunityPluginSource.FetchAsync - Loading plugins from https://raw.githubusercontent.com/Flow-Launcher/Flow.Launcher.PluginsManifest/main/plugins.json
11:42:40.0162+07:00 - INFO  - ImageLoader.InitializeAsync - Preload images cost <15ms>
11:42:40.0162+07:00 - INFO  - ImageLoader.InitializeAsync - Number of preload images is <5>, Images Number: 5, Unique Items 5
11:42:42.6400+07:00 - INFO  - CommunityPluginSource.FetchAsync - Loaded 354 plugins from https://raw.githubusercontent.com/Flow-Launcher/Flow.Launcher.PluginsManifest/main/plugins.json
11:42:46.6944+07:00 - INFO  - App.OnStartup - End Flow Launcher startup ------------------------------------------------------
11:42:46.6944+07:00 - INFO  - App.OnStartup - Begin plugin initialization ----------------------------------------------------
11:42:48.5385+07:00 - INFO  - App.OnStartup - Startup cost <9530ms>
11:42:48.5413+07:00 - INFO  - PluginManager.InitializePluginsAsync - Total init cost for <Plugin Indicator> is <59ms>
11:42:48.5612+07:00 - INFO  - PluginManager.InitializePluginsAsync - Total init cost for <Plugins Manager> is <237ms>
11:42:48.5612+07:00 - INFO  - PluginManager.InitializePluginsAsync - Total init cost for <URL> is <94ms>
11:42:48.5612+07:00 - INFO  - PluginManager.InitializePluginsAsync - Total init cost for <System Commands> is <174ms>
11:42:48.5802+07:00 - INFO  - PluginManager.InitializePluginsAsync - Total init cost for <Windows Settings> is <170ms>
11:42:48.6731+07:00 - INFO  - PluginManager.InitializePluginsAsync - Total init cost for <Process Killer> is <209ms>
11:42:48.6731+07:00 - INFO  - PluginManager.InitializePluginsAsync - Total init cost for <Shell> is <274ms>
11:42:48.7084+07:00 - INFO  - PluginManager.InitializePluginsAsync - Total init cost for <Browser Bookmarks> is <411ms>
11:42:48.7084+07:00 - INFO  - PluginManager.InitializePluginsAsync - Total init cost for <Web Searches> is <289ms>
11:42:48.7084+07:00 - INFO  - PluginManager.InitializePluginsAsync - Total init cost for <Calculator> is <318ms>
11:42:48.7179+07:00 - INFO  - PluginManager.InitializePluginsAsync - Total init cost for <Explorer> is <391ms>
11:42:48.7526+07:00 - INFO  - Main.InitAsync - Preload programs cost <42ms>
11:42:48.7526+07:00 - INFO  - Main.InitAsync - Number of preload win32 programs <75>
11:42:48.7526+07:00 - INFO  - Main.InitAsync - Number of preload uwps <6>
11:42:48.7784+07:00 - INFO  - PluginManager.InitializePluginsAsync - Total init cost for <Program> is <318ms>
11:42:49.0502+07:00 - INFO  - App.OnStartup - End plugin initialization ------------------------------------------------------
11:42:49.0502+07:00 - INFO  - App.OnStartup - Startup cost <2356ms>
11:43:05.1053+07:00 - ERROR - ErrorReporting.TaskSchedulerUnobservedTaskException - Unobserved task exception occurred.
EXCEPTION OCCURS: System.InvalidCastException: Unable to cast object of type 'System.Windows.Media.Color' to type 'System.Windows.Expression'.
   at void System.Windows.Freezable.CloneCoreCommon(Freezable sourceFreezable, bool useCurrentValue, bool cloneFrozenValues)
   at Freezable System.Windows.Freezable.Clone()
   at object System.Windows.StyleHelper.GetInstanceValue(UncommonField<HybridDictionary[]> dataField, DependencyObject container, FrameworkElement feChild, FrameworkContentElement fceChild, int childIndex, DependencyProperty dp, int i, ref EffectiveValueEntry entry)
   at object System.Windows.StyleHelper.GetChildValueHelper(UncommonField<HybridDictionary[]> dataField, ref ItemStructList<ChildValueLookup> valueLookupList, DependencyProperty dp, DependencyObject container, FrameworkObject child, int childIndex, bool styleLookup, ref EffectiveValueEntry entry, out ValueLookupType sourceType, FrameworkElementFactory templateRoot)
   at object System.Windows.StyleHelper.GetChildValue(UncommonField<HybridDictionary[]> dataField, DependencyObject container, int childIndex, FrameworkObject child, DependencyProperty dp, ref FrugalStructList<ChildRecord> childRecordFromChildIndex, ref EffectiveValueEntry entry, out ValueLookupType sourceType, FrameworkElementFactory templateRoot)
   at bool System.Windows.StyleHelper.GetValueFromStyleOrTemplate(FrameworkObject fo, DependencyProperty dp, ref EffectiveValueEntry entry)
   at void System.Windows.FrameworkElement.GetRawValue(DependencyProperty dp, PropertyMetadata metadata, ref EffectiveValueEntry entry)
   at void System.Windows.FrameworkElement.EvaluateBaseValueCore(DependencyProperty dp, PropertyMetadata metadata, ref EffectiveValueEntry newEntry)
   at EffectiveValueEntry System.Windows.DependencyObject.EvaluateEffectiveValue(EntryIndex entryIndex, DependencyProperty dp, PropertyMetadata metadata, EffectiveValueEntry oldEntry, EffectiveValueEntry newEntry, OperationType operationType)
   at UpdateResult System.Windows.DependencyObject.UpdateEffectiveValue(EntryIndex entryIndex, DependencyProperty dp, PropertyMetadata metadata, EffectiveValueEntry oldEntry, ref EffectiveValueEntry newEntry, bool coerceWithDeferredReference, bool coerceWithCurrentValue, OperationType operationType)
   at void System.Windows.DependencyObject.InvalidateProperty(DependencyProperty dp, bool preserveCurrentValue)
   at void System.Windows.StyleHelper.InvalidateContainerDependents(DependencyObject container, ref FrugalStructList<ContainerDependent> exclusionContainerDependents, ref FrugalStructList<ContainerDependent> oldContainerDependents, ref FrugalStructList<ContainerDependent> newContainerDependents)
   at void System.Windows.StyleHelper.DoStyleInvalidations(FrameworkElement fe, FrameworkContentElement fce, Style oldStyle, Style newStyle)
   at void System.Windows.StyleHelper.UpdateStyleCache(FrameworkElement fe, FrameworkContentElement fce, Style oldStyle, Style newStyle, ref Style styleCache)
   at void System.Windows.FrameworkElement.OnStyleChanged(DependencyObject d, DependencyPropertyChangedEventArgs e)
   at void System.Windows.FrameworkElement.OnPropertyChanged(DependencyPropertyChangedEventArgs e)
   at void System.Windows.DependencyObject.NotifyPropertyChange(DependencyPropertyChangedEventArgs args)
   at UpdateResult System.Windows.DependencyObject.UpdateEffectiveValue(EntryIndex entryIndex, DependencyProperty dp, PropertyMetadata metadata, EffectiveValueEntry oldEntry, ref EffectiveValueEntry newEntry, bool coerceWithDeferredReference, bool coerceWithCurrentValue, OperationType operationType)
   at void System.Windows.DependencyObject.InvalidateProperty(DependencyProperty dp, bool preserveCurrentValue)
   at void System.Windows.ResourceReferenceExpression.InvalidateExpressionValue(object sender, EventArgs e)
   at void System.Windows.TreeWalkHelper.InvalidateResourceReferences(DependencyObject d, ResourcesChangeInfo info)
   at void System.Windows.TreeWalkHelper.OnResourcesChanged(DependencyObject d, ResourcesChangeInfo info, bool raiseResourceChangedEvent)
   at bool System.Windows.TreeWalkHelper.OnResourcesChangedCallback(DependencyObject d, ResourcesChangeInfo info, bool visitedViaVisualTree)
   at void System.Windows.DescendentsWalker<T>._VisitNode(DependencyObject d, bool visitedViaVisualTree)
   at void System.Windows.DescendentsWalker<T>.WalkLogicalChildren(FrameworkElement feParent, FrameworkContentElement fceParent, IEnumerator logicalChildren)
   at void System.Windows.DescendentsWalker<T>.WalkFrameworkElementLogicalThenVisualChildren(FrameworkElement feParent, bool hasLogicalChildren)
   at void System.Windows.DescendentsWalker<T>.IterateChildren(DependencyObject d)
   at void System.Windows.DescendentsWalker<T>._VisitNode(DependencyObject d, bool visitedViaVisualTree)
   at void System.Windows.DescendentsWalker<T>.WalkLogicalChildren(FrameworkElement feParent, FrameworkContentElement fceParent, IEnumerator logicalChildren)
   at void System.Windows.DescendentsWalker<T>.WalkFrameworkElementLogicalThenVisualChildren(FrameworkElement feParent, bool hasLogicalChildren)
   at void System.Windows.DescendentsWalker<T>.IterateChildren(DependencyObject d)
   at void System.Windows.DescendentsWalker<T>._VisitNode(DependencyObject d, bool visitedViaVisualTree)
   at void System.Windows.DescendentsWalker<T>.WalkLogicalChildren(FrameworkElement feParent, FrameworkContentElement fceParent, IEnumerator logicalChildren)
   at void System.Windows.DescendentsWalker<T>.WalkFrameworkElementLogicalThenVisualChildren(FrameworkElement feParent, bool hasLogicalChildren)
   at void System.Windows.DescendentsWalker<T>.IterateChildren(DependencyObject d)
   at void System.Windows.DescendentsWalker<T>._VisitNode(DependencyObject d, bool visitedViaVisualTree)
   at void System.Windows.DescendentsWalker<T>.WalkLogicalChildren(FrameworkElement feParent, FrameworkContentElement fceParent, IEnumerator logicalChildren)
   at void System.Windows.DescendentsWalker<T>.WalkFrameworkElementLogicalThenVisualChildren(FrameworkElement feParent, bool hasLogicalChildren)
   at void System.Windows.DescendentsWalker<T>.IterateChildren(DependencyObject d)
   at void System.Windows.DescendentsWalker<T>.StartWalk(DependencyObject startNode, bool skipStartNode)
   at void System.Windows.TreeWalkHelper.InvalidateOnResourcesChange(FrameworkElement fe, FrameworkContentElement fce, ResourcesChangeInfo info)
   at void System.Windows.Application.InvalidateResourceReferenceOnWindowCollection(WindowCollection wc, ResourcesChangeInfo info)
   at void System.Windows.Application.InvalidateResourceReferences(ResourcesChangeInfo info)
   at void System.Windows.ResourceDictionary.NotifyOwners(ResourcesChangeInfo info)
   at void System.Windows.ResourceDictionary.OnMergedDictionariesChanged(object sender, NotifyCollectionChangedEventArgs e)
   at void System.Collections.ObjectModel.ObservableCollection<T>.OnCollectionChanged(NotifyCollectionChangedEventArgs e)
   at void Flow.Launcher.Core.Resource.Theme.UpdateResourceDictionary(ResourceDictionary dictionaryToUpdate) in C:/projects/flow-launcher/Flow.Launcher.Core/Resource/Theme.cs:line 106
   at void Flow.Launcher.Core.Resource.Theme.SetBlurForWindow(string theme, BackdropTypes backdropType) in C:/projects/flow-launcher/Flow.Launcher.Core/Resource/Theme.cs:line 743
   at Task Flow.Launcher.Core.Resource.Theme.RefreshFrameAsync()+() => { } in C:/projects/flow-launcher/Flow.Launcher.Core/Resource/Theme.cs:line 643
   at object System.Windows.Threading.DispatcherOperation.InvokeDelegateCore()
   at void System.Windows.Threading.DispatcherOperation.InvokeImpl()
   at async Task Flow.Launcher.Core.Resource.Theme.RefreshFrameAsync() in C:/projects/flow-launcher/Flow.Launcher.Core/Resource/Theme.cs:line 638

12:58:55.4951+07:00 - INFO  - App.RegisterExitEvents - Session Ending
12:59:39.0684+07:00 - INFO  - App.OnStartup - Begin Flow Launcher startup ----------------------------------------------------
12:59:39.0684+07:00 - INFO  - App.OnStartup - Runtime info:
Flow Launcher version: 2.1.3
OS Version: 19044.7663
IntPtr Length: 8
x64: True
12:59:39.6095+07:00 - INFO  - CommunityPluginSource.FetchAsync - Loading plugins from https://fastly.jsdelivr.net/gh/Flow-Launcher/Flow.Launcher.PluginsManifest@main/plugins.json
12:59:39.6463+07:00 - INFO  - CommunityPluginSource.FetchAsync - Loading plugins from https://gcore.jsdelivr.net/gh/Flow-Launcher/Flow.Launcher.PluginsManifest@main/plugins.json
12:59:39.6463+07:00 - INFO  - CommunityPluginSource.FetchAsync - Loading plugins from https://cdn.jsdelivr.net/gh/Flow-Launcher/Flow.Launcher.PluginsManifest@main/plugins.json
12:59:39.6463+07:00 - INFO  - CommunityPluginSource.FetchAsync - Loading plugins from https://raw.githubusercontent.com/Flow-Launcher/Flow.Launcher.PluginsManifest/main/plugins.json
12:59:40.4056+07:00 - INFO  - ImageLoader.InitializeAsync - Preload images cost <702ms>
12:59:40.4071+07:00 - INFO  - ImageLoader.InitializeAsync - Number of preload images is <48>, Images Number: 48, Unique Items 42
12:59:40.4897+07:00 - INFO  - CommunityPluginSource.FetchAsync - Loaded 354 plugins from https://raw.githubusercontent.com/Flow-Launcher/Flow.Launcher.PluginsManifest/main/plugins.json
12:59:40.4897+07:00 - INFO  - CommunityPluginSource.FetchAsync - Loaded 354 plugins from https://fastly.jsdelivr.net/gh/Flow-Launcher/Flow.Launcher.PluginsManifest@main/plugins.json
12:59:41.8951+07:00 - INFO  - App.OnStartup - End Flow Launcher startup ------------------------------------------------------
12:59:41.8951+07:00 - INFO  - App.OnStartup - Begin plugin initialization ----------------------------------------------------
12:59:43.4905+07:00 - INFO  - App.OnStartup - Startup cost <4853ms>
12:59:43.4905+07:00 - INFO  - PluginManager.InitializePluginsAsync - Total init cost for <Plugins Manager> is <187ms>
12:59:43.4980+07:00 - INFO  - PluginManager.InitializePluginsAsync - Total init cost for <URL> is <60ms>
12:59:43.4980+07:00 - INFO  - PluginManager.InitializePluginsAsync - Total init cost for <Process Killer> is <82ms>
12:59:43.4980+07:00 - INFO  - PluginManager.InitializePluginsAsync - Total init cost for <System Commands> is <147ms>
12:59:43.4980+07:00 - INFO  - PluginManager.InitializePluginsAsync - Total init cost for <Plugin Indicator> is <55ms>
12:59:43.5151+07:00 - INFO  - PluginManager.InitializePluginsAsync - Total init cost for <Web Searches> is <141ms>
12:59:43.5367+07:00 - INFO  - PluginManager.InitializePluginsAsync - Total init cost for <Windows Settings> is <256ms>
12:59:43.6215+07:00 - INFO  - PluginManager.InitializePluginsAsync - Total init cost for <Shell> is <266ms>
12:59:43.6429+07:00 - INFO  - PluginManager.InitializePluginsAsync - Total init cost for <Browser Bookmarks> is <328ms>
12:59:43.6567+07:00 - INFO  - PluginManager.InitializePluginsAsync - Total init cost for <Calculator> is <273ms>
12:59:43.6567+07:00 - INFO  - PluginManager.InitializePluginsAsync - Total init cost for <Explorer> is <375ms>
12:59:43.6567+07:00 - INFO  - Main.InitAsync - Preload programs cost <17ms>
12:59:43.6567+07:00 - INFO  - Main.InitAsync - Number of preload win32 programs <75>
12:59:43.6567+07:00 - INFO  - Main.InitAsync - Number of preload uwps <6>
12:59:43.6999+07:00 - INFO  - PluginManager.InitializePluginsAsync - Total init cost for <Program> is <300ms>
12:59:43.8046+07:00 - INFO  - App.OnStartup - End plugin initialization ------------------------------------------------------
12:59:43.8046+07:00 - INFO  - App.OnStartup - Startup cost <1909ms>
13:02:25.2328+07:00 - ERROR -  - ------------- BEGIN Flow.Launcher.Plugin.Program exception -------------
13:02:25.2328+07:00 - ERROR -  - 
Exception full name: System.Runtime.InteropServices.COMException
Error status: UNKNOWN
Class name: ShellLinkReader
Calling method: retrieveDescription
Program path: C:\Users\Tateisukan\AppData\Roaming\Microsoft\Windows\Start Menu\Programs\System Tools\computer.lnk
InnerException number: 1
Exception message: Unexpected HRESULT has been returned from a call to a COM component.
Exception error type: HResult -2147467259
Exception thrown in called method: Void GetDescription(Windows.Win32.Foundation.PWSTR, Int32)
Possible interpretation of the error: Error caused likely due to trying to get the description of the program
Possible resolution: Not yet known
13:02:25.2328+07:00 - ERROR -  - ------------- END Flow.Launcher.Plugin.Program exception -------------
13:02:25.2328+07:00 - ERROR -  - ------------- BEGIN Flow.Launcher.Plugin.Program exception -------------
13:02:25.2328+07:00 - ERROR -  - 
Exception full name: System.Runtime.InteropServices.COMException
Error status: UNKNOWN
Class name: ShellLinkReader
Calling method: retrieveDescription
Program path: C:\Users\Tateisukan\AppData\Roaming\Microsoft\Windows\Start Menu\Programs\System Tools\Control Panel.lnk
InnerException number: 1
Exception message: Unexpected HRESULT has been returned from a call to a COM component.
Exception error type: HResult -2147467259
Exception thrown in called method: Void GetDescription(Windows.Win32.Foundation.PWSTR, Int32)
Possible interpretation of the error: Error caused likely due to trying to get the description of the program
Possible resolution: Not yet known
13:02:25.2328+07:00 - ERROR -  - ------------- END Flow.Launcher.Plugin.Program exception -------------
13:02:25.2523+07:00 - ERROR -  - ------------- BEGIN Flow.Launcher.Plugin.Program exception -------------
13:02:25.2523+07:00 - ERROR -  - 
Exception full name: System.Runtime.InteropServices.COMException
Error status: UNKNOWN
Class name: ShellLinkReader
Calling method: retrieveDescription
Program path: C:\Users\Tateisukan\AppData\Roaming\Microsoft\Windows\Start Menu\Programs\System Tools\Run.lnk
InnerException number: 1
Exception message: Unexpected HRESULT has been returned from a call to a COM component.
Exception error type: HResult -2147467259
Exception thrown in called method: Void GetDescription(Windows.Win32.Foundation.PWSTR, Int32)
Possible interpretation of the error: Error caused likely due to trying to get the description of the program
Possible resolution: Not yet known
13:02:25.2523+07:00 - ERROR -  - ------------- END Flow.Launcher.Plugin.Program exception -------------
13:02:25.4495+07:00 - ERROR -  - ------------- BEGIN Flow.Launcher.Plugin.Program exception -------------
13:02:25.4495+07:00 - ERROR -  - 
Exception full name: System.Runtime.InteropServices.COMException
Error status: UNKNOWN
Class name: ShellLinkReader
Calling method: retrieveDescription
Program path: C:\ProgramData\Microsoft\Windows\Start Menu\Programs\Accessories\Windows Media Player.lnk
InnerException number: 1
Exception message: Unexpected HRESULT has been returned from a call to a COM component.
Exception error type: HResult -2147467259
Exception thrown in called method: Void GetDescription(Windows.Win32.Foundation.PWSTR, Int32)
Possible interpretation of the error: Error caused likely due to trying to get the description of the program
Possible resolution: Not yet known
13:02:25.4495+07:00 - ERROR -  - ------------- END Flow.Launcher.Plugin.Program exception -------------
13:04:30.3110+07:00 - ERROR -  - ------------- BEGIN Flow.Launcher.Plugin.Program exception -------------
13:04:30.3110+07:00 - ERROR -  - 
Exception full name: System.Runtime.InteropServices.COMException
Error status: UNKNOWN
Class name: ShellLinkReader
Calling method: retrieveDescription
Program path: C:\Users\Tateisukan\AppData\Roaming\Microsoft\Windows\Start Menu\Programs\System Tools\computer.lnk
InnerException number: 1
Exception message: Unexpected HRESULT has been returned from a call to a COM component.
Exception error type: HResult -2147467259
Exception thrown in called method: Void GetDescription(Windows.Win32.Foundation.PWSTR, Int32)
Possible interpretation of the error: Error caused likely due to trying to get the description of the program
Possible resolution: Not yet known
13:04:30.3110+07:00 - ERROR -  - ------------- END Flow.Launcher.Plugin.Program exception -------------
13:04:30.3110+07:00 - ERROR -  - ------------- BEGIN Flow.Launcher.Plugin.Program exception -------------
13:04:30.3110+07:00 - ERROR -  - 
Exception full name: System.Runtime.InteropServices.COMException
Error status: UNKNOWN
Class name: ShellLinkReader
Calling method: retrieveDescription
Program path: C:\Users\Tateisukan\AppData\Roaming\Microsoft\Windows\Start Menu\Programs\System Tools\Control Panel.lnk
InnerException number: 1
Exception message: Unexpected HRESULT has been returned from a call to a COM component.
Exception error type: HResult -2147467259
Exception thrown in called method: Void GetDescription(Windows.Win32.Foundation.PWSTR, Int32)
Possible interpretation of the error: Error caused likely due to trying to get the description of the program
Possible resolution: Not yet known
13:04:30.3110+07:00 - ERROR -  - ------------- END Flow.Launcher.Plugin.Program exception -------------
13:04:30.3535+07:00 - ERROR -  - ------------- BEGIN Flow.Launcher.Plugin.Program exception -------------
13:04:30.3535+07:00 - ERROR -  - 
Exception full name: System.Runtime.InteropServices.COMException
Error status: UNKNOWN
Class name: ShellLinkReader
Calling method: retrieveDescription
Program path: C:\Users\Tateisukan\AppData\Roaming\Microsoft\Windows\Start Menu\Programs\System Tools\Run.lnk
InnerException number: 1
Exception message: Unexpected HRESULT has been returned from a call to a COM component.
Exception error type: HResult -2147467259
Exception thrown in called method: Void GetDescription(Windows.Win32.Foundation.PWSTR, Int32)
Possible interpretation of the error: Error caused likely due to trying to get the description of the program
Possible resolution: Not yet known
13:04:30.3535+07:00 - ERROR -  - ------------- END Flow.Launcher.Plugin.Program exception -------------
13:04:30.5136+07:00 - ERROR -  - ------------- BEGIN Flow.Launcher.Plugin.Program exception -------------
13:04:30.5136+07:00 - ERROR -  - 
Exception full name: System.Runtime.InteropServices.COMException
Error status: UNKNOWN
Class name: ShellLinkReader
Calling method: retrieveDescription
Program path: C:\ProgramData\Microsoft\Windows\Start Menu\Programs\Accessories\Windows Media Player.lnk
InnerException number: 1
Exception message: Unexpected HRESULT has been returned from a call to a COM component.
Exception error type: HResult -2147467259
Exception thrown in called method: Void GetDescription(Windows.Win32.Foundation.PWSTR, Int32)
Possible interpretation of the error: Error caused likely due to trying to get the description of the program
Possible resolution: Not yet known
13:04:30.5136+07:00 - ERROR -  - ------------- END Flow.Launcher.Plugin.Program exception -------------
13:13:23.6613+07:00 - ERROR -  - ------------- BEGIN Flow.Launcher.Plugin.Program exception -------------
13:13:23.6613+07:00 - ERROR -  - 
Exception full name: System.Runtime.InteropServices.COMException
Error status: UNKNOWN
Class name: ShellLinkReader
Calling method: retrieveDescription
Program path: C:\Users\Tateisukan\AppData\Roaming\Microsoft\Windows\Start Menu\Programs\System Tools\computer.lnk
InnerException number: 1
Exception message: Unexpected HRESULT has been returned from a call to a COM component.
Exception error type: HResult -2147467259
Exception thrown in called method: Void GetDescription(Windows.Win32.Foundation.PWSTR, Int32)
Possible interpretation of the error: Error caused likely due to trying to get the description of the program
Possible resolution: Not yet known
13:13:23.6613+07:00 - ERROR -  - ------------- END Flow.Launcher.Plugin.Program exception -------------
13:13:23.6714+07:00 - ERROR -  - ------------- BEGIN Flow.Launcher.Plugin.Program exception -------------
13:13:23.6714+07:00 - ERROR -  - 
Exception full name: System.Runtime.InteropServices.COMException
Error status: UNKNOWN
Class name: ShellLinkReader
Calling method: retrieveDescription
Program path: C:\Users\Tateisukan\AppData\Roaming\Microsoft\Windows\Start Menu\Programs\System Tools\Control Panel.lnk
InnerException number: 1
Exception message: Unexpected HRESULT has been returned from a call to a COM component.
Exception error type: HResult -2147467259
Exception thrown in called method: Void GetDescription(Windows.Win32.Foundation.PWSTR, Int32)
Possible interpretation of the error: Error caused likely due to trying to get the description of the program
Possible resolution: Not yet known
13:13:23.6714+07:00 - ERROR -  - ------------- END Flow.Launcher.Plugin.Program exception -------------
13:13:23.6931+07:00 - ERROR -  - ------------- BEGIN Flow.Launcher.Plugin.Program exception -------------
13:13:23.6931+07:00 - ERROR -  - 
Exception full name: System.Runtime.InteropServices.COMException
Error status: UNKNOWN
Class name: ShellLinkReader
Calling method: retrieveDescription
Program path: C:\Users\Tateisukan\AppData\Roaming\Microsoft\Windows\Start Menu\Programs\System Tools\Run.lnk
InnerException number: 1
Exception message: Unexpected HRESULT has been returned from a call to a COM component.
Exception error type: HResult -2147467259
Exception thrown in called method: Void GetDescription(Windows.Win32.Foundation.PWSTR, Int32)
Possible interpretation of the error: Error caused likely due to trying to get the description of the program
Possible resolution: Not yet known
13:13:23.6931+07:00 - ERROR -  - ------------- END Flow.Launcher.Plugin.Program exception -------------
13:13:23.8569+07:00 - ERROR -  - ------------- BEGIN Flow.Launcher.Plugin.Program exception -------------
13:13:23.8569+07:00 - ERROR -  - 
Exception full name: System.Runtime.InteropServices.COMException
Error status: UNKNOWN
Class name: ShellLinkReader
Calling method: retrieveDescription
Program path: C:\ProgramData\Microsoft\Windows\Start Menu\Programs\Accessories\Windows Media Player.lnk
InnerException number: 1
Exception message: Unexpected HRESULT has been returned from a call to a COM component.
Exception error type: HResult -2147467259
Exception thrown in called method: Void GetDescription(Windows.Win32.Foundation.PWSTR, Int32)
Possible interpretation of the error: Error caused likely due to trying to get the description of the program
Possible resolution: Not yet known
13:13:23.8569+07:00 - ERROR -  - ------------- END Flow.Launcher.Plugin.Program exception -------------
13:16:56.2033+07:00 - ERROR -  - ------------- BEGIN Flow.Launcher.Plugin.Program exception -------------
13:16:56.2033+07:00 - ERROR -  - 
Exception full name: System.Runtime.InteropServices.COMException
Error status: UNKNOWN
Class name: ShellLinkReader
Calling method: retrieveDescription
Program path: C:\Users\Tateisukan\AppData\Roaming\Microsoft\Windows\Start Menu\Programs\System Tools\computer.lnk
InnerException number: 1
Exception message: Unexpected HRESULT has been returned from a call to a COM component.
Exception error type: HResult -2147467259
Exception thrown in called method: Void GetDescription(Windows.Win32.Foundation.PWSTR, Int32)
Possible interpretation of the error: Error caused likely due to trying to get the description of the program
Possible resolution: Not yet known
13:16:56.2033+07:00 - ERROR -  - ------------- END Flow.Launcher.Plugin.Program exception -------------
13:16:56.2033+07:00 - ERROR -  - ------------- BEGIN Flow.Launcher.Plugin.Program exception -------------
13:16:56.2033+07:00 - ERROR -  - 
Exception full name: System.Runtime.InteropServices.COMException
Error status: UNKNOWN
Class name: ShellLinkReader
Calling method: retrieveDescription
Program path: C:\Users\Tateisukan\AppData\Roaming\Microsoft\Windows\Start Menu\Programs\System Tools\Control Panel.lnk
InnerException number: 1
Exception message: Unexpected HRESULT has been returned from a call to a COM component.
Exception error type: HResult -2147467259
Exception thrown in called method: Void GetDescription(Windows.Win32.Foundation.PWSTR, Int32)
Possible interpretation of the error: Error caused likely due to trying to get the description of the program
Possible resolution: Not yet known
13:16:56.2033+07:00 - ERROR -  - ------------- END Flow.Launcher.Plugin.Program exception -------------
13:16:56.2382+07:00 - ERROR -  - ------------- BEGIN Flow.Launcher.Plugin.Program exception -------------
13:16:56.2382+07:00 - ERROR -  - 
Exception full name: System.Runtime.InteropServices.COMException
Error status: UNKNOWN
Class name: ShellLinkReader
Calling method: retrieveDescription
Program path: C:\Users\Tateisukan\AppData\Roaming\Microsoft\Windows\Start Menu\Programs\System Tools\Run.lnk
InnerException number: 1
Exception message: Unexpected HRESULT has been returned from a call to a COM component.
Exception error type: HResult -2147467259
Exception thrown in called method: Void GetDescription(Windows.Win32.Foundation.PWSTR, Int32)
Possible interpretation of the error: Error caused likely due to trying to get the description of the program
Possible resolution: Not yet known
13:16:56.2382+07:00 - ERROR -  - ------------- END Flow.Launcher.Plugin.Program exception -------------
13:16:56.4120+07:00 - ERROR -  - ------------- BEGIN Flow.Launcher.Plugin.Program exception -------------
13:16:56.4120+07:00 - ERROR -  - 
Exception full name: System.Runtime.InteropServices.COMException
Error status: UNKNOWN
Class name: ShellLinkReader
Calling method: retrieveDescription
Program path: C:\ProgramData\Microsoft\Windows\Start Menu\Programs\Accessories\Windows Media Player.lnk
InnerException number: 1
Exception message: Unexpected HRESULT has been returned from a call to a COM component.
Exception error type: HResult -2147467259
Exception thrown in called method: Void GetDescription(Windows.Win32.Foundation.PWSTR, Int32)
Possible interpretation of the error: Error caused likely due to trying to get the description of the program
Possible resolution: Not yet known
13:16:56.4120+07:00 - ERROR -  - ------------- END Flow.Launcher.Plugin.Program exception -------------
13:18:16.5871+07:00 - ERROR -  - ------------- BEGIN Flow.Launcher.Plugin.Program exception -------------
13:18:16.5871+07:00 - ERROR -  - 
Exception full name: System.Runtime.InteropServices.COMException
Error status: UNKNOWN
Class name: ShellLinkReader
Calling method: retrieveDescription
Program path: C:\Users\Tateisukan\AppData\Roaming\Microsoft\Windows\Start Menu\Programs\System Tools\computer.lnk
InnerException number: 1
Exception message: Unexpected HRESULT has been returned from a call to a COM component.
Exception error type: HResult -2147467259
Exception thrown in called method: Void GetDescription(Windows.Win32.Foundation.PWSTR, Int32)
Possible interpretation of the error: Error caused likely due to trying to get the description of the program
Possible resolution: Not yet known
13:18:16.5871+07:00 - ERROR -  - ------------- END Flow.Launcher.Plugin.Program exception -------------
13:18:16.5957+07:00 - ERROR -  - ------------- BEGIN Flow.Launcher.Plugin.Program exception -------------
13:18:16.5957+07:00 - ERROR -  - 
Exception full name: System.Runtime.InteropServices.COMException
Error status: UNKNOWN
Class name: ShellLinkReader
Calling method: retrieveDescription
Program path: C:\Users\Tateisukan\AppData\Roaming\Microsoft\Windows\Start Menu\Programs\System Tools\Control Panel.lnk
InnerException number: 1
Exception message: Unexpected HRESULT has been returned from a call to a COM component.
Exception error type: HResult -2147467259
Exception thrown in called method: Void GetDescription(Windows.Win32.Foundation.PWSTR, Int32)
Possible interpretation of the error: Error caused likely due to trying to get the description of the program
Possible resolution: Not yet known
13:18:16.5957+07:00 - ERROR -  - ------------- END Flow.Launcher.Plugin.Program exception -------------
13:18:16.6165+07:00 - ERROR -  - ------------- BEGIN Flow.Launcher.Plugin.Program exception -------------
13:18:16.6165+07:00 - ERROR -  - 
Exception full name: System.Runtime.InteropServices.COMException
Error status: UNKNOWN
Class name: ShellLinkReader
Calling method: retrieveDescription
Program path: C:\Users\Tateisukan\AppData\Roaming\Microsoft\Windows\Start Menu\Programs\System Tools\Run.lnk
InnerException number: 1
Exception message: Unexpected HRESULT has been returned from a call to a COM component.
Exception error type: HResult -2147467259
Exception thrown in called method: Void GetDescription(Windows.Win32.Foundation.PWSTR, Int32)
Possible interpretation of the error: Error caused likely due to trying to get the description of the program
Possible resolution: Not yet known
13:18:16.6165+07:00 - ERROR -  - ------------- END Flow.Launcher.Plugin.Program exception -------------
13:18:16.7962+07:00 - ERROR -  - ------------- BEGIN Flow.Launcher.Plugin.Program exception -------------
13:18:16.7962+07:00 - ERROR -  - 
Exception full name: System.Runtime.InteropServices.COMException
Error status: UNKNOWN
Class name: ShellLinkReader
Calling method: retrieveDescription
Program path: C:\ProgramData\Microsoft\Windows\Start Menu\Programs\Accessories\Windows Media Player.lnk
InnerException number: 1
Exception message: Unexpected HRESULT has been returned from a call to a COM component.
Exception error type: HResult -2147467259
Exception thrown in called method: Void GetDescription(Windows.Win32.Foundation.PWSTR, Int32)
Possible interpretation of the error: Error caused likely due to trying to get the description of the program
Possible resolution: Not yet known
13:18:16.7962+07:00 - ERROR -  - ------------- END Flow.Launcher.Plugin.Program exception -------------
13:20:24.1226+07:00 - ERROR -  - ------------- BEGIN Flow.Launcher.Plugin.Program exception -------------
13:20:24.1226+07:00 - ERROR -  - 
Exception full name: System.Runtime.InteropServices.COMException
Error status: UNKNOWN
Class name: ShellLinkReader
Calling method: retrieveDescription
Program path: C:\Users\Tateisukan\AppData\Roaming\Microsoft\Windows\Start Menu\Programs\System Tools\computer.lnk
InnerException number: 1
Exception message: Unexpected HRESULT has been returned from a call to a COM component.
Exception error type: HResult -2147467259
Exception thrown in called method: Void GetDescription(Windows.Win32.Foundation.PWSTR, Int32)
Possible interpretation of the error: Error caused likely due to trying to get the description of the program
Possible resolution: Not yet known
13:20:24.1226+07:00 - ERROR -  - ------------- END Flow.Launcher.Plugin.Program exception -------------
13:20:24.1226+07:00 - ERROR -  - ------------- BEGIN Flow.Launcher.Plugin.Program exception -------------
13:20:24.1226+07:00 - ERROR -  - 
Exception full name: System.Runtime.InteropServices.COMException
Error status: UNKNOWN
Class name: ShellLinkReader
Calling method: retrieveDescription
Program path: C:\Users\Tateisukan\AppData\Roaming\Microsoft\Windows\Start Menu\Programs\System Tools\Control Panel.lnk
InnerException number: 1
Exception message: Unexpected HRESULT has been returned from a call to a COM component.
Exception error type: HResult -2147467259
Exception thrown in called method: Void GetDescription(Windows.Win32.Foundation.PWSTR, Int32)
Possible interpretation of the error: Error caused likely due to trying to get the description of the program
Possible resolution: Not yet known
13:20:24.1226+07:00 - ERROR -  - ------------- END Flow.Launcher.Plugin.Program exception -------------
13:20:24.1410+07:00 - ERROR -  - ------------- BEGIN Flow.Launcher.Plugin.Program exception -------------
13:20:24.1410+07:00 - ERROR -  - 
Exception full name: System.Runtime.InteropServices.COMException
Error status: UNKNOWN
Class name: ShellLinkReader
Calling method: retrieveDescription
Program path: C:\Users\Tateisukan\AppData\Roaming\Microsoft\Windows\Start Menu\Programs\System Tools\Run.lnk
InnerException number: 1
Exception message: Unexpected HRESULT has been returned from a call to a COM component.
Exception error type: HResult -2147467259
Exception thrown in called method: Void GetDescription(Windows.Win32.Foundation.PWSTR, Int32)
Possible interpretation of the error: Error caused likely due to trying to get the description of the program
Possible resolution: Not yet known
13:20:24.1410+07:00 - ERROR -  - ------------- END Flow.Launcher.Plugin.Program exception -------------
13:20:24.2630+07:00 - ERROR -  - ------------- BEGIN Flow.Launcher.Plugin.Program exception -------------
13:20:24.2630+07:00 - ERROR -  - 
Exception full name: System.Runtime.InteropServices.COMException
Error status: UNKNOWN
Class name: ShellLinkReader
Calling method: retrieveDescription
Program path: C:\ProgramData\Microsoft\Windows\Start Menu\Programs\Accessories\Windows Media Player.lnk
InnerException number: 1
Exception message: Unexpected HRESULT has been returned from a call to a COM component.
Exception error type: HResult -2147467259
Exception thrown in called method: Void GetDescription(Windows.Win32.Foundation.PWSTR, Int32)
Possible interpretation of the error: Error caused likely due to trying to get the description of the program
Possible resolution: Not yet known
13:20:24.2630+07:00 - ERROR -  - ------------- END Flow.Launcher.Plugin.Program exception -------------
13:30:35.6251+07:00 - ERROR -  - ------------- BEGIN Flow.Launcher.Plugin.Program exception -------------
13:30:35.6251+07:00 - ERROR -  - 
Exception full name: System.Runtime.InteropServices.COMException
Error status: UNKNOWN
Class name: ShellLinkReader
Calling method: retrieveDescription
Program path: C:\Users\Tateisukan\AppData\Roaming\Microsoft\Windows\Start Menu\Programs\System Tools\computer.lnk
InnerException number: 1
Exception message: Unexpected HRESULT has been returned from a call to a COM component.
Exception error type: HResult -2147467259
Exception thrown in called method: Void GetDescription(Windows.Win32.Foundation.PWSTR, Int32)
Possible interpretation of the error: Error caused likely due to trying to get the description of the program
Possible resolution: Not yet known
13:30:35.6251+07:00 - ERROR -  - ------------- END Flow.Launcher.Plugin.Program exception -------------
13:30:35.6354+07:00 - ERROR -  - ------------- BEGIN Flow.Launcher.Plugin.Program exception -------------
13:30:35.6354+07:00 - ERROR -  - 
Exception full name: System.Runtime.InteropServices.COMException
Error status: UNKNOWN
Class name: ShellLinkReader
Calling method: retrieveDescription
Program path: C:\Users\Tateisukan\AppData\Roaming\Microsoft\Windows\Start Menu\Programs\System Tools\Control Panel.lnk
InnerException number: 1
Exception message: Unexpected HRESULT has been returned from a call to a COM component.
Exception error type: HResult -2147467259
Exception thrown in called method: Void GetDescription(Windows.Win32.Foundation.PWSTR, Int32)
Possible interpretation of the error: Error caused likely due to trying to get the description of the program
Possible resolution: Not yet known
13:30:35.6354+07:00 - ERROR -  - ------------- END Flow.Launcher.Plugin.Program exception -------------
13:30:35.6550+07:00 - ERROR -  - ------------- BEGIN Flow.Launcher.Plugin.Program exception -------------
13:30:35.6550+07:00 - ERROR -  - 
Exception full name: System.Runtime.InteropServices.COMException
Error status: UNKNOWN
Class name: ShellLinkReader
Calling method: retrieveDescription
Program path: C:\Users\Tateisukan\AppData\Roaming\Microsoft\Windows\Start Menu\Programs\System Tools\Run.lnk
InnerException number: 1
Exception message: Unexpected HRESULT has been returned from a call to a COM component.
Exception error type: HResult -2147467259
Exception thrown in called method: Void GetDescription(Windows.Win32.Foundation.PWSTR, Int32)
Possible interpretation of the error: Error caused likely due to trying to get the description of the program
Possible resolution: Not yet known
13:30:35.6550+07:00 - ERROR -  - ------------- END Flow.Launcher.Plugin.Program exception -------------
13:30:35.8506+07:00 - ERROR -  - ------------- BEGIN Flow.Launcher.Plugin.Program exception -------------
13:30:35.8506+07:00 - ERROR -  - 
Exception full name: System.Runtime.InteropServices.COMException
Error status: UNKNOWN
Class name: ShellLinkReader
Calling method: retrieveDescription
Program path: C:\ProgramData\Microsoft\Windows\Start Menu\Programs\Accessories\Windows Media Player.lnk
InnerException number: 1
Exception message: Unexpected HRESULT has been returned from a call to a COM component.
Exception error type: HResult -2147467259
Exception thrown in called method: Void GetDescription(Windows.Win32.Foundation.PWSTR, Int32)
Possible interpretation of the error: Error caused likely due to trying to get the description of the program
Possible resolution: Not yet known
13:30:35.8506+07:00 - ERROR -  - ------------- END Flow.Launcher.Plugin.Program exception -------------
13:30:37.5124+07:00 - ERROR -  - ------------- BEGIN Flow.Launcher.Plugin.Program exception -------------
13:30:37.5124+07:00 - ERROR -  - 
Exception full name: System.Runtime.InteropServices.COMException
Error status: UNKNOWN
Class name: ShellLinkReader
Calling method: retrieveDescription
Program path: C:\Users\Tateisukan\AppData\Roaming\Microsoft\Windows\Start Menu\Programs\System Tools\computer.lnk
InnerException number: 1
Exception message: Unexpected HRESULT has been returned from a call to a COM component.
Exception error type: HResult -2147467259
Exception thrown in called method: Void GetDescription(Windows.Win32.Foundation.PWSTR, Int32)
Possible interpretation of the error: Error caused likely due to trying to get the description of the program
Possible resolution: Not yet known
13:30:37.5124+07:00 - ERROR -  - ------------- END Flow.Launcher.Plugin.Program exception -------------
13:30:37.5124+07:00 - ERROR -  - ------------- BEGIN Flow.Launcher.Plugin.Program exception -------------
13:30:37.5124+07:00 - ERROR -  - 
Exception full name: System.Runtime.InteropServices.COMException
Error status: UNKNOWN
Class name: ShellLinkReader
Calling method: retrieveDescription
Program path: C:\Users\Tateisukan\AppData\Roaming\Microsoft\Windows\Start Menu\Programs\System Tools\Control Panel.lnk
InnerException number: 1
Exception message: Unexpected HRESULT has been returned from a call to a COM component.
Exception error type: HResult -2147467259
Exception thrown in called method: Void GetDescription(Windows.Win32.Foundation.PWSTR, Int32)
Possible interpretation of the error: Error caused likely due to trying to get the description of the program
Possible resolution: Not yet known
13:30:37.5124+07:00 - ERROR -  - ------------- END Flow.Launcher.Plugin.Program exception -------------
13:30:37.5438+07:00 - ERROR -  - ------------- BEGIN Flow.Launcher.Plugin.Program exception -------------
13:30:37.5438+07:00 - ERROR -  - 
Exception full name: System.Runtime.InteropServices.COMException
Error status: UNKNOWN
Class name: ShellLinkReader
Calling method: retrieveDescription
Program path: C:\Users\Tateisukan\AppData\Roaming\Microsoft\Windows\Start Menu\Programs\System Tools\Run.lnk
InnerException number: 1
Exception message: Unexpected HRESULT has been returned from a call to a COM component.
Exception error type: HResult -2147467259
Exception thrown in called method: Void GetDescription(Windows.Win32.Foundation.PWSTR, Int32)
Possible interpretation of the error: Error caused likely due to trying to get the description of the program
Possible resolution: Not yet known
13:30:37.5438+07:00 - ERROR -  - ------------- END Flow.Launcher.Plugin.Program exception -------------
13:30:37.6800+07:00 - ERROR -  - ------------- BEGIN Flow.Launcher.Plugin.Program exception -------------
13:30:37.6800+07:00 - ERROR -  - 
Exception full name: System.Runtime.InteropServices.COMException
Error status: UNKNOWN
Class name: ShellLinkReader
Calling method: retrieveDescription
Program path: C:\ProgramData\Microsoft\Windows\Start Menu\Programs\Accessories\Windows Media Player.lnk
InnerException number: 1
Exception message: Unexpected HRESULT has been returned from a call to a COM component.
Exception error type: HResult -2147467259
Exception thrown in called method: Void GetDescription(Windows.Win32.Foundation.PWSTR, Int32)
Possible interpretation of the error: Error caused likely due to trying to get the description of the program
Possible resolution: Not yet known
13:30:37.6800+07:00 - ERROR -  - ------------- END Flow.Launcher.Plugin.Program exception -------------
13:30:38.9078+07:00 - ERROR -  - ------------- BEGIN Flow.Launcher.Plugin.Program exception -------------
13:30:38.9078+07:00 - ERROR -  - 
Exception full name: System.Runtime.InteropServices.COMException
Error status: UNKNOWN
Class name: ShellLinkReader
Calling method: retrieveDescription
Program path: C:\Users\Tateisukan\AppData\Roaming\Microsoft\Windows\Start Menu\Programs\System Tools\computer.lnk
InnerException number: 1
Exception message: Unexpected HRESULT has been returned from a call to a COM component.
Exception error type: HResult -2147467259
Exception thrown in called method: Void GetDescription(Windows.Win32.Foundation.PWSTR, Int32)
Possible interpretation of the error: Error caused likely due to trying to get the description of the program
Possible resolution: Not yet known
13:30:38.9078+07:00 - ERROR -  - ------------- END Flow.Launcher.Plugin.Program exception -------------
13:30:38.9174+07:00 - ERROR -  - ------------- BEGIN Flow.Launcher.Plugin.Program exception -------------
13:30:38.9174+07:00 - ERROR -  - 
Exception full name: System.Runtime.InteropServices.COMException
Error status: UNKNOWN
Class name: ShellLinkReader
Calling method: retrieveDescription
Program path: C:\Users\Tateisukan\AppData\Roaming\Microsoft\Windows\Start Menu\Programs\System Tools\Control Panel.lnk
InnerException number: 1
Exception message: Unexpected HRESULT has been returned from a call to a COM component.
Exception error type: HResult -2147467259
Exception thrown in called method: Void GetDescription(Windows.Win32.Foundation.PWSTR, Int32)
Possible interpretation of the error: Error caused likely due to trying to get the description of the program
Possible resolution: Not yet known
13:30:38.9174+07:00 - ERROR -  - ------------- END Flow.Launcher.Plugin.Program exception -------------
13:30:38.9363+07:00 - ERROR -  - ------------- BEGIN Flow.Launcher.Plugin.Program exception -------------
13:30:38.9363+07:00 - ERROR -  - 
Exception full name: System.Runtime.InteropServices.COMException
Error status: UNKNOWN
Class name: ShellLinkReader
Calling method: retrieveDescription
Program path: C:\Users\Tateisukan\AppData\Roaming\Microsoft\Windows\Start Menu\Programs\System Tools\Run.lnk
InnerException number: 1
Exception message: Unexpected HRESULT has been returned from a call to a COM component.
Exception error type: HResult -2147467259
Exception thrown in called method: Void GetDescription(Windows.Win32.Foundation.PWSTR, Int32)
Possible interpretation of the error: Error caused likely due to trying to get the description of the program
Possible resolution: Not yet known
13:30:38.9363+07:00 - ERROR -  - ------------- END Flow.Launcher.Plugin.Program exception -------------
13:30:39.0048+07:00 - INFO  - Main.IndexProgramsAsync - UWPProgram index cost <289ms>
13:30:39.0843+07:00 - ERROR -  - ------------- BEGIN Flow.Launcher.Plugin.Program exception -------------
13:30:39.0843+07:00 - ERROR -  - 
Exception full name: System.Runtime.InteropServices.COMException
Error status: UNKNOWN
Class name: ShellLinkReader
Calling method: retrieveDescription
Program path: C:\ProgramData\Microsoft\Windows\Start Menu\Programs\Accessories\Windows Media Player.lnk
InnerException number: 1
Exception message: Unexpected HRESULT has been returned from a call to a COM component.
Exception error type: HResult -2147467259
Exception thrown in called method: Void GetDescription(Windows.Win32.Foundation.PWSTR, Int32)
Possible interpretation of the error: Error caused likely due to trying to get the description of the program
Possible resolution: Not yet known
13:30:39.0843+07:00 - ERROR -  - ------------- END Flow.Launcher.Plugin.Program exception -------------
13:30:39.2903+07:00 - INFO  - Main.IndexProgramsAsync - Win32Program index cost <575ms>
13:46:57.1495+07:00 - ERROR -  - ------------- BEGIN Flow.Launcher.Plugin.Program exception -------------
13:46:57.1495+07:00 - ERROR -  - 
Exception full name: System.Runtime.InteropServices.COMException
Error status: UNKNOWN
Class name: ShellLinkReader
Calling method: retrieveDescription
Program path: C:\Users\Tateisukan\AppData\Roaming\Microsoft\Windows\Start Menu\Programs\System Tools\computer.lnk
InnerException number: 1
Exception message: Unexpected HRESULT has been returned from a call to a COM component.
Exception error type: HResult -2147467259
Exception thrown in called method: Void GetDescription(Windows.Win32.Foundation.PWSTR, Int32)
Possible interpretation of the error: Error caused likely due to trying to get the description of the program
Possible resolution: Not yet known
13:46:57.1495+07:00 - ERROR -  - ------------- END Flow.Launcher.Plugin.Program exception -------------
13:46:57.1614+07:00 - ERROR -  - ------------- BEGIN Flow.Launcher.Plugin.Program exception -------------
13:46:57.1614+07:00 - ERROR -  - 
Exception full name: System.Runtime.InteropServices.COMException
Error status: UNKNOWN
Class name: ShellLinkReader
Calling method: retrieveDescription
Program path: C:\Users\Tateisukan\AppData\Roaming\Microsoft\Windows\Start Menu\Programs\System Tools\Control Panel.lnk
InnerException number: 1
Exception message: Unexpected HRESULT has been returned from a call to a COM component.
Exception error type: HResult -2147467259
Exception thrown in called method: Void GetDescription(Windows.Win32.Foundation.PWSTR, Int32)
Possible interpretation of the error: Error caused likely due to trying to get the description of the program
Possible resolution: Not yet known
13:46:57.1614+07:00 - ERROR -  - ------------- END Flow.Launcher.Plugin.Program exception -------------
13:46:57.1812+07:00 - ERROR -  - ------------- BEGIN Flow.Launcher.Plugin.Program exception -------------
13:46:57.1812+07:00 - ERROR -  - 
Exception full name: System.Runtime.InteropServices.COMException
Error status: UNKNOWN
Class name: ShellLinkReader
Calling method: retrieveDescription
Program path: C:\Users\Tateisukan\AppData\Roaming\Microsoft\Windows\Start Menu\Programs\System Tools\Run.lnk
InnerException number: 1
Exception message: Unexpected HRESULT has been returned from a call to a COM component.
Exception error type: HResult -2147467259
Exception thrown in called method: Void GetDescription(Windows.Win32.Foundation.PWSTR, Int32)
Possible interpretation of the error: Error caused likely due to trying to get the description of the program
Possible resolution: Not yet known
13:46:57.1812+07:00 - ERROR -  - ------------- END Flow.Launcher.Plugin.Program exception -------------
13:46:57.3502+07:00 - ERROR -  - ------------- BEGIN Flow.Launcher.Plugin.Program exception -------------
13:46:57.3502+07:00 - ERROR -  - 
Exception full name: System.Runtime.InteropServices.COMException
Error status: UNKNOWN
Class name: ShellLinkReader
Calling method: retrieveDescription
Program path: C:\ProgramData\Microsoft\Windows\Start Menu\Programs\Accessories\Windows Media Player.lnk
InnerException number: 1
Exception message: Unexpected HRESULT has been returned from a call to a COM component.
Exception error type: HResult -2147467259
Exception thrown in called method: Void GetDescription(Windows.Win32.Foundation.PWSTR, Int32)
Possible interpretation of the error: Error caused likely due to trying to get the description of the program
Possible resolution: Not yet known
13:46:57.3502+07:00 - ERROR -  - ------------- END Flow.Launcher.Plugin.Program exception -------------
13:46:57.6064+07:00 - INFO  - Main.IndexProgramsAsync - Win32Program index cost <646ms>
13:46:57.6064+07:00 - INFO  - Main.IndexProgramsAsync - UWPProgram index cost <657ms>
13:49:05.0750+07:00 - ERROR -  - ------------- BEGIN Flow.Launcher.Plugin.Program exception -------------
13:49:05.0750+07:00 - ERROR -  - 
Exception full name: System.Runtime.InteropServices.COMException
Error status: UNKNOWN
Class name: ShellLinkReader
Calling method: retrieveDescription
Program path: C:\Users\Tateisukan\AppData\Roaming\Microsoft\Windows\Start Menu\Programs\System Tools\computer.lnk
InnerException number: 1
Exception message: Unexpected HRESULT has been returned from a call to a COM component.
Exception error type: HResult -2147467259
Exception thrown in called method: Void GetDescription(Windows.Win32.Foundation.PWSTR, Int32)
Possible interpretation of the error: Error caused likely due to trying to get the description of the program
Possible resolution: Not yet known
13:49:05.0750+07:00 - ERROR -  - ------------- END Flow.Launcher.Plugin.Program exception -------------
13:49:05.0968+07:00 - ERROR -  - ------------- BEGIN Flow.Launcher.Plugin.Program exception -------------
13:49:05.0968+07:00 - ERROR -  - 
Exception full name: System.Runtime.InteropServices.COMException
Error status: UNKNOWN
Class name: ShellLinkReader
Calling method: retrieveDescription
Program path: C:\Users\Tateisukan\AppData\Roaming\Microsoft\Windows\Start Menu\Programs\System Tools\Control Panel.lnk
InnerException number: 1
Exception message: Unexpected HRESULT has been returned from a call to a COM component.
Exception error type: HResult -2147467259
Exception thrown in called method: Void GetDescription(Windows.Win32.Foundation.PWSTR, Int32)
Possible interpretation of the error: Error caused likely due to trying to get the description of the program
Possible resolution: Not yet known
13:49:05.0968+07:00 - ERROR -  - ------------- END Flow.Launcher.Plugin.Program exception -------------
13:49:05.1192+07:00 - ERROR -  - ------------- BEGIN Flow.Launcher.Plugin.Program exception -------------
13:49:05.1192+07:00 - ERROR -  - 
Exception full name: System.Runtime.InteropServices.COMException
Error status: UNKNOWN
Class name: ShellLinkReader
Calling method: retrieveDescription
Program path: C:\Users\Tateisukan\AppData\Roaming\Microsoft\Windows\Start Menu\Programs\System Tools\Run.lnk
InnerException number: 1
Exception message: Unexpected HRESULT has been returned from a call to a COM component.
Exception error type: HResult -2147467259
Exception thrown in called method: Void GetDescription(Windows.Win32.Foundation.PWSTR, Int32)
Possible interpretation of the error: Error caused likely due to trying to get the description of the program
Possible resolution: Not yet known
13:49:05.1192+07:00 - ERROR -  - ------------- END Flow.Launcher.Plugin.Program exception -------------
13:49:05.3147+07:00 - ERROR -  - ------------- BEGIN Flow.Launcher.Plugin.Program exception -------------
13:49:05.3147+07:00 - ERROR -  - 
Exception full name: System.Runtime.InteropServices.COMException
Error status: UNKNOWN
Class name: ShellLinkReader
Calling method: retrieveDescription
Program path: C:\ProgramData\Microsoft\Windows\Start Menu\Programs\Accessories\Windows Media Player.lnk
InnerException number: 1
Exception message: Unexpected HRESULT has been returned from a call to a COM component.
Exception error type: HResult -2147467259
Exception thrown in called method: Void GetDescription(Windows.Win32.Foundation.PWSTR, Int32)
Possible interpretation of the error: Error caused likely due to trying to get the description of the program
Possible resolution: Not yet known
13:49:05.3147+07:00 - ERROR -  - ------------- END Flow.Launcher.Plugin.Program exception -------------
13:49:05.5365+07:00 - INFO  - Main.IndexProgramsAsync - UWPProgram index cost <945ms>
13:49:05.5365+07:00 - INFO  - Main.IndexProgramsAsync - Win32Program index cost <947ms>
13:49:08.0592+07:00 - ERROR -  - ------------- BEGIN Flow.Launcher.Plugin.Program exception -------------
13:49:08.0592+07:00 - ERROR -  - 
Exception full name: System.Runtime.InteropServices.COMException
Error status: UNKNOWN
Class name: ShellLinkReader
Calling method: retrieveDescription
Program path: C:\Users\Tateisukan\AppData\Roaming\Microsoft\Windows\Start Menu\Programs\System Tools\computer.lnk
InnerException number: 1
Exception message: Unexpected HRESULT has been returned from a call to a COM component.
Exception error type: HResult -2147467259
Exception thrown in called method: Void GetDescription(Windows.Win32.Foundation.PWSTR, Int32)
Possible interpretation of the error: Error caused likely due to trying to get the description of the program
Possible resolution: Not yet known
13:49:08.0592+07:00 - ERROR -  - ------------- END Flow.Launcher.Plugin.Program exception -------------
13:49:08.0592+07:00 - ERROR -  - ------------- BEGIN Flow.Launcher.Plugin.Program exception -------------
13:49:08.0592+07:00 - ERROR -  - 
Exception full name: System.Runtime.InteropServices.COMException
Error status: UNKNOWN
Class name: ShellLinkReader
Calling method: retrieveDescription
Program path: C:\Users\Tateisukan\AppData\Roaming\Microsoft\Windows\Start Menu\Programs\System Tools\Control Panel.lnk
InnerException number: 1
Exception message: Unexpected HRESULT has been returned from a call to a COM component.
Exception error type: HResult -2147467259
Exception thrown in called method: Void GetDescription(Windows.Win32.Foundation.PWSTR, Int32)
Possible interpretation of the error: Error caused likely due to trying to get the description of the program
Possible resolution: Not yet known
13:49:08.0592+07:00 - ERROR -  - ------------- END Flow.Launcher.Plugin.Program exception -------------
13:49:08.0904+07:00 - ERROR -  - ------------- BEGIN Flow.Launcher.Plugin.Program exception -------------
13:49:08.0904+07:00 - ERROR -  - 
Exception full name: System.Runtime.InteropServices.COMException
Error status: UNKNOWN
Class name: ShellLinkReader
Calling method: retrieveDescription
Program path: C:\Users\Tateisukan\AppData\Roaming\Microsoft\Windows\Start Menu\Programs\System Tools\Run.lnk
InnerException number: 1
Exception message: Unexpected HRESULT has been returned from a call to a COM component.
Exception error type: HResult -2147467259
Exception thrown in called method: Void GetDescription(Windows.Win32.Foundation.PWSTR, Int32)
Possible interpretation of the error: Error caused likely due to trying to get the description of the program
Possible resolution: Not yet known
13:49:08.0904+07:00 - ERROR -  - ------------- END Flow.Launcher.Plugin.Program exception -------------
13:49:08.1219+07:00 - INFO  - Main.IndexProgramsAsync - UWPProgram index cost <306ms>
13:49:08.2315+07:00 - ERROR -  - ------------- BEGIN Flow.Launcher.Plugin.Program exception -------------
13:49:08.2315+07:00 - ERROR -  - 
Exception full name: System.Runtime.InteropServices.COMException
Error status: UNKNOWN
Class name: ShellLinkReader
Calling method: retrieveDescription
Program path: C:\ProgramData\Microsoft\Windows\Start Menu\Programs\Accessories\Windows Media Player.lnk
InnerException number: 1
Exception message: Unexpected HRESULT has been returned from a call to a COM component.
Exception error type: HResult -2147467259
Exception thrown in called method: Void GetDescription(Windows.Win32.Foundation.PWSTR, Int32)
Possible interpretation of the error: Error caused likely due to trying to get the description of the program
Possible resolution: Not yet known
13:49:08.2315+07:00 - ERROR -  - ------------- END Flow.Launcher.Plugin.Program exception -------------
13:49:08.4612+07:00 - INFO  - Main.IndexProgramsAsync - Win32Program index cost <646ms>
13:49:30.8098+07:00 - ERROR -  - ------------- BEGIN Flow.Launcher.Plugin.Program exception -------------
13:49:30.8098+07:00 - ERROR -  - 
Exception full name: System.Runtime.InteropServices.COMException
Error status: UNKNOWN
Class name: ShellLinkReader
Calling method: retrieveDescription
Program path: C:\Users\Tateisukan\AppData\Roaming\Microsoft\Windows\Start Menu\Programs\System Tools\computer.lnk
InnerException number: 1
Exception message: Unexpected HRESULT has been returned from a call to a COM component.
Exception error type: HResult -2147467259
Exception thrown in called method: Void GetDescription(Windows.Win32.Foundation.PWSTR, Int32)
Possible interpretation of the error: Error caused likely due to trying to get the description of the program
Possible resolution: Not yet known
13:49:30.8098+07:00 - ERROR -  - ------------- END Flow.Launcher.Plugin.Program exception -------------
13:49:30.8098+07:00 - ERROR -  - ------------- BEGIN Flow.Launcher.Plugin.Program exception -------------
13:49:30.8098+07:00 - ERROR -  - 
Exception full name: System.Runtime.InteropServices.COMException
Error status: UNKNOWN
Class name: ShellLinkReader
Calling method: retrieveDescription
Program path: C:\Users\Tateisukan\AppData\Roaming\Microsoft\Windows\Start Menu\Programs\System Tools\Control Panel.lnk
InnerException number: 1
Exception message: Unexpected HRESULT has been returned from a call to a COM component.
Exception error type: HResult -2147467259
Exception thrown in called method: Void GetDescription(Windows.Win32.Foundation.PWSTR, Int32)
Possible interpretation of the error: Error caused likely due to trying to get the description of the program
Possible resolution: Not yet known
13:49:30.8098+07:00 - ERROR -  - ------------- END Flow.Launcher.Plugin.Program exception -------------
13:49:30.8393+07:00 - ERROR -  - ------------- BEGIN Flow.Launcher.Plugin.Program exception -------------
13:49:30.8393+07:00 - ERROR -  - 
Exception full name: System.Runtime.InteropServices.COMException
Error status: UNKNOWN
Class name: ShellLinkReader
Calling method: retrieveDescription
Program path: C:\Users\Tateisukan\AppData\Roaming\Microsoft\Windows\Start Menu\Programs\System Tools\Run.lnk
InnerException number: 1
Exception message: Unexpected HRESULT has been returned from a call to a COM component.
Exception error type: HResult -2147467259
Exception thrown in called method: Void GetDescription(Windows.Win32.Foundation.PWSTR, Int32)
Possible interpretation of the error: Error caused likely due to trying to get the description of the program
Possible resolution: Not yet known
13:49:30.8393+07:00 - ERROR -  - ------------- END Flow.Launcher.Plugin.Program exception -------------
13:49:30.9905+07:00 - ERROR -  - ------------- BEGIN Flow.Launcher.Plugin.Program exception -------------
13:49:30.9905+07:00 - ERROR -  - 
Exception full name: System.Runtime.InteropServices.COMException
Error status: UNKNOWN
Class name: ShellLinkReader
Calling method: retrieveDescription
Program path: C:\ProgramData\Microsoft\Windows\Start Menu\Programs\Accessories\Windows Media Player.lnk
InnerException number: 1
Exception message: Unexpected HRESULT has been returned from a call to a COM component.
Exception error type: HResult -2147467259
Exception thrown in called method: Void GetDescription(Windows.Win32.Foundation.PWSTR, Int32)
Possible interpretation of the error: Error caused likely due to trying to get the description of the program
Possible resolution: Not yet known
13:49:30.9905+07:00 - ERROR -  - ------------- END Flow.Launcher.Plugin.Program exception -------------
13:49:31.1788+07:00 - INFO  - Main.IndexProgramsAsync - UWPProgram index cost <872ms>
13:49:31.1788+07:00 - INFO  - Main.IndexProgramsAsync - Win32Program index cost <874ms>
14:00:11.7172+07:00 - INFO  - App.RegisterExitEvents - Session Ending
14:01:34.5716+07:00 - INFO  - App.OnStartup - Begin Flow Launcher startup ----------------------------------------------------
14:01:34.5716+07:00 - INFO  - App.OnStartup - Runtime info:
Flow Launcher version: 2.1.3
OS Version: 19044.7663
IntPtr Length: 8
x64: True
14:01:34.9167+07:00 - INFO  - CommunityPluginSource.FetchAsync - Loading plugins from https://fastly.jsdelivr.net/gh/Flow-Launcher/Flow.Launcher.PluginsManifest@main/plugins.json
14:01:34.9535+07:00 - INFO  - CommunityPluginSource.FetchAsync - Loading plugins from https://gcore.jsdelivr.net/gh/Flow-Launcher/Flow.Launcher.PluginsManifest@main/plugins.json
14:01:34.9535+07:00 - INFO  - CommunityPluginSource.FetchAsync - Loading plugins from https://cdn.jsdelivr.net/gh/Flow-Launcher/Flow.Launcher.PluginsManifest@main/plugins.json
14:01:34.9535+07:00 - INFO  - CommunityPluginSource.FetchAsync - Loading plugins from https://raw.githubusercontent.com/Flow-Launcher/Flow.Launcher.PluginsManifest/main/plugins.json
14:01:35.7496+07:00 - INFO  - ImageLoader.InitializeAsync - Preload images cost <753ms>
14:01:35.7496+07:00 - INFO  - ImageLoader.InitializeAsync - Number of preload images is <48>, Images Number: 48, Unique Items 42
14:01:36.5256+07:00 - INFO  - CommunityPluginSource.FetchAsync - Loaded 354 plugins from https://fastly.jsdelivr.net/gh/Flow-Launcher/Flow.Launcher.PluginsManifest@main/plugins.json
14:01:36.5256+07:00 - INFO  - CommunityPluginSource.FetchAsync - Loaded 354 plugins from https://raw.githubusercontent.com/Flow-Launcher/Flow.Launcher.PluginsManifest/main/plugins.json
14:01:38.0604+07:00 - INFO  - App.OnStartup - End Flow Launcher startup ------------------------------------------------------
14:01:38.0604+07:00 - INFO  - App.OnStartup - Begin plugin initialization ----------------------------------------------------
14:01:39.6929+07:00 - INFO  - App.OnStartup - Startup cost <5580ms>
14:01:39.6966+07:00 - INFO  - PluginManager.InitializePluginsAsync - Total init cost for <Plugin Indicator> is <48ms>
14:01:39.7138+07:00 - INFO  - PluginManager.InitializePluginsAsync - Total init cost for <Plugins Manager> is <229ms>
14:01:39.7138+07:00 - INFO  - PluginManager.InitializePluginsAsync - Total init cost for <URL> is <87ms>
14:01:39.7138+07:00 - INFO  - PluginManager.InitializePluginsAsync - Total init cost for <Windows Settings> is <159ms>
14:01:39.8030+07:00 - INFO  - PluginManager.InitializePluginsAsync - Total init cost for <Process Killer> is <187ms>
14:01:39.8060+07:00 - INFO  - PluginManager.InitializePluginsAsync - Total init cost for <Shell> is <249ms>
14:01:39.8060+07:00 - INFO  - PluginManager.InitializePluginsAsync - Total init cost for <System Commands> is <259ms>
14:01:39.8060+07:00 - INFO  - PluginManager.InitializePluginsAsync - Total init cost for <Web Searches> is <246ms>
14:01:39.8356+07:00 - INFO  - PluginManager.InitializePluginsAsync - Total init cost for <Browser Bookmarks> is <313ms>
14:01:39.8377+07:00 - INFO  - PluginManager.InitializePluginsAsync - Total init cost for <Calculator> is <254ms>
14:01:39.8377+07:00 - INFO  - PluginManager.InitializePluginsAsync - Total init cost for <Explorer> is <316ms>
14:01:39.8773+07:00 - INFO  - Main.InitAsync - Preload programs cost <44ms>
14:01:39.8773+07:00 - INFO  - Main.InitAsync - Number of preload win32 programs <92>
14:01:39.8773+07:00 - INFO  - Main.InitAsync - Number of preload uwps <6>
14:01:39.9073+07:00 - INFO  - PluginManager.InitializePluginsAsync - Total init cost for <Program> is <300ms>
14:01:40.0864+07:00 - INFO  - App.OnStartup - End plugin initialization ------------------------------------------------------
14:01:40.0864+07:00 - INFO  - App.OnStartup - Startup cost <2026ms>
14:13:12.8604+07:00 - ERROR -  - ------------- BEGIN Flow.Launcher.Plugin.Program exception -------------
14:13:12.8604+07:00 - ERROR -  - 
Exception full name: System.Runtime.InteropServices.COMException
Error status: UNKNOWN
Class name: ShellLinkReader
Calling method: retrieveDescription
Program path: C:\Users\Tateisukan\AppData\Roaming\Microsoft\Windows\Start Menu\Programs\System Tools\computer.lnk
InnerException number: 1
Exception message: Unexpected HRESULT has been returned from a call to a COM component.
Exception error type: HResult -2147467259
Exception thrown in called method: Void GetDescription(Windows.Win32.Foundation.PWSTR, Int32)
Possible interpretation of the error: Error caused likely due to trying to get the description of the program
Possible resolution: Not yet known
14:13:12.8604+07:00 - ERROR -  - ------------- END Flow.Launcher.Plugin.Program exception -------------
14:13:12.8707+07:00 - ERROR -  - ------------- BEGIN Flow.Launcher.Plugin.Program exception -------------
14:13:12.8707+07:00 - ERROR -  - 
Exception full name: System.Runtime.InteropServices.COMException
Error status: UNKNOWN
Class name: ShellLinkReader
Calling method: retrieveDescription
Program path: C:\Users\Tateisukan\AppData\Roaming\Microsoft\Windows\Start Menu\Programs\System Tools\Control Panel.lnk
InnerException number: 1
Exception message: Unexpected HRESULT has been returned from a call to a COM component.
Exception error type: HResult -2147467259
Exception thrown in called method: Void GetDescription(Windows.Win32.Foundation.PWSTR, Int32)
Possible interpretation of the error: Error caused likely due to trying to get the description of the program
Possible resolution: Not yet known
14:13:12.8707+07:00 - ERROR -  - ------------- END Flow.Launcher.Plugin.Program exception -------------
14:13:12.8896+07:00 - ERROR -  - ------------- BEGIN Flow.Launcher.Plugin.Program exception -------------
14:13:12.8896+07:00 - ERROR -  - 
Exception full name: System.Runtime.InteropServices.COMException
Error status: UNKNOWN
Class name: ShellLinkReader
Calling method: retrieveDescription
Program path: C:\Users\Tateisukan\AppData\Roaming\Microsoft\Windows\Start Menu\Programs\System Tools\Run.lnk
InnerException number: 1
Exception message: Unexpected HRESULT has been returned from a call to a COM component.
Exception error type: HResult -2147467259
Exception thrown in called method: Void GetDescription(Windows.Win32.Foundation.PWSTR, Int32)
Possible interpretation of the error: Error caused likely due to trying to get the description of the program
Possible resolution: Not yet known
14:13:12.8896+07:00 - ERROR -  - ------------- END Flow.Launcher.Plugin.Program exception -------------
14:13:13.7798+07:00 - ERROR -  - ------------- BEGIN Flow.Launcher.Plugin.Program exception -------------
14:13:13.7798+07:00 - ERROR -  - 
Exception full name: System.Runtime.InteropServices.COMException
Error status: UNKNOWN
Class name: ShellLinkReader
Calling method: retrieveDescription
Program path: C:\ProgramData\Microsoft\Windows\Start Menu\Programs\Accessories\Windows Media Player.lnk
InnerException number: 1
Exception message: Unexpected HRESULT has been returned from a call to a COM component.
Exception error type: HResult -2147467259
Exception thrown in called method: Void GetDescription(Windows.Win32.Foundation.PWSTR, Int32)
Possible interpretation of the error: Error caused likely due to trying to get the description of the program
Possible resolution: Not yet known
14:13:13.7798+07:00 - ERROR -  - ------------- END Flow.Launcher.Plugin.Program exception -------------
14:14:54.3110+07:00 - ERROR -  - ------------- BEGIN Flow.Launcher.Plugin.Program exception -------------
14:14:54.3110+07:00 - ERROR -  - 
Exception full name: System.Runtime.InteropServices.COMException
Error status: UNKNOWN
Class name: ShellLinkReader
Calling method: retrieveDescription
Program path: C:\Users\Tateisukan\AppData\Roaming\Microsoft\Windows\Start Menu\Programs\System Tools\computer.lnk
InnerException number: 1
Exception message: Unexpected HRESULT has been returned from a call to a COM component.
Exception error type: HResult -2147467259
Exception thrown in called method: Void GetDescription(Windows.Win32.Foundation.PWSTR, Int32)
Possible interpretation of the error: Error caused likely due to trying to get the description of the program
Possible resolution: Not yet known
14:14:54.3110+07:00 - ERROR -  - ------------- END Flow.Launcher.Plugin.Program exception -------------
14:14:54.3210+07:00 - ERROR -  - ------------- BEGIN Flow.Launcher.Plugin.Program exception -------------
14:14:54.3210+07:00 - ERROR -  - 
Exception full name: System.Runtime.InteropServices.COMException
Error status: UNKNOWN
Class name: ShellLinkReader
Calling method: retrieveDescription
Program path: C:\Users\Tateisukan\AppData\Roaming\Microsoft\Windows\Start Menu\Programs\System Tools\Control Panel.lnk
InnerException number: 1
Exception message: Unexpected HRESULT has been returned from a call to a COM component.
Exception error type: HResult -2147467259
Exception thrown in called method: Void GetDescription(Windows.Win32.Foundation.PWSTR, Int32)
Possible interpretation of the error: Error caused likely due to trying to get the description of the program
Possible resolution: Not yet known
14:14:54.3210+07:00 - ERROR -  - ------------- END Flow.Launcher.Plugin.Program exception -------------
14:14:54.3385+07:00 - ERROR -  - ------------- BEGIN Flow.Launcher.Plugin.Program exception -------------
14:14:54.3385+07:00 - ERROR -  - 
Exception full name: System.Runtime.InteropServices.COMException
Error status: UNKNOWN
Class name: ShellLinkReader
Calling method: retrieveDescription
Program path: C:\Users\Tateisukan\AppData\Roaming\Microsoft\Windows\Start Menu\Programs\System Tools\Run.lnk
InnerException number: 1
Exception message: Unexpected HRESULT has been returned from a call to a COM component.
Exception error type: HResult -2147467259
Exception thrown in called method: Void GetDescription(Windows.Win32.Foundation.PWSTR, Int32)
Possible interpretation of the error: Error caused likely due to trying to get the description of the program
Possible resolution: Not yet known
14:14:54.3385+07:00 - ERROR -  - ------------- END Flow.Launcher.Plugin.Program exception -------------
14:14:54.4936+07:00 - ERROR -  - ------------- BEGIN Flow.Launcher.Plugin.Program exception -------------
14:14:54.4936+07:00 - ERROR -  - 
Exception full name: System.Runtime.InteropServices.COMException
Error status: UNKNOWN
Class name: ShellLinkReader
Calling method: retrieveDescription
Program path: C:\ProgramData\Microsoft\Windows\Start Menu\Programs\Accessories\Windows Media Player.lnk
InnerException number: 1
Exception message: Unexpected HRESULT has been returned from a call to a COM component.
Exception error type: HResult -2147467259
Exception thrown in called method: Void GetDescription(Windows.Win32.Foundation.PWSTR, Int32)
Possible interpretation of the error: Error caused likely due to trying to get the description of the program
Possible resolution: Not yet known
14:14:54.4936+07:00 - ERROR -  - ------------- END Flow.Launcher.Plugin.Program exception -------------
14:16:37.9323+07:00 - ERROR -  - ------------- BEGIN Flow.Launcher.Plugin.Program exception -------------
14:16:37.9323+07:00 - ERROR -  - 
Exception full name: System.Runtime.InteropServices.COMException
Error status: UNKNOWN
Class name: ShellLinkReader
Calling method: retrieveDescription
Program path: C:\Users\Tateisukan\AppData\Roaming\Microsoft\Windows\Start Menu\Programs\System Tools\computer.lnk
InnerException number: 1
Exception message: Unexpected HRESULT has been returned from a call to a COM component.
Exception error type: HResult -2147467259
Exception thrown in called method: Void GetDescription(Windows.Win32.Foundation.PWSTR, Int32)
Possible interpretation of the error: Error caused likely due to trying to get the description of the program
Possible resolution: Not yet known
14:16:37.9323+07:00 - ERROR -  - ------------- END Flow.Launcher.Plugin.Program exception -------------
14:16:37.9323+07:00 - ERROR -  - ------------- BEGIN Flow.Launcher.Plugin.Program exception -------------
14:16:37.9323+07:00 - ERROR -  - 
Exception full name: System.Runtime.InteropServices.COMException
Error status: UNKNOWN
Class name: ShellLinkReader
Calling method: retrieveDescription
Program path: C:\Users\Tateisukan\AppData\Roaming\Microsoft\Windows\Start Menu\Programs\System Tools\Control Panel.lnk
InnerException number: 1
Exception message: Unexpected HRESULT has been returned from a call to a COM component.
Exception error type: HResult -2147467259
Exception thrown in called method: Void GetDescription(Windows.Win32.Foundation.PWSTR, Int32)
Possible interpretation of the error: Error caused likely due to trying to get the description of the program
Possible resolution: Not yet known
14:16:37.9323+07:00 - ERROR -  - ------------- END Flow.Launcher.Plugin.Program exception -------------
14:16:37.9583+07:00 - ERROR -  - ------------- BEGIN Flow.Launcher.Plugin.Program exception -------------
14:16:37.9583+07:00 - ERROR -  - 
Exception full name: System.Runtime.InteropServices.COMException
Error status: UNKNOWN
Class name: ShellLinkReader
Calling method: retrieveDescription
Program path: C:\Users\Tateisukan\AppData\Roaming\Microsoft\Windows\Start Menu\Programs\System Tools\Run.lnk
InnerException number: 1
Exception message: Unexpected HRESULT has been returned from a call to a COM component.
Exception error type: HResult -2147467259
Exception thrown in called method: Void GetDescription(Windows.Win32.Foundation.PWSTR, Int32)
Possible interpretation of the error: Error caused likely due to trying to get the description of the program
Possible resolution: Not yet known
14:16:37.9583+07:00 - ERROR -  - ------------- END Flow.Launcher.Plugin.Program exception -------------
14:16:38.1409+07:00 - ERROR -  - ------------- BEGIN Flow.Launcher.Plugin.Program exception -------------
14:16:38.1409+07:00 - ERROR -  - 
Exception full name: System.Runtime.InteropServices.COMException
Error status: UNKNOWN
Class name: ShellLinkReader
Calling method: retrieveDescription
Program path: C:\ProgramData\Microsoft\Windows\Start Menu\Programs\Accessories\Windows Media Player.lnk
InnerException number: 1
Exception message: Unexpected HRESULT has been returned from a call to a COM component.
Exception error type: HResult -2147467259
Exception thrown in called method: Void GetDescription(Windows.Win32.Foundation.PWSTR, Int32)
Possible interpretation of the error: Error caused likely due to trying to get the description of the program
Possible resolution: Not yet known
14:16:38.1409+07:00 - ERROR -  - ------------- END Flow.Launcher.Plugin.Program exception -------------
14:38:39.4946+07:00 - ERROR -  - ------------- BEGIN Flow.Launcher.Plugin.Program exception -------------
14:38:39.4946+07:00 - ERROR -  - 
Exception full name: System.Runtime.InteropServices.COMException
Error status: UNKNOWN
Class name: ShellLinkReader
Calling method: retrieveDescription
Program path: C:\Users\Tateisukan\AppData\Roaming\Microsoft\Windows\Start Menu\Programs\System Tools\computer.lnk
InnerException number: 1
Exception message: Unexpected HRESULT has been returned from a call to a COM component.
Exception error type: HResult -2147467259
Exception thrown in called method: Void GetDescription(Windows.Win32.Foundation.PWSTR, Int32)
Possible interpretation of the error: Error caused likely due to trying to get the description of the program
Possible resolution: Not yet known
14:38:39.4946+07:00 - ERROR -  - ------------- END Flow.Launcher.Plugin.Program exception -------------
14:38:39.4946+07:00 - ERROR -  - ------------- BEGIN Flow.Launcher.Plugin.Program exception -------------
14:38:39.4946+07:00 - ERROR -  - 
Exception full name: System.Runtime.InteropServices.COMException
Error status: UNKNOWN
Class name: ShellLinkReader
Calling method: retrieveDescription
Program path: C:\Users\Tateisukan\AppData\Roaming\Microsoft\Windows\Start Menu\Programs\System Tools\Control Panel.lnk
InnerException number: 1
Exception message: Unexpected HRESULT has been returned from a call to a COM component.
Exception error type: HResult -2147467259
Exception thrown in called method: Void GetDescription(Windows.Win32.Foundation.PWSTR, Int32)
Possible interpretation of the error: Error caused likely due to trying to get the description of the program
Possible resolution: Not yet known
14:38:39.4946+07:00 - ERROR -  - ------------- END Flow.Launcher.Plugin.Program exception -------------
14:38:39.5195+07:00 - ERROR -  - ------------- BEGIN Flow.Launcher.Plugin.Program exception -------------
14:38:39.5195+07:00 - ERROR -  - 
Exception full name: System.Runtime.InteropServices.COMException
Error status: UNKNOWN
Class name: ShellLinkReader
Calling method: retrieveDescription
Program path: C:\Users\Tateisukan\AppData\Roaming\Microsoft\Windows\Start Menu\Programs\System Tools\Run.lnk
InnerException number: 1
Exception message: Unexpected HRESULT has been returned from a call to a COM component.
Exception error type: HResult -2147467259
Exception thrown in called method: Void GetDescription(Windows.Win32.Foundation.PWSTR, Int32)
Possible interpretation of the error: Error caused likely due to trying to get the description of the program
Possible resolution: Not yet known
14:38:39.5195+07:00 - ERROR -  - ------------- END Flow.Launcher.Plugin.Program exception -------------
14:38:39.6820+07:00 - ERROR -  - ------------- BEGIN Flow.Launcher.Plugin.Program exception -------------
14:38:39.6820+07:00 - ERROR -  - 
Exception full name: System.Runtime.InteropServices.COMException
Error status: UNKNOWN
Class name: ShellLinkReader
Calling method: retrieveDescription
Program path: C:\ProgramData\Microsoft\Windows\Start Menu\Programs\Accessories\Windows Media Player.lnk
InnerException number: 1
Exception message: Unexpected HRESULT has been returned from a call to a COM component.
Exception error type: HResult -2147467259
Exception thrown in called method: Void GetDescription(Windows.Win32.Foundation.PWSTR, Int32)
Possible interpretation of the error: Error caused likely due to trying to get the description of the program
Possible resolution: Not yet known
14:38:39.6820+07:00 - ERROR -  - ------------- END Flow.Launcher.Plugin.Program exception -------------
14:39:49.5217+07:00 - ERROR -  - ------------- BEGIN Flow.Launcher.Plugin.Program exception -------------
14:39:49.5217+07:00 - ERROR -  - 
Exception full name: System.Runtime.InteropServices.COMException
Error status: UNKNOWN
Class name: ShellLinkReader
Calling method: retrieveDescription
Program path: C:\Users\Tateisukan\AppData\Roaming\Microsoft\Windows\Start Menu\Programs\System Tools\computer.lnk
InnerException number: 1
Exception message: Unexpected HRESULT has been returned from a call to a COM component.
Exception error type: HResult -2147467259
Exception thrown in called method: Void GetDescription(Windows.Win32.Foundation.PWSTR, Int32)
Possible interpretation of the error: Error caused likely due to trying to get the description of the program
Possible resolution: Not yet known
14:39:49.5217+07:00 - ERROR -  - ------------- END Flow.Launcher.Plugin.Program exception -------------
14:39:49.5311+07:00 - ERROR -  - ------------- BEGIN Flow.Launcher.Plugin.Program exception -------------
14:39:49.5311+07:00 - ERROR -  - 
Exception full name: System.Runtime.InteropServices.COMException
Error status: UNKNOWN
Class name: ShellLinkReader
Calling method: retrieveDescription
Program path: C:\Users\Tateisukan\AppData\Roaming\Microsoft\Windows\Start Menu\Programs\System Tools\Control Panel.lnk
InnerException number: 1
Exception message: Unexpected HRESULT has been returned from a call to a COM component.
Exception error type: HResult -2147467259
Exception thrown in called method: Void GetDescription(Windows.Win32.Foundation.PWSTR, Int32)
Possible interpretation of the error: Error caused likely due to trying to get the description of the program
Possible resolution: Not yet known
14:39:49.5311+07:00 - ERROR -  - ------------- END Flow.Launcher.Plugin.Program exception -------------
14:39:49.5493+07:00 - ERROR -  - ------------- BEGIN Flow.Launcher.Plugin.Program exception -------------
14:39:49.5493+07:00 - ERROR -  - 
Exception full name: System.Runtime.InteropServices.COMException
Error status: UNKNOWN
Class name: ShellLinkReader
Calling method: retrieveDescription
Program path: C:\Users\Tateisukan\AppData\Roaming\Microsoft\Windows\Start Menu\Programs\System Tools\Run.lnk
InnerException number: 1
Exception message: Unexpected HRESULT has been returned from a call to a COM component.
Exception error type: HResult -2147467259
Exception thrown in called method: Void GetDescription(Windows.Win32.Foundation.PWSTR, Int32)
Possible interpretation of the error: Error caused likely due to trying to get the description of the program
Possible resolution: Not yet known
14:39:49.5493+07:00 - ERROR -  - ------------- END Flow.Launcher.Plugin.Program exception -------------
14:39:49.7188+07:00 - ERROR -  - ------------- BEGIN Flow.Launcher.Plugin.Program exception -------------
14:39:49.7188+07:00 - ERROR -  - 
Exception full name: System.Runtime.InteropServices.COMException
Error status: UNKNOWN
Class name: ShellLinkReader
Calling method: retrieveDescription
Program path: C:\ProgramData\Microsoft\Windows\Start Menu\Programs\Accessories\Windows Media Player.lnk
InnerException number: 1
Exception message: Unexpected HRESULT has been returned from a call to a COM component.
Exception error type: HResult -2147467259
Exception thrown in called method: Void GetDescription(Windows.Win32.Foundation.PWSTR, Int32)
Possible interpretation of the error: Error caused likely due to trying to get the description of the program
Possible resolution: Not yet known
14:39:49.7188+07:00 - ERROR -  - ------------- END Flow.Launcher.Plugin.Program exception -------------
14:39:51.4200+07:00 - ERROR -  - ------------- BEGIN Flow.Launcher.Plugin.Program exception -------------
14:39:51.4200+07:00 - ERROR -  - 
Exception full name: System.Runtime.InteropServices.COMException
Error status: UNKNOWN
Class name: ShellLinkReader
Calling method: retrieveDescription
Program path: C:\Users\Tateisukan\AppData\Roaming\Microsoft\Windows\Start Menu\Programs\System Tools\computer.lnk
InnerException number: 1
Exception message: Unexpected HRESULT has been returned from a call to a COM component.
Exception error type: HResult -2147467259
Exception thrown in called method: Void GetDescription(Windows.Win32.Foundation.PWSTR, Int32)
Possible interpretation of the error: Error caused likely due to trying to get the description of the program
Possible resolution: Not yet known
14:39:51.4200+07:00 - ERROR -  - ------------- END Flow.Launcher.Plugin.Program exception -------------
14:39:51.4305+07:00 - ERROR -  - ------------- BEGIN Flow.Launcher.Plugin.Program exception -------------
14:39:51.4305+07:00 - ERROR -  - 
Exception full name: System.Runtime.InteropServices.COMException
Error status: UNKNOWN
Class name: ShellLinkReader
Calling method: retrieveDescription
Program path: C:\Users\Tateisukan\AppData\Roaming\Microsoft\Windows\Start Menu\Programs\System Tools\Control Panel.lnk
InnerException number: 1
Exception message: Unexpected HRESULT has been returned from a call to a COM component.
Exception error type: HResult -2147467259
Exception thrown in called method: Void GetDescription(Windows.Win32.Foundation.PWSTR, Int32)
Possible interpretation of the error: Error caused likely due to trying to get the description of the program
Possible resolution: Not yet known
14:39:51.4305+07:00 - ERROR -  - ------------- END Flow.Launcher.Plugin.Program exception -------------
14:39:51.4504+07:00 - ERROR -  - ------------- BEGIN Flow.Launcher.Plugin.Program exception -------------
14:39:51.4504+07:00 - ERROR -  - 
Exception full name: System.Runtime.InteropServices.COMException
Error status: UNKNOWN
Class name: ShellLinkReader
Calling method: retrieveDescription
Program path: C:\Users\Tateisukan\AppData\Roaming\Microsoft\Windows\Start Menu\Programs\System Tools\Run.lnk
InnerException number: 1
Exception message: Unexpected HRESULT has been returned from a call to a COM component.
Exception error type: HResult -2147467259
Exception thrown in called method: Void GetDescription(Windows.Win32.Foundation.PWSTR, Int32)
Possible interpretation of the error: Error caused likely due to trying to get the description of the program
Possible resolution: Not yet known
14:39:51.4504+07:00 - ERROR -  - ------------- END Flow.Launcher.Plugin.Program exception -------------
14:39:51.5478+07:00 - INFO  - Main.IndexProgramsAsync - UWPProgram index cost <337ms>
14:39:51.6060+07:00 - ERROR -  - ------------- BEGIN Flow.Launcher.Plugin.Program exception -------------
14:39:51.6060+07:00 - ERROR -  - 
Exception full name: System.Runtime.InteropServices.COMException
Error status: UNKNOWN
Class name: ShellLinkReader
Calling method: retrieveDescription
Program path: C:\ProgramData\Microsoft\Windows\Start Menu\Programs\Accessories\Windows Media Player.lnk
InnerException number: 1
Exception message: Unexpected HRESULT has been returned from a call to a COM component.
Exception error type: HResult -2147467259
Exception thrown in called method: Void GetDescription(Windows.Win32.Foundation.PWSTR, Int32)
Possible interpretation of the error: Error caused likely due to trying to get the description of the program
Possible resolution: Not yet known
14:39:51.6060+07:00 - ERROR -  - ------------- END Flow.Launcher.Plugin.Program exception -------------
14:39:51.8340+07:00 - INFO  - Main.IndexProgramsAsync - Win32Program index cost <623ms>
14:41:56.8733+07:00 - ERROR -  - ------------- BEGIN Flow.Launcher.Plugin.Program exception -------------
14:41:56.8733+07:00 - ERROR -  - 
Exception full name: System.Runtime.InteropServices.COMException
Error status: UNKNOWN
Class name: ShellLinkReader
Calling method: retrieveDescription
Program path: C:\Users\Tateisukan\AppData\Roaming\Microsoft\Windows\Start Menu\Programs\System Tools\computer.lnk
InnerException number: 1
Exception message: Unexpected HRESULT has been returned from a call to a COM component.
Exception error type: HResult -2147467259
Exception thrown in called method: Void GetDescription(Windows.Win32.Foundation.PWSTR, Int32)
Possible interpretation of the error: Error caused likely due to trying to get the description of the program
Possible resolution: Not yet known
14:41:56.8733+07:00 - ERROR -  - ------------- END Flow.Launcher.Plugin.Program exception -------------
14:41:56.8833+07:00 - ERROR -  - ------------- BEGIN Flow.Launcher.Plugin.Program exception -------------
14:41:56.8833+07:00 - ERROR -  - 
Exception full name: System.Runtime.InteropServices.COMException
Error status: UNKNOWN
Class name: ShellLinkReader
Calling method: retrieveDescription
Program path: C:\Users\Tateisukan\AppData\Roaming\Microsoft\Windows\Start Menu\Programs\System Tools\Control Panel.lnk
InnerException number: 1
Exception message: Unexpected HRESULT has been returned from a call to a COM component.
Exception error type: HResult -2147467259
Exception thrown in called method: Void GetDescription(Windows.Win32.Foundation.PWSTR, Int32)
Possible interpretation of the error: Error caused likely due to trying to get the description of the program
Possible resolution: Not yet known
14:41:56.8833+07:00 - ERROR -  - ------------- END Flow.Launcher.Plugin.Program exception -------------
14:41:56.9020+07:00 - ERROR -  - ------------- BEGIN Flow.Launcher.Plugin.Program exception -------------
14:41:56.9020+07:00 - ERROR -  - 
Exception full name: System.Runtime.InteropServices.COMException
Error status: UNKNOWN
Class name: ShellLinkReader
Calling method: retrieveDescription
Program path: C:\Users\Tateisukan\AppData\Roaming\Microsoft\Windows\Start Menu\Programs\System Tools\Run.lnk
InnerException number: 1
Exception message: Unexpected HRESULT has been returned from a call to a COM component.
Exception error type: HResult -2147467259
Exception thrown in called method: Void GetDescription(Windows.Win32.Foundation.PWSTR, Int32)
Possible interpretation of the error: Error caused likely due to trying to get the description of the program
Possible resolution: Not yet known
14:41:56.9020+07:00 - ERROR -  - ------------- END Flow.Launcher.Plugin.Program exception -------------
14:41:57.0923+07:00 - ERROR -  - ------------- BEGIN Flow.Launcher.Plugin.Program exception -------------
14:41:57.0923+07:00 - ERROR -  - 
Exception full name: System.Runtime.InteropServices.COMException
Error status: UNKNOWN
Class name: ShellLinkReader
Calling method: retrieveDescription
Program path: C:\ProgramData\Microsoft\Windows\Start Menu\Programs\Accessories\Windows Media Player.lnk
InnerException number: 1
Exception message: Unexpected HRESULT has been returned from a call to a COM component.
Exception error type: HResult -2147467259
Exception thrown in called method: Void GetDescription(Windows.Win32.Foundation.PWSTR, Int32)
Possible interpretation of the error: Error caused likely due to trying to get the description of the program
Possible resolution: Not yet known
14:41:57.0923+07:00 - ERROR -  - ------------- END Flow.Launcher.Plugin.Program exception -------------
14:44:12.0396+07:00 - ERROR -  - ------------- BEGIN Flow.Launcher.Plugin.Program exception -------------
14:44:12.0396+07:00 - ERROR -  - 
Exception full name: System.Runtime.InteropServices.COMException
Error status: UNKNOWN
Class name: ShellLinkReader
Calling method: retrieveDescription
Program path: C:\Users\Tateisukan\AppData\Roaming\Microsoft\Windows\Start Menu\Programs\System Tools\computer.lnk
InnerException number: 1
Exception message: Unexpected HRESULT has been returned from a call to a COM component.
Exception error type: HResult -2147467259
Exception thrown in called method: Void GetDescription(Windows.Win32.Foundation.PWSTR, Int32)
Possible interpretation of the error: Error caused likely due to trying to get the description of the program
Possible resolution: Not yet known
14:44:12.0396+07:00 - ERROR -  - ------------- END Flow.Launcher.Plugin.Program exception -------------
14:44:12.0396+07:00 - ERROR -  - ------------- BEGIN Flow.Launcher.Plugin.Program exception -------------
14:44:12.0396+07:00 - ERROR -  - 
Exception full name: System.Runtime.InteropServices.COMException
Error status: UNKNOWN
Class name: ShellLinkReader
Calling method: retrieveDescription
Program path: C:\Users\Tateisukan\AppData\Roaming\Microsoft\Windows\Start Menu\Programs\System Tools\Control Panel.lnk
InnerException number: 1
Exception message: Unexpected HRESULT has been returned from a call to a COM component.
Exception error type: HResult -2147467259
Exception thrown in called method: Void GetDescription(Windows.Win32.Foundation.PWSTR, Int32)
Possible interpretation of the error: Error caused likely due to trying to get the description of the program
Possible resolution: Not yet known
14:44:12.0396+07:00 - ERROR -  - ------------- END Flow.Launcher.Plugin.Program exception -------------
14:44:12.0758+07:00 - ERROR -  - ------------- BEGIN Flow.Launcher.Plugin.Program exception -------------
14:44:12.0758+07:00 - ERROR -  - 
Exception full name: System.Runtime.InteropServices.COMException
Error status: UNKNOWN
Class name: ShellLinkReader
Calling method: retrieveDescription
Program path: C:\Users\Tateisukan\AppData\Roaming\Microsoft\Windows\Start Menu\Programs\System Tools\Run.lnk
InnerException number: 1
Exception message: Unexpected HRESULT has been returned from a call to a COM component.
Exception error type: HResult -2147467259
Exception thrown in called method: Void GetDescription(Windows.Win32.Foundation.PWSTR, Int32)
Possible interpretation of the error: Error caused likely due to trying to get the description of the program
Possible resolution: Not yet known
14:44:12.0758+07:00 - ERROR -  - ------------- END Flow.Launcher.Plugin.Program exception -------------
14:44:12.0987+07:00 - INFO  - Main.IndexProgramsAsync - UWPProgram index cost <315ms>
14:44:12.2265+07:00 - ERROR -  - ------------- BEGIN Flow.Launcher.Plugin.Program exception -------------
14:44:12.2265+07:00 - ERROR -  - 
Exception full name: System.Runtime.InteropServices.COMException
Error status: UNKNOWN
Class name: ShellLinkReader
Calling method: retrieveDescription
Program path: C:\ProgramData\Microsoft\Windows\Start Menu\Programs\Accessories\Windows Media Player.lnk
InnerException number: 1
Exception message: Unexpected HRESULT has been returned from a call to a COM component.
Exception error type: HResult -2147467259
Exception thrown in called method: Void GetDescription(Windows.Win32.Foundation.PWSTR, Int32)
Possible interpretation of the error: Error caused likely due to trying to get the description of the program
Possible resolution: Not yet known
14:44:12.2265+07:00 - ERROR -  - ------------- END Flow.Launcher.Plugin.Program exception -------------
14:44:12.5255+07:00 - INFO  - Main.IndexProgramsAsync - Win32Program index cost <741ms>
15:32:29.0657+07:00 - ERROR -  - ------------- BEGIN Flow.Launcher.Plugin.Program exception -------------
15:32:29.0657+07:00 - ERROR -  - 
Exception full name: System.Runtime.InteropServices.COMException
Error status: UNKNOWN
Class name: ShellLinkReader
Calling method: retrieveDescription
Program path: C:\Users\Tateisukan\AppData\Roaming\Microsoft\Windows\Start Menu\Programs\System Tools\computer.lnk
InnerException number: 1
Exception message: Unexpected HRESULT has been returned from a call to a COM component.
Exception error type: HResult -2147467259
Exception thrown in called method: Void GetDescription(Windows.Win32.Foundation.PWSTR, Int32)
Possible interpretation of the error: Error caused likely due to trying to get the description of the program
Possible resolution: Not yet known
15:32:29.0657+07:00 - ERROR -  - ------------- END Flow.Launcher.Plugin.Program exception -------------
15:32:29.0711+07:00 - ERROR -  - ------------- BEGIN Flow.Launcher.Plugin.Program exception -------------
15:32:29.0711+07:00 - ERROR -  - 
Exception full name: System.Runtime.InteropServices.COMException
Error status: UNKNOWN
Class name: ShellLinkReader
Calling method: retrieveDescription
Program path: C:\Users\Tateisukan\AppData\Roaming\Microsoft\Windows\Start Menu\Programs\System Tools\Control Panel.lnk
InnerException number: 1
Exception message: Unexpected HRESULT has been returned from a call to a COM component.
Exception error type: HResult -2147467259
Exception thrown in called method: Void GetDescription(Windows.Win32.Foundation.PWSTR, Int32)
Possible interpretation of the error: Error caused likely due to trying to get the description of the program
Possible resolution: Not yet known
15:32:29.0711+07:00 - ERROR -  - ------------- END Flow.Launcher.Plugin.Program exception -------------
15:32:29.0711+07:00 - ERROR -  - ------------- BEGIN Flow.Launcher.Plugin.Program exception -------------
15:32:29.0711+07:00 - ERROR -  - 
Exception full name: System.Runtime.InteropServices.COMException
Error status: UNKNOWN
Class name: ShellLinkReader
Calling method: retrieveDescription
Program path: C:\Users\Tateisukan\AppData\Roaming\Microsoft\Windows\Start Menu\Programs\System Tools\Run.lnk
InnerException number: 1
Exception message: Unexpected HRESULT has been returned from a call to a COM component.
Exception error type: HResult -2147467259
Exception thrown in called method: Void GetDescription(Windows.Win32.Foundation.PWSTR, Int32)
Possible interpretation of the error: Error caused likely due to trying to get the description of the program
Possible resolution: Not yet known
15:32:29.0711+07:00 - ERROR -  - ------------- END Flow.Launcher.Plugin.Program exception -------------
15:32:29.2346+07:00 - ERROR -  - ------------- BEGIN Flow.Launcher.Plugin.Program exception -------------
15:32:29.2346+07:00 - ERROR -  - 
Exception full name: System.Runtime.InteropServices.COMException
Error status: UNKNOWN
Class name: ShellLinkReader
Calling method: retrieveDescription
Program path: C:\ProgramData\Microsoft\Windows\Start Menu\Programs\Accessories\Windows Media Player.lnk
InnerException number: 1
Exception message: Unexpected HRESULT has been returned from a call to a COM component.
Exception error type: HResult -2147467259
Exception thrown in called method: Void GetDescription(Windows.Win32.Foundation.PWSTR, Int32)
Possible interpretation of the error: Error caused likely due to trying to get the description of the program
Possible resolution: Not yet known
15:32:29.2346+07:00 - ERROR -  - ------------- END Flow.Launcher.Plugin.Program exception -------------
16:29:31.3459+07:00 - ERROR -  - ------------- BEGIN Flow.Launcher.Plugin.Program exception -------------
16:29:31.3459+07:00 - ERROR -  - 
Exception full name: System.Runtime.InteropServices.COMException
Error status: UNKNOWN
Class name: ShellLinkReader
Calling method: retrieveDescription
Program path: C:\Users\Tateisukan\AppData\Roaming\Microsoft\Windows\Start Menu\Programs\System Tools\computer.lnk
InnerException number: 1
Exception message: Unexpected HRESULT has been returned from a call to a COM component.
Exception error type: HResult -2147467259
Exception thrown in called method: Void GetDescription(Windows.Win32.Foundation.PWSTR, Int32)
Possible interpretation of the error: Error caused likely due to trying to get the description of the program
Possible resolution: Not yet known
16:29:31.3459+07:00 - ERROR -  - ------------- END Flow.Launcher.Plugin.Program exception -------------
16:29:31.3515+07:00 - ERROR -  - ------------- BEGIN Flow.Launcher.Plugin.Program exception -------------
16:29:31.3515+07:00 - ERROR -  - 
Exception full name: System.Runtime.InteropServices.COMException
Error status: UNKNOWN
Class name: ShellLinkReader
Calling method: retrieveDescription
Program path: C:\Users\Tateisukan\AppData\Roaming\Microsoft\Windows\Start Menu\Programs\System Tools\Control Panel.lnk
InnerException number: 1
Exception message: Unexpected HRESULT has been returned from a call to a COM component.
Exception error type: HResult -2147467259
Exception thrown in called method: Void GetDescription(Windows.Win32.Foundation.PWSTR, Int32)
Possible interpretation of the error: Error caused likely due to trying to get the description of the program
Possible resolution: Not yet known
16:29:31.3515+07:00 - ERROR -  - ------------- END Flow.Launcher.Plugin.Program exception -------------
16:29:31.3515+07:00 - ERROR -  - ------------- BEGIN Flow.Launcher.Plugin.Program exception -------------
16:29:31.3515+07:00 - ERROR -  - 
Exception full name: System.Runtime.InteropServices.COMException
Error status: UNKNOWN
Class name: ShellLinkReader
Calling method: retrieveDescription
Program path: C:\Users\Tateisukan\AppData\Roaming\Microsoft\Windows\Start Menu\Programs\System Tools\Run.lnk
InnerException number: 1
Exception message: Unexpected HRESULT has been returned from a call to a COM component.
Exception error type: HResult -2147467259
Exception thrown in called method: Void GetDescription(Windows.Win32.Foundation.PWSTR, Int32)
Possible interpretation of the error: Error caused likely due to trying to get the description of the program
Possible resolution: Not yet known
16:29:31.3515+07:00 - ERROR -  - ------------- END Flow.Launcher.Plugin.Program exception -------------
16:29:31.4512+07:00 - ERROR -  - ------------- BEGIN Flow.Launcher.Plugin.Program exception -------------
16:29:31.4512+07:00 - ERROR -  - 
Exception full name: System.Runtime.InteropServices.COMException
Error status: UNKNOWN
Class name: ShellLinkReader
Calling method: retrieveDescription
Program path: C:\ProgramData\Microsoft\Windows\Start Menu\Programs\Accessories\Windows Media Player.lnk
InnerException number: 1
Exception message: Unexpected HRESULT has been returned from a call to a COM component.
Exception error type: HResult -2147467259
Exception thrown in called method: Void GetDescription(Windows.Win32.Foundation.PWSTR, Int32)
Possible interpretation of the error: Error caused likely due to trying to get the description of the program
Possible resolution: Not yet known
16:29:31.4512+07:00 - ERROR -  - ------------- END Flow.Launcher.Plugin.Program exception -------------
19:30:34.6637+07:00 - ERROR -  - ------------- BEGIN Flow.Launcher.Plugin.Program exception -------------
19:30:34.6637+07:00 - ERROR -  - 
Exception full name: System.Runtime.InteropServices.COMException
Error status: UNKNOWN
Class name: ShellLinkReader
Calling method: retrieveDescription
Program path: C:\Users\Tateisukan\AppData\Roaming\Microsoft\Windows\Start Menu\Programs\System Tools\computer.lnk
InnerException number: 1
Exception message: Unexpected HRESULT has been returned from a call to a COM component.
Exception error type: HResult -2147467259
Exception thrown in called method: Void GetDescription(Windows.Win32.Foundation.PWSTR, Int32)
Possible interpretation of the error: Error caused likely due to trying to get the description of the program
Possible resolution: Not yet known
19:30:34.6637+07:00 - ERROR -  - ------------- END Flow.Launcher.Plugin.Program exception -------------
19:30:34.6692+07:00 - ERROR -  - ------------- BEGIN Flow.Launcher.Plugin.Program exception -------------
19:30:34.6692+07:00 - ERROR -  - 
Exception full name: System.Runtime.InteropServices.COMException
Error status: UNKNOWN
Class name: ShellLinkReader
Calling method: retrieveDescription
Program path: C:\Users\Tateisukan\AppData\Roaming\Microsoft\Windows\Start Menu\Programs\System Tools\Control Panel.lnk
InnerException number: 1
Exception message: Unexpected HRESULT has been returned from a call to a COM component.
Exception error type: HResult -2147467259
Exception thrown in called method: Void GetDescription(Windows.Win32.Foundation.PWSTR, Int32)
Possible interpretation of the error: Error caused likely due to trying to get the description of the program
Possible resolution: Not yet known
19:30:34.6692+07:00 - ERROR -  - ------------- END Flow.Launcher.Plugin.Program exception -------------
19:30:34.6798+07:00 - ERROR -  - ------------- BEGIN Flow.Launcher.Plugin.Program exception -------------
19:30:34.6798+07:00 - ERROR -  - 
Exception full name: System.Runtime.InteropServices.COMException
Error status: UNKNOWN
Class name: ShellLinkReader
Calling method: retrieveDescription
Program path: C:\Users\Tateisukan\AppData\Roaming\Microsoft\Windows\Start Menu\Programs\System Tools\Run.lnk
InnerException number: 1
Exception message: Unexpected HRESULT has been returned from a call to a COM component.
Exception error type: HResult -2147467259
Exception thrown in called method: Void GetDescription(Windows.Win32.Foundation.PWSTR, Int32)
Possible interpretation of the error: Error caused likely due to trying to get the description of the program
Possible resolution: Not yet known
19:30:34.6798+07:00 - ERROR -  - ------------- END Flow.Launcher.Plugin.Program exception -------------
19:30:34.7834+07:00 - ERROR -  - ------------- BEGIN Flow.Launcher.Plugin.Program exception -------------
19:30:34.7834+07:00 - ERROR -  - 
Exception full name: System.Runtime.InteropServices.COMException
Error status: UNKNOWN
Class name: ShellLinkReader
Calling method: retrieveDescription
Program path: C:\ProgramData\Microsoft\Windows\Start Menu\Programs\Accessories\Windows Media Player.lnk
InnerException number: 1
Exception message: Unexpected HRESULT has been returned from a call to a COM component.
Exception error type: HResult -2147467259
Exception thrown in called method: Void GetDescription(Windows.Win32.Foundation.PWSTR, Int32)
Possible interpretation of the error: Error caused likely due to trying to get the description of the program
Possible resolution: Not yet known
19:30:34.7834+07:00 - ERROR -  - ------------- END Flow.Launcher.Plugin.Program exception -------------
19:30:41.6532+07:00 - ERROR -  - ------------- BEGIN Flow.Launcher.Plugin.Program exception -------------
19:30:41.6532+07:00 - ERROR -  - 
Exception full name: System.Runtime.InteropServices.COMException
Error status: UNKNOWN
Class name: ShellLinkReader
Calling method: retrieveDescription
Program path: C:\Users\Tateisukan\AppData\Roaming\Microsoft\Windows\Start Menu\Programs\System Tools\computer.lnk
InnerException number: 1
Exception message: Unexpected HRESULT has been returned from a call to a COM component.
Exception error type: HResult -2147467259
Exception thrown in called method: Void GetDescription(Windows.Win32.Foundation.PWSTR, Int32)
Possible interpretation of the error: Error caused likely due to trying to get the description of the program
Possible resolution: Not yet known
19:30:41.6532+07:00 - ERROR -  - ------------- END Flow.Launcher.Plugin.Program exception -------------
19:30:41.6532+07:00 - ERROR -  - ------------- BEGIN Flow.Launcher.Plugin.Program exception -------------
19:30:41.6532+07:00 - ERROR -  - 
Exception full name: System.Runtime.InteropServices.COMException
Error status: UNKNOWN
Class name: ShellLinkReader
Calling method: retrieveDescription
Program path: C:\Users\Tateisukan\AppData\Roaming\Microsoft\Windows\Start Menu\Programs\System Tools\Control Panel.lnk
InnerException number: 1
Exception message: Unexpected HRESULT has been returned from a call to a COM component.
Exception error type: HResult -2147467259
Exception thrown in called method: Void GetDescription(Windows.Win32.Foundation.PWSTR, Int32)
Possible interpretation of the error: Error caused likely due to trying to get the description of the program
Possible resolution: Not yet known
19:30:41.6532+07:00 - ERROR -  - ------------- END Flow.Launcher.Plugin.Program exception -------------
19:30:41.6750+07:00 - ERROR -  - ------------- BEGIN Flow.Launcher.Plugin.Program exception -------------
19:30:41.6750+07:00 - ERROR -  - 
Exception full name: System.Runtime.InteropServices.COMException
Error status: UNKNOWN
Class name: ShellLinkReader
Calling method: retrieveDescription
Program path: C:\Users\Tateisukan\AppData\Roaming\Microsoft\Windows\Start Menu\Programs\System Tools\Run.lnk
InnerException number: 1
Exception message: Unexpected HRESULT has been returned from a call to a COM component.
Exception error type: HResult -2147467259
Exception thrown in called method: Void GetDescription(Windows.Win32.Foundation.PWSTR, Int32)
Possible interpretation of the error: Error caused likely due to trying to get the description of the program
Possible resolution: Not yet known
19:30:41.6750+07:00 - ERROR -  - ------------- END Flow.Launcher.Plugin.Program exception -------------
19:30:41.7735+07:00 - ERROR -  - ------------- BEGIN Flow.Launcher.Plugin.Program exception -------------
19:30:41.7735+07:00 - ERROR -  - 
Exception full name: System.Runtime.InteropServices.COMException
Error status: UNKNOWN
Class name: ShellLinkReader
Calling method: retrieveDescription
Program path: C:\ProgramData\Microsoft\Windows\Start Menu\Programs\Accessories\Windows Media Player.lnk
InnerException number: 1
Exception message: Unexpected HRESULT has been returned from a call to a COM component.
Exception error type: HResult -2147467259
Exception thrown in called method: Void GetDescription(Windows.Win32.Foundation.PWSTR, Int32)
Possible interpretation of the error: Error caused likely due to trying to get the description of the program
Possible resolution: Not yet known
19:30:41.7735+07:00 - ERROR -  - ------------- END Flow.Launcher.Plugin.Program exception -------------
20:46:10.5774+07:00 - INFO  - CommunityPluginSource.FetchAsync - Loading plugins from https://fastly.jsdelivr.net/gh/Flow-Launcher/Flow.Launcher.PluginsManifest@main/plugins.json
20:46:10.5774+07:00 - INFO  - CommunityPluginSource.FetchAsync - Loading plugins from https://gcore.jsdelivr.net/gh/Flow-Launcher/Flow.Launcher.PluginsManifest@main/plugins.json
20:46:10.5774+07:00 - INFO  - CommunityPluginSource.FetchAsync - Loading plugins from https://cdn.jsdelivr.net/gh/Flow-Launcher/Flow.Launcher.PluginsManifest@main/plugins.json
20:46:10.5774+07:00 - INFO  - CommunityPluginSource.FetchAsync - Loading plugins from https://raw.githubusercontent.com/Flow-Launcher/Flow.Launcher.PluginsManifest/main/plugins.json
20:46:11.0669+07:00 - INFO  - CommunityPluginSource.FetchAsync - Resource https://raw.githubusercontent.com/Flow-Launcher/Flow.Launcher.PluginsManifest/main/plugins.json has not been modified.
20:46:11.0669+07:00 - INFO  - CommunityPluginSource.FetchAsync - Resource https://fastly.jsdelivr.net/gh/Flow-Launcher/Flow.Launcher.PluginsManifest@main/plugins.json has not been modified.
20:46:11.0669+07:00 - WARN  - CommunityPluginSource.FetchAsync - Failed to load resource https://gcore.jsdelivr.net/gh/Flow-Launcher/Flow.Launcher.PluginsManifest@main/plugins.json with response InternalServerError
20:46:11.0669+07:00 - WARN  - CommunityPluginSource.FetchAsync - Failed to load resource https://cdn.jsdelivr.net/gh/Flow-Launcher/Flow.Launcher.PluginsManifest@main/plugins.json with response InternalServerError
20:46:16.3224+07:00 - ERROR -  - ------------- BEGIN Flow.Launcher.Plugin.Program exception -------------
20:46:16.3224+07:00 - ERROR -  - 
Exception full name: System.Runtime.InteropServices.COMException
Error status: UNKNOWN
Class name: ShellLinkReader
Calling method: retrieveDescription
Program path: C:\Users\Tateisukan\AppData\Roaming\Microsoft\Windows\Start Menu\Programs\System Tools\computer.lnk
InnerException number: 1
Exception message: Unexpected HRESULT has been returned from a call to a COM component.
Exception error type: HResult -2147467259
Exception thrown in called method: Void GetDescription(Windows.Win32.Foundation.PWSTR, Int32)
Possible interpretation of the error: Error caused likely due to trying to get the description of the program
Possible resolution: Not yet known
20:46:16.3224+07:00 - ERROR -  - ------------- END Flow.Launcher.Plugin.Program exception -------------
20:46:16.3224+07:00 - ERROR -  - ------------- BEGIN Flow.Launcher.Plugin.Program exception -------------
20:46:16.3224+07:00 - ERROR -  - 
Exception full name: System.Runtime.InteropServices.COMException
Error status: UNKNOWN
Class name: ShellLinkReader
Calling method: retrieveDescription
Program path: C:\Users\Tateisukan\AppData\Roaming\Microsoft\Windows\Start Menu\Programs\System Tools\Control Panel.lnk
InnerException number: 1
Exception message: Unexpected HRESULT has been returned from a call to a COM component.
Exception error type: HResult -2147467259
Exception thrown in called method: Void GetDescription(Windows.Win32.Foundation.PWSTR, Int32)
Possible interpretation of the error: Error caused likely due to trying to get the description of the program
Possible resolution: Not yet known
20:46:16.3224+07:00 - ERROR -  - ------------- END Flow.Launcher.Plugin.Program exception -------------
20:46:16.3387+07:00 - ERROR -  - ------------- BEGIN Flow.Launcher.Plugin.Program exception -------------
20:46:16.3387+07:00 - ERROR -  - 
Exception full name: System.Runtime.InteropServices.COMException
Error status: UNKNOWN
Class name: ShellLinkReader
Calling method: retrieveDescription
Program path: C:\Users\Tateisukan\AppData\Roaming\Microsoft\Windows\Start Menu\Programs\System Tools\Run.lnk
InnerException number: 1
Exception message: Unexpected HRESULT has been returned from a call to a COM component.
Exception error type: HResult -2147467259
Exception thrown in called method: Void GetDescription(Windows.Win32.Foundation.PWSTR, Int32)
Possible interpretation of the error: Error caused likely due to trying to get the description of the program
Possible resolution: Not yet known
20:46:16.3387+07:00 - ERROR -  - ------------- END Flow.Launcher.Plugin.Program exception -------------
20:46:16.4308+07:00 - ERROR -  - ------------- BEGIN Flow.Launcher.Plugin.Program exception -------------
20:46:16.4308+07:00 - ERROR -  - 
Exception full name: System.Runtime.InteropServices.COMException
Error status: UNKNOWN
Class name: ShellLinkReader
Calling method: retrieveDescription
Program path: C:\ProgramData\Microsoft\Windows\Start Menu\Programs\Accessories\Windows Media Player.lnk
InnerException number: 1
Exception message: Unexpected HRESULT has been returned from a call to a COM component.
Exception error type: HResult -2147467259
Exception thrown in called method: Void GetDescription(Windows.Win32.Foundation.PWSTR, Int32)
Possible interpretation of the error: Error caused likely due to trying to get the description of the program
Possible resolution: Not yet known
20:46:16.4308+07:00 - ERROR -  - ------------- END Flow.Launcher.Plugin.Program exception -------------
20:47:21.5610+07:00 - INFO  - Main.IndexProgramsAsync - UWPProgram index cost <281ms>
20:47:21.5610+07:00 - ERROR -  - ------------- BEGIN Flow.Launcher.Plugin.Program exception -------------
20:47:21.5610+07:00 - ERROR -  - 
Exception full name: System.Runtime.InteropServices.COMException
Error status: UNKNOWN
Class name: ShellLinkReader
Calling method: retrieveDescription
Program path: C:\Users\Tateisukan\AppData\Roaming\Microsoft\Windows\Start Menu\Programs\System Tools\computer.lnk
InnerException number: 1
Exception message: Unexpected HRESULT has been returned from a call to a COM component.
Exception error type: HResult -2147467259
Exception thrown in called method: Void GetDescription(Windows.Win32.Foundation.PWSTR, Int32)
Possible interpretation of the error: Error caused likely due to trying to get the description of the program
Possible resolution: Not yet known
20:47:21.5610+07:00 - ERROR -  - ------------- END Flow.Launcher.Plugin.Program exception -------------
20:47:21.5734+07:00 - ERROR -  - ------------- BEGIN Flow.Launcher.Plugin.Program exception -------------
20:47:21.5734+07:00 - ERROR -  - 
Exception full name: System.Runtime.InteropServices.COMException
Error status: UNKNOWN
Class name: ShellLinkReader
Calling method: retrieveDescription
Program path: C:\Users\Tateisukan\AppData\Roaming\Microsoft\Windows\Start Menu\Programs\System Tools\Control Panel.lnk
InnerException number: 1
Exception message: Unexpected HRESULT has been returned from a call to a COM component.
Exception error type: HResult -2147467259
Exception thrown in called method: Void GetDescription(Windows.Win32.Foundation.PWSTR, Int32)
Possible interpretation of the error: Error caused likely due to trying to get the description of the program
Possible resolution: Not yet known
20:47:21.5734+07:00 - ERROR -  - ------------- END Flow.Launcher.Plugin.Program exception -------------
20:47:21.5902+07:00 - ERROR -  - ------------- BEGIN Flow.Launcher.Plugin.Program exception -------------
20:47:21.5902+07:00 - ERROR -  - 
Exception full name: System.Runtime.InteropServices.COMException
Error status: UNKNOWN
Class name: ShellLinkReader
Calling method: retrieveDescription
Program path: C:\Users\Tateisukan\AppData\Roaming\Microsoft\Windows\Start Menu\Programs\System Tools\Run.lnk
InnerException number: 1
Exception message: Unexpected HRESULT has been returned from a call to a COM component.
Exception error type: HResult -2147467259
Exception thrown in called method: Void GetDescription(Windows.Win32.Foundation.PWSTR, Int32)
Possible interpretation of the error: Error caused likely due to trying to get the description of the program
Possible resolution: Not yet known
20:47:21.5902+07:00 - ERROR -  - ------------- END Flow.Launcher.Plugin.Program exception -------------
20:47:21.7427+07:00 - ERROR -  - ------------- BEGIN Flow.Launcher.Plugin.Program exception -------------
20:47:21.7427+07:00 - ERROR -  - 
Exception full name: System.Runtime.InteropServices.COMException
Error status: UNKNOWN
Class name: ShellLinkReader
Calling method: retrieveDescription
Program path: C:\ProgramData\Microsoft\Windows\Start Menu\Programs\Accessories\Windows Media Player.lnk
InnerException number: 1
Exception message: Unexpected HRESULT has been returned from a call to a COM component.
Exception error type: HResult -2147467259
Exception thrown in called method: Void GetDescription(Windows.Win32.Foundation.PWSTR, Int32)
Possible interpretation of the error: Error caused likely due to trying to get the description of the program
Possible resolution: Not yet known
20:47:21.7427+07:00 - ERROR -  - ------------- END Flow.Launcher.Plugin.Program exception -------------
20:47:22.0109+07:00 - INFO  - Main.IndexProgramsAsync - Win32Program index cost <731ms>
21:03:38.2266+07:00 - ERROR -  - ------------- BEGIN Flow.Launcher.Plugin.Program exception -------------
21:03:38.2266+07:00 - ERROR -  - 
Exception full name: System.Runtime.InteropServices.COMException
Error status: UNKNOWN
Class name: ShellLinkReader
Calling method: retrieveDescription
Program path: C:\Users\Tateisukan\AppData\Roaming\Microsoft\Windows\Start Menu\Programs\System Tools\computer.lnk
InnerException number: 1
Exception message: Unexpected HRESULT has been returned from a call to a COM component.
Exception error type: HResult -2147467259
Exception thrown in called method: Void GetDescription(Windows.Win32.Foundation.PWSTR, Int32)
Possible interpretation of the error: Error caused likely due to trying to get the description of the program
Possible resolution: Not yet known
21:03:38.2266+07:00 - ERROR -  - ------------- END Flow.Launcher.Plugin.Program exception -------------
21:03:38.2266+07:00 - ERROR -  - ------------- BEGIN Flow.Launcher.Plugin.Program exception -------------
21:03:38.2266+07:00 - ERROR -  - 
Exception full name: System.Runtime.InteropServices.COMException
Error status: UNKNOWN
Class name: ShellLinkReader
Calling method: retrieveDescription
Program path: C:\Users\Tateisukan\AppData\Roaming\Microsoft\Windows\Start Menu\Programs\System Tools\Control Panel.lnk
InnerException number: 1
Exception message: Unexpected HRESULT has been returned from a call to a COM component.
Exception error type: HResult -2147467259
Exception thrown in called method: Void GetDescription(Windows.Win32.Foundation.PWSTR, Int32)
Possible interpretation of the error: Error caused likely due to trying to get the description of the program
Possible resolution: Not yet known
21:03:38.2266+07:00 - ERROR -  - ------------- END Flow.Launcher.Plugin.Program exception -------------
21:03:38.2431+07:00 - ERROR -  - ------------- BEGIN Flow.Launcher.Plugin.Program exception -------------
21:03:38.2431+07:00 - ERROR -  - 
Exception full name: System.Runtime.InteropServices.COMException
Error status: UNKNOWN
Class name: ShellLinkReader
Calling method: retrieveDescription
Program path: C:\Users\Tateisukan\AppData\Roaming\Microsoft\Windows\Start Menu\Programs\System Tools\Run.lnk
InnerException number: 1
Exception message: Unexpected HRESULT has been returned from a call to a COM component.
Exception error type: HResult -2147467259
Exception thrown in called method: Void GetDescription(Windows.Win32.Foundation.PWSTR, Int32)
Possible interpretation of the error: Error caused likely due to trying to get the description of the program
Possible resolution: Not yet known
21:03:38.2431+07:00 - ERROR -  - ------------- END Flow.Launcher.Plugin.Program exception -------------
21:03:38.3366+07:00 - ERROR -  - ------------- BEGIN Flow.Launcher.Plugin.Program exception -------------
21:03:38.3366+07:00 - ERROR -  - 
Exception full name: System.Runtime.InteropServices.COMException
Error status: UNKNOWN
Class name: ShellLinkReader
Calling method: retrieveDescription
Program path: C:\ProgramData\Microsoft\Windows\Start Menu\Programs\Accessories\Windows Media Player.lnk
InnerException number: 1
Exception message: Unexpected HRESULT has been returned from a call to a COM component.
Exception error type: HResult -2147467259
Exception thrown in called method: Void GetDescription(Windows.Win32.Foundation.PWSTR, Int32)
Possible interpretation of the error: Error caused likely due to trying to get the description of the program
Possible resolution: Not yet known
21:03:38.3366+07:00 - ERROR -  - ------------- END Flow.Launcher.Plugin.Program exception -------------
21:03:38.4517+07:00 - INFO  - Main.IndexProgramsAsync - UWPProgram index cost <544ms>
21:03:38.4517+07:00 - INFO  - Main.IndexProgramsAsync - Win32Program index cost <544ms>
