02:55:48.8379+07:00 - INFO  - CommunityPluginSource.FetchAsync - Loading plugins from https://fastly.jsdelivr.net/gh/Flow-Launcher/Flow.Launcher.PluginsManifest@main/plugins.json
02:55:48.8379+07:00 - INFO  - CommunityPluginSource.FetchAsync - Loading plugins from https://gcore.jsdelivr.net/gh/Flow-Launcher/Flow.Launcher.PluginsManifest@main/plugins.json
02:55:48.8379+07:00 - INFO  - CommunityPluginSource.FetchAsync - Loading plugins from https://cdn.jsdelivr.net/gh/Flow-Launcher/Flow.Launcher.PluginsManifest@main/plugins.json
02:55:48.8379+07:00 - INFO  - CommunityPluginSource.FetchAsync - Loading plugins from https://raw.githubusercontent.com/Flow-Launcher/Flow.Launcher.PluginsManifest/main/plugins.json
02:55:49.3012+07:00 - INFO  - CommunityPluginSource.FetchAsync - Resource https://cdn.jsdelivr.net/gh/Flow-Launcher/Flow.Launcher.PluginsManifest@main/plugins.json has not been modified.
02:55:49.3012+07:00 - WARN  - CommunityPluginSource.FetchAsync - Failed to load resource https://raw.githubusercontent.com/Flow-Launcher/Flow.Launcher.PluginsManifest/main/plugins.json with response InternalServerError
02:55:49.3012+07:00 - WARN  - CommunityPluginSource.FetchAsync - Failed to load resource https://fastly.jsdelivr.net/gh/Flow-Launcher/Flow.Launcher.PluginsManifest@main/plugins.json with response InternalServerError
02:55:49.3012+07:00 - WARN  - CommunityPluginSource.FetchAsync - Failed to load resource https://gcore.jsdelivr.net/gh/Flow-Launcher/Flow.Launcher.PluginsManifest@main/plugins.json with response InternalServerError
12:07:57.2113+07:00 - ERROR -  - ------------- BEGIN Flow.Launcher.Plugin.Program exception -------------
12:07:57.2113+07:00 - ERROR -  - 
Exception full name: System.Runtime.InteropServices.COMException
Error status: UNKNOWN
Class name: ShellLinkReader
Calling method: retrieveDescription
Program path: C:\Users\Tateisukan\AppData\Roaming\Microsoft\Windows\Start Menu\Programs\System Tools\computer.lnk
InnerException number: 1
Exception message: Unexpected HRESULT has been returned from a call to a COM component.
Exception error type: HResult -2147467259
Exception thrown in called method: Void GetDescription(Windows.Win32.Foundation.PWSTR, Int32)
Possible interpretation of the error: Error caused likely due to trying to get the description of the program
Possible resolution: Not yet known
12:07:57.2113+07:00 - ERROR -  - ------------- END Flow.Launcher.Plugin.Program exception -------------
12:07:57.2276+07:00 - ERROR -  - ------------- BEGIN Flow.Launcher.Plugin.Program exception -------------
12:07:57.2276+07:00 - ERROR -  - 
Exception full name: System.Runtime.InteropServices.COMException
Error status: UNKNOWN
Class name: ShellLinkReader
Calling method: retrieveDescription
Program path: C:\Users\Tateisukan\AppData\Roaming\Microsoft\Windows\Start Menu\Programs\System Tools\Control Panel.lnk
InnerException number: 1
Exception message: Unexpected HRESULT has been returned from a call to a COM component.
Exception error type: HResult -2147467259
Exception thrown in called method: Void GetDescription(Windows.Win32.Foundation.PWSTR, Int32)
Possible interpretation of the error: Error caused likely due to trying to get the description of the program
Possible resolution: Not yet known
12:07:57.2276+07:00 - ERROR -  - ------------- END Flow.Launcher.Plugin.Program exception -------------
12:07:57.2586+07:00 - ERROR -  - ------------- BEGIN Flow.Launcher.Plugin.Program exception -------------
12:07:57.2586+07:00 - ERROR -  - 
Exception full name: System.Runtime.InteropServices.COMException
Error status: UNKNOWN
Class name: ShellLinkReader
Calling method: retrieveDescription
Program path: C:\Users\Tateisukan\AppData\Roaming\Microsoft\Windows\Start Menu\Programs\System Tools\Run.lnk
InnerException number: 1
Exception message: Unexpected HRESULT has been returned from a call to a COM component.
Exception error type: HResult -2147467259
Exception thrown in called method: Void GetDescription(Windows.Win32.Foundation.PWSTR, Int32)
Possible interpretation of the error: Error caused likely due to trying to get the description of the program
Possible resolution: Not yet known
12:07:57.2586+07:00 - ERROR -  - ------------- END Flow.Launcher.Plugin.Program exception -------------
12:08:00.2386+07:00 - ERROR -  - ------------- BEGIN Flow.Launcher.Plugin.Program exception -------------
12:08:00.2386+07:00 - ERROR -  - 
Exception full name: System.Runtime.InteropServices.COMException
Error status: UNKNOWN
Class name: ShellLinkReader
Calling method: retrieveDescription
Program path: C:\ProgramData\Microsoft\Windows\Start Menu\Programs\Accessories\Windows Media Player.lnk
InnerException number: 1
Exception message: Unexpected HRESULT has been returned from a call to a COM component.
Exception error type: HResult -2147467259
Exception thrown in called method: Void GetDescription(Windows.Win32.Foundation.PWSTR, Int32)
Possible interpretation of the error: Error caused likely due to trying to get the description of the program
Possible resolution: Not yet known
12:08:00.2386+07:00 - ERROR -  - ------------- END Flow.Launcher.Plugin.Program exception -------------
12:13:26.2572+07:00 - ERROR -  - ------------- BEGIN Flow.Launcher.Plugin.Program exception -------------
12:13:26.2572+07:00 - ERROR -  - 
Exception full name: System.Runtime.InteropServices.COMException
Error status: UNKNOWN
Class name: ShellLinkReader
Calling method: retrieveDescription
Program path: C:\Users\Tateisukan\AppData\Roaming\Microsoft\Windows\Start Menu\Programs\System Tools\computer.lnk
InnerException number: 1
Exception message: Unexpected HRESULT has been returned from a call to a COM component.
Exception error type: HResult -2147467259
Exception thrown in called method: Void GetDescription(Windows.Win32.Foundation.PWSTR, Int32)
Possible interpretation of the error: Error caused likely due to trying to get the description of the program
Possible resolution: Not yet known
12:13:26.2572+07:00 - ERROR -  - ------------- END Flow.Launcher.Plugin.Program exception -------------
12:13:26.2696+07:00 - ERROR -  - ------------- BEGIN Flow.Launcher.Plugin.Program exception -------------
12:13:26.2696+07:00 - ERROR -  - 
Exception full name: System.Runtime.InteropServices.COMException
Error status: UNKNOWN
Class name: ShellLinkReader
Calling method: retrieveDescription
Program path: C:\Users\Tateisukan\AppData\Roaming\Microsoft\Windows\Start Menu\Programs\System Tools\Control Panel.lnk
InnerException number: 1
Exception message: Unexpected HRESULT has been returned from a call to a COM component.
Exception error type: HResult -2147467259
Exception thrown in called method: Void GetDescription(Windows.Win32.Foundation.PWSTR, Int32)
Possible interpretation of the error: Error caused likely due to trying to get the description of the program
Possible resolution: Not yet known
12:13:26.2696+07:00 - ERROR -  - ------------- END Flow.Launcher.Plugin.Program exception -------------
12:13:26.2929+07:00 - ERROR -  - ------------- BEGIN Flow.Launcher.Plugin.Program exception -------------
12:13:26.2929+07:00 - ERROR -  - 
Exception full name: System.Runtime.InteropServices.COMException
Error status: UNKNOWN
Class name: ShellLinkReader
Calling method: retrieveDescription
Program path: C:\Users\Tateisukan\AppData\Roaming\Microsoft\Windows\Start Menu\Programs\System Tools\Run.lnk
InnerException number: 1
Exception message: Unexpected HRESULT has been returned from a call to a COM component.
Exception error type: HResult -2147467259
Exception thrown in called method: Void GetDescription(Windows.Win32.Foundation.PWSTR, Int32)
Possible interpretation of the error: Error caused likely due to trying to get the description of the program
Possible resolution: Not yet known
12:13:26.2929+07:00 - ERROR -  - ------------- END Flow.Launcher.Plugin.Program exception -------------
12:13:26.6663+07:00 - ERROR -  - ------------- BEGIN Flow.Launcher.Plugin.Program exception -------------
12:13:26.6663+07:00 - ERROR -  - 
Exception full name: System.Runtime.InteropServices.COMException
Error status: UNKNOWN
Class name: ShellLinkReader
Calling method: retrieveDescription
Program path: C:\ProgramData\Microsoft\Windows\Start Menu\Programs\Accessories\Windows Media Player.lnk
InnerException number: 1
Exception message: Unexpected HRESULT has been returned from a call to a COM component.
Exception error type: HResult -2147467259
Exception thrown in called method: Void GetDescription(Windows.Win32.Foundation.PWSTR, Int32)
Possible interpretation of the error: Error caused likely due to trying to get the description of the program
Possible resolution: Not yet known
12:13:26.6663+07:00 - ERROR -  - ------------- END Flow.Launcher.Plugin.Program exception -------------
12:17:18.9960+07:00 - ERROR -  - ------------- BEGIN Flow.Launcher.Plugin.Program exception -------------
12:17:18.9960+07:00 - ERROR -  - 
Exception full name: System.Runtime.InteropServices.COMException
Error status: UNKNOWN
Class name: ShellLinkReader
Calling method: retrieveDescription
Program path: C:\Users\Tateisukan\AppData\Roaming\Microsoft\Windows\Start Menu\Programs\System Tools\computer.lnk
InnerException number: 1
Exception message: Unexpected HRESULT has been returned from a call to a COM component.
Exception error type: HResult -2147467259
Exception thrown in called method: Void GetDescription(Windows.Win32.Foundation.PWSTR, Int32)
Possible interpretation of the error: Error caused likely due to trying to get the description of the program
Possible resolution: Not yet known
12:17:18.9960+07:00 - ERROR -  - ------------- END Flow.Launcher.Plugin.Program exception -------------
12:17:19.0086+07:00 - ERROR -  - ------------- BEGIN Flow.Launcher.Plugin.Program exception -------------
12:17:19.0086+07:00 - ERROR -  - 
Exception full name: System.Runtime.InteropServices.COMException
Error status: UNKNOWN
Class name: ShellLinkReader
Calling method: retrieveDescription
Program path: C:\Users\Tateisukan\AppData\Roaming\Microsoft\Windows\Start Menu\Programs\System Tools\Control Panel.lnk
InnerException number: 1
Exception message: Unexpected HRESULT has been returned from a call to a COM component.
Exception error type: HResult -2147467259
Exception thrown in called method: Void GetDescription(Windows.Win32.Foundation.PWSTR, Int32)
Possible interpretation of the error: Error caused likely due to trying to get the description of the program
Possible resolution: Not yet known
12:17:19.0086+07:00 - ERROR -  - ------------- END Flow.Launcher.Plugin.Program exception -------------
12:17:19.0338+07:00 - ERROR -  - ------------- BEGIN Flow.Launcher.Plugin.Program exception -------------
12:17:19.0338+07:00 - ERROR -  - 
Exception full name: System.Runtime.InteropServices.COMException
Error status: UNKNOWN
Class name: ShellLinkReader
Calling method: retrieveDescription
Program path: C:\Users\Tateisukan\AppData\Roaming\Microsoft\Windows\Start Menu\Programs\System Tools\Run.lnk
InnerException number: 1
Exception message: Unexpected HRESULT has been returned from a call to a COM component.
Exception error type: HResult -2147467259
Exception thrown in called method: Void GetDescription(Windows.Win32.Foundation.PWSTR, Int32)
Possible interpretation of the error: Error caused likely due to trying to get the description of the program
Possible resolution: Not yet known
12:17:19.0338+07:00 - ERROR -  - ------------- END Flow.Launcher.Plugin.Program exception -------------
12:17:19.4063+07:00 - ERROR -  - ------------- BEGIN Flow.Launcher.Plugin.Program exception -------------
12:17:19.4063+07:00 - ERROR -  - 
Exception full name: System.Runtime.InteropServices.COMException
Error status: UNKNOWN
Class name: ShellLinkReader
Calling method: retrieveDescription
Program path: C:\ProgramData\Microsoft\Windows\Start Menu\Programs\Accessories\Windows Media Player.lnk
InnerException number: 1
Exception message: Unexpected HRESULT has been returned from a call to a COM component.
Exception error type: HResult -2147467259
Exception thrown in called method: Void GetDescription(Windows.Win32.Foundation.PWSTR, Int32)
Possible interpretation of the error: Error caused likely due to trying to get the description of the program
Possible resolution: Not yet known
12:17:19.4063+07:00 - ERROR -  - ------------- END Flow.Launcher.Plugin.Program exception -------------
12:17:19.7671+07:00 - INFO  - Main.IndexProgramsAsync - UWPProgram index cost <1707ms>
12:17:19.7671+07:00 - INFO  - Main.IndexProgramsAsync - Win32Program index cost <1708ms>
12:17:24.4371+07:00 - ERROR -  - ------------- BEGIN Flow.Launcher.Plugin.Program exception -------------
12:17:24.4371+07:00 - ERROR -  - 
Exception full name: System.Runtime.InteropServices.COMException
Error status: UNKNOWN
Class name: ShellLinkReader
Calling method: retrieveDescription
Program path: C:\Users\Tateisukan\AppData\Roaming\Microsoft\Windows\Start Menu\Programs\System Tools\computer.lnk
InnerException number: 1
Exception message: Unexpected HRESULT has been returned from a call to a COM component.
Exception error type: HResult -2147467259
Exception thrown in called method: Void GetDescription(Windows.Win32.Foundation.PWSTR, Int32)
Possible interpretation of the error: Error caused likely due to trying to get the description of the program
Possible resolution: Not yet known
12:17:24.4371+07:00 - ERROR -  - ------------- END Flow.Launcher.Plugin.Program exception -------------
12:17:24.4371+07:00 - ERROR -  - ------------- BEGIN Flow.Launcher.Plugin.Program exception -------------
12:17:24.4371+07:00 - ERROR -  - 
Exception full name: System.Runtime.InteropServices.COMException
Error status: UNKNOWN
Class name: ShellLinkReader
Calling method: retrieveDescription
Program path: C:\Users\Tateisukan\AppData\Roaming\Microsoft\Windows\Start Menu\Programs\System Tools\Control Panel.lnk
InnerException number: 1
Exception message: Unexpected HRESULT has been returned from a call to a COM component.
Exception error type: HResult -2147467259
Exception thrown in called method: Void GetDescription(Windows.Win32.Foundation.PWSTR, Int32)
Possible interpretation of the error: Error caused likely due to trying to get the description of the program
Possible resolution: Not yet known
12:17:24.4371+07:00 - ERROR -  - ------------- END Flow.Launcher.Plugin.Program exception -------------
12:17:24.4723+07:00 - ERROR -  - ------------- BEGIN Flow.Launcher.Plugin.Program exception -------------
12:17:24.4723+07:00 - ERROR -  - 
Exception full name: System.Runtime.InteropServices.COMException
Error status: UNKNOWN
Class name: ShellLinkReader
Calling method: retrieveDescription
Program path: C:\Users\Tateisukan\AppData\Roaming\Microsoft\Windows\Start Menu\Programs\System Tools\Run.lnk
InnerException number: 1
Exception message: Unexpected HRESULT has been returned from a call to a COM component.
Exception error type: HResult -2147467259
Exception thrown in called method: Void GetDescription(Windows.Win32.Foundation.PWSTR, Int32)
Possible interpretation of the error: Error caused likely due to trying to get the description of the program
Possible resolution: Not yet known
12:17:24.4723+07:00 - ERROR -  - ------------- END Flow.Launcher.Plugin.Program exception -------------
12:17:24.8491+07:00 - ERROR -  - ------------- BEGIN Flow.Launcher.Plugin.Program exception -------------
12:17:24.8491+07:00 - ERROR -  - 
Exception full name: System.Runtime.InteropServices.COMException
Error status: UNKNOWN
Class name: ShellLinkReader
Calling method: retrieveDescription
Program path: C:\ProgramData\Microsoft\Windows\Start Menu\Programs\Accessories\Windows Media Player.lnk
InnerException number: 1
Exception message: Unexpected HRESULT has been returned from a call to a COM component.
Exception error type: HResult -2147467259
Exception thrown in called method: Void GetDescription(Windows.Win32.Foundation.PWSTR, Int32)
Possible interpretation of the error: Error caused likely due to trying to get the description of the program
Possible resolution: Not yet known
12:17:24.8491+07:00 - ERROR -  - ------------- END Flow.Launcher.Plugin.Program exception -------------
13:10:47.9516+07:00 - INFO  - App.RegisterExitEvents - Session Ending
13:14:41.7156+07:00 - INFO  - App.OnStartup - Begin Flow Launcher startup ----------------------------------------------------
13:14:41.7156+07:00 - INFO  - App.OnStartup - Runtime info:
Flow Launcher version: 2.1.3
OS Version: 19044.7663
IntPtr Length: 8
x64: True
13:14:42.1183+07:00 - INFO  - CommunityPluginSource.FetchAsync - Loading plugins from https://fastly.jsdelivr.net/gh/Flow-Launcher/Flow.Launcher.PluginsManifest@main/plugins.json
13:14:42.1529+07:00 - INFO  - CommunityPluginSource.FetchAsync - Loading plugins from https://gcore.jsdelivr.net/gh/Flow-Launcher/Flow.Launcher.PluginsManifest@main/plugins.json
13:14:42.1529+07:00 - INFO  - CommunityPluginSource.FetchAsync - Loading plugins from https://cdn.jsdelivr.net/gh/Flow-Launcher/Flow.Launcher.PluginsManifest@main/plugins.json
13:14:42.1529+07:00 - INFO  - CommunityPluginSource.FetchAsync - Loading plugins from https://raw.githubusercontent.com/Flow-Launcher/Flow.Launcher.PluginsManifest/main/plugins.json
13:14:43.2232+07:00 - INFO  - CommunityPluginSource.FetchAsync - Loaded 354 plugins from https://cdn.jsdelivr.net/gh/Flow-Launcher/Flow.Launcher.PluginsManifest@main/plugins.json
13:14:45.3094+07:00 - INFO  - App.OnStartup - End Flow Launcher startup ------------------------------------------------------
13:14:45.3094+07:00 - INFO  - App.OnStartup - Begin plugin initialization ----------------------------------------------------
13:14:47.2946+07:00 - INFO  - App.OnStartup - Startup cost <6074ms>
13:14:47.2946+07:00 - INFO  - PluginManager.InitializePluginsAsync - Total init cost for <Plugin Indicator> is <61ms>
13:14:47.3205+07:00 - INFO  - PluginManager.InitializePluginsAsync - Total init cost for <Plugins Manager> is <251ms>
13:14:47.3238+07:00 - INFO  - PluginManager.InitializePluginsAsync - Total init cost for <URL> is <101ms>
13:14:47.3238+07:00 - INFO  - PluginManager.InitializePluginsAsync - Total init cost for <System Commands> is <222ms>
13:14:47.3238+07:00 - INFO  - PluginManager.InitializePluginsAsync - Total init cost for <Windows Settings> is <199ms>
13:14:47.4511+07:00 - INFO  - PluginManager.InitializePluginsAsync - Total init cost for <Process Killer> is <254ms>
13:14:47.4511+07:00 - INFO  - PluginManager.InitializePluginsAsync - Total init cost for <Shell> is <323ms>
13:14:47.4876+07:00 - INFO  - PluginManager.InitializePluginsAsync - Total init cost for <Web Searches> is <360ms>
13:14:47.4876+07:00 - INFO  - PluginManager.InitializePluginsAsync - Total init cost for <Browser Bookmarks> is <411ms>
13:14:47.4960+07:00 - INFO  - PluginManager.InitializePluginsAsync - Total init cost for <Calculator> is <329ms>
13:14:47.4960+07:00 - INFO  - PluginManager.InitializePluginsAsync - Total init cost for <Explorer> is <414ms>
13:14:47.5425+07:00 - INFO  - Main.InitAsync - Preload programs cost <51ms>
13:14:47.5425+07:00 - INFO  - Main.InitAsync - Number of preload win32 programs <124>
13:14:47.5425+07:00 - INFO  - Main.InitAsync - Number of preload uwps <8>
13:14:47.5798+07:00 - INFO  - PluginManager.InitializePluginsAsync - Total init cost for <Program> is <384ms>
13:14:47.7204+07:00 - INFO  - ImageLoader.InitializeAsync - Preload images cost <5513ms>
13:14:47.7204+07:00 - INFO  - ImageLoader.InitializeAsync - Number of preload images is <150>, Images Number: 150, Unique Items 90
13:14:47.9286+07:00 - INFO  - App.OnStartup - End plugin initialization ------------------------------------------------------
13:14:47.9286+07:00 - INFO  - App.OnStartup - Startup cost <2619ms>
19:59:22.5854+07:00 - INFO  - App.RegisterExitEvents - Session Ending
20:03:14.8859+07:00 - INFO  - App.OnStartup - Begin Flow Launcher startup ----------------------------------------------------
20:03:14.8912+07:00 - INFO  - App.OnStartup - Runtime info:
Flow Launcher version: 2.1.3
OS Version: 19044.7663
IntPtr Length: 8
x64: True
20:03:15.4481+07:00 - INFO  - CommunityPluginSource.FetchAsync - Loading plugins from https://fastly.jsdelivr.net/gh/Flow-Launcher/Flow.Launcher.PluginsManifest@main/plugins.json
20:03:15.4931+07:00 - INFO  - CommunityPluginSource.FetchAsync - Loading plugins from https://gcore.jsdelivr.net/gh/Flow-Launcher/Flow.Launcher.PluginsManifest@main/plugins.json
20:03:15.4931+07:00 - INFO  - CommunityPluginSource.FetchAsync - Loading plugins from https://cdn.jsdelivr.net/gh/Flow-Launcher/Flow.Launcher.PluginsManifest@main/plugins.json
20:03:15.4931+07:00 - INFO  - CommunityPluginSource.FetchAsync - Loading plugins from https://raw.githubusercontent.com/Flow-Launcher/Flow.Launcher.PluginsManifest/main/plugins.json
20:03:16.8699+07:00 - INFO  - CommunityPluginSource.FetchAsync - Loaded 355 plugins from https://raw.githubusercontent.com/Flow-Launcher/Flow.Launcher.PluginsManifest/main/plugins.json
20:03:18.6825+07:00 - INFO  - App.OnStartup - End Flow Launcher startup ------------------------------------------------------
20:03:18.6825+07:00 - INFO  - App.OnStartup - Begin plugin initialization ----------------------------------------------------
20:03:20.4697+07:00 - INFO  - ImageLoader.InitializeAsync - Preload images cost <4915ms>
20:03:20.4697+07:00 - INFO  - ImageLoader.InitializeAsync - Number of preload images is <150>, Images Number: 150, Unique Items 90
20:03:20.7727+07:00 - INFO  - App.OnStartup - Startup cost <6541ms>
20:03:20.7794+07:00 - INFO  - PluginManager.InitializePluginsAsync - Total init cost for <Plugin Indicator> is <54ms>
20:03:20.8012+07:00 - INFO  - PluginManager.InitializePluginsAsync - Total init cost for <URL> is <100ms>
20:03:20.8012+07:00 - INFO  - PluginManager.InitializePluginsAsync - Total init cost for <Plugins Manager> is <209ms>
20:03:20.8012+07:00 - INFO  - PluginManager.InitializePluginsAsync - Total init cost for <System Commands> is <210ms>
20:03:20.8167+07:00 - INFO  - PluginManager.InitializePluginsAsync - Total init cost for <Windows Settings> is <188ms>
20:03:20.9341+07:00 - INFO  - PluginManager.InitializePluginsAsync - Total init cost for <Shell> is <312ms>
20:03:20.9373+07:00 - INFO  - PluginManager.InitializePluginsAsync - Total init cost for <Process Killer> is <223ms>
20:03:20.9615+07:00 - INFO  - PluginManager.InitializePluginsAsync - Total init cost for <Web Searches> is <356ms>
20:03:20.9672+07:00 - INFO  - PluginManager.InitializePluginsAsync - Total init cost for <Browser Bookmarks> is <402ms>
20:03:20.9672+07:00 - INFO  - PluginManager.InitializePluginsAsync - Total init cost for <Calculator> is <319ms>
20:03:20.9672+07:00 - INFO  - PluginManager.InitializePluginsAsync - Total init cost for <Explorer> is <629ms>
20:03:21.0102+07:00 - INFO  - Main.InitAsync - Preload programs cost <45ms>
20:03:21.0102+07:00 - INFO  - Main.InitAsync - Number of preload win32 programs <124>
20:03:21.0102+07:00 - INFO  - Main.InitAsync - Number of preload uwps <8>
20:03:21.0482+07:00 - INFO  - PluginManager.InitializePluginsAsync - Total init cost for <Program> is <360ms>
20:03:21.3864+07:00 - INFO  - App.OnStartup - End plugin initialization ------------------------------------------------------
20:03:21.3864+07:00 - INFO  - App.OnStartup - Startup cost <2704ms>
20:10:34.4251+07:00 - ERROR -  - ------------- BEGIN Flow.Launcher.Plugin.Program exception -------------
20:10:34.4251+07:00 - ERROR -  - 
Exception full name: System.Runtime.InteropServices.COMException
Error status: UNKNOWN
Class name: ShellLinkReader
Calling method: retrieveDescription
Program path: C:\Users\Tateisukan\AppData\Roaming\Microsoft\Windows\Start Menu\Programs\System Tools\computer.lnk
InnerException number: 1
Exception message: Unexpected HRESULT has been returned from a call to a COM component.
Exception error type: HResult -2147467259
Exception thrown in called method: Void GetDescription(Windows.Win32.Foundation.PWSTR, Int32)
Possible interpretation of the error: Error caused likely due to trying to get the description of the program
Possible resolution: Not yet known
20:10:34.4251+07:00 - ERROR -  - ------------- END Flow.Launcher.Plugin.Program exception -------------
20:10:34.4251+07:00 - ERROR -  - ------------- BEGIN Flow.Launcher.Plugin.Program exception -------------
20:10:34.4251+07:00 - ERROR -  - 
Exception full name: System.Runtime.InteropServices.COMException
Error status: UNKNOWN
Class name: ShellLinkReader
Calling method: retrieveDescription
Program path: C:\Users\Tateisukan\AppData\Roaming\Microsoft\Windows\Start Menu\Programs\System Tools\Control Panel.lnk
InnerException number: 1
Exception message: Unexpected HRESULT has been returned from a call to a COM component.
Exception error type: HResult -2147467259
Exception thrown in called method: Void GetDescription(Windows.Win32.Foundation.PWSTR, Int32)
Possible interpretation of the error: Error caused likely due to trying to get the description of the program
Possible resolution: Not yet known
20:10:34.4251+07:00 - ERROR -  - ------------- END Flow.Launcher.Plugin.Program exception -------------
20:10:34.4468+07:00 - ERROR -  - ------------- BEGIN Flow.Launcher.Plugin.Program exception -------------
20:10:34.4468+07:00 - ERROR -  - 
Exception full name: System.Runtime.InteropServices.COMException
Error status: UNKNOWN
Class name: ShellLinkReader
Calling method: retrieveDescription
Program path: C:\Users\Tateisukan\AppData\Roaming\Microsoft\Windows\Start Menu\Programs\System Tools\Run.lnk
InnerException number: 1
Exception message: Unexpected HRESULT has been returned from a call to a COM component.
Exception error type: HResult -2147467259
Exception thrown in called method: Void GetDescription(Windows.Win32.Foundation.PWSTR, Int32)
Possible interpretation of the error: Error caused likely due to trying to get the description of the program
Possible resolution: Not yet known
20:10:34.4468+07:00 - ERROR -  - ------------- END Flow.Launcher.Plugin.Program exception -------------
20:10:34.7327+07:00 - ERROR -  - ------------- BEGIN Flow.Launcher.Plugin.Program exception -------------
20:10:34.7327+07:00 - ERROR -  - 
Exception full name: System.Runtime.InteropServices.COMException
Error status: UNKNOWN
Class name: ShellLinkReader
Calling method: retrieveDescription
Program path: C:\ProgramData\Microsoft\Windows\Start Menu\Programs\Accessories\Windows Media Player.lnk
InnerException number: 1
Exception message: Unexpected HRESULT has been returned from a call to a COM component.
Exception error type: HResult -2147467259
Exception thrown in called method: Void GetDescription(Windows.Win32.Foundation.PWSTR, Int32)
Possible interpretation of the error: Error caused likely due to trying to get the description of the program
Possible resolution: Not yet known
20:10:34.7327+07:00 - ERROR -  - ------------- END Flow.Launcher.Plugin.Program exception -------------
20:10:36.0984+07:00 - ERROR -  - ------------- BEGIN Flow.Launcher.Plugin.Program exception -------------
20:10:36.0984+07:00 - ERROR -  - 
Exception full name: System.Runtime.InteropServices.COMException
Error status: UNKNOWN
Class name: ShellLinkReader
Calling method: retrieveDescription
Program path: C:\Users\Tateisukan\AppData\Roaming\Microsoft\Windows\Start Menu\Programs\System Tools\computer.lnk
InnerException number: 1
Exception message: Unexpected HRESULT has been returned from a call to a COM component.
Exception error type: HResult -2147467259
Exception thrown in called method: Void GetDescription(Windows.Win32.Foundation.PWSTR, Int32)
Possible interpretation of the error: Error caused likely due to trying to get the description of the program
Possible resolution: Not yet known
20:10:36.0984+07:00 - ERROR -  - ------------- END Flow.Launcher.Plugin.Program exception -------------
20:10:36.0984+07:00 - ERROR -  - ------------- BEGIN Flow.Launcher.Plugin.Program exception -------------
20:10:36.0984+07:00 - ERROR -  - 
Exception full name: System.Runtime.InteropServices.COMException
Error status: UNKNOWN
Class name: ShellLinkReader
Calling method: retrieveDescription
Program path: C:\Users\Tateisukan\AppData\Roaming\Microsoft\Windows\Start Menu\Programs\System Tools\Control Panel.lnk
InnerException number: 1
Exception message: Unexpected HRESULT has been returned from a call to a COM component.
Exception error type: HResult -2147467259
Exception thrown in called method: Void GetDescription(Windows.Win32.Foundation.PWSTR, Int32)
Possible interpretation of the error: Error caused likely due to trying to get the description of the program
Possible resolution: Not yet known
20:10:36.0984+07:00 - ERROR -  - ------------- END Flow.Launcher.Plugin.Program exception -------------
20:10:36.1154+07:00 - ERROR -  - ------------- BEGIN Flow.Launcher.Plugin.Program exception -------------
20:10:36.1154+07:00 - ERROR -  - 
Exception full name: System.Runtime.InteropServices.COMException
Error status: UNKNOWN
Class name: ShellLinkReader
Calling method: retrieveDescription
Program path: C:\Users\Tateisukan\AppData\Roaming\Microsoft\Windows\Start Menu\Programs\System Tools\Run.lnk
InnerException number: 1
Exception message: Unexpected HRESULT has been returned from a call to a COM component.
Exception error type: HResult -2147467259
Exception thrown in called method: Void GetDescription(Windows.Win32.Foundation.PWSTR, Int32)
Possible interpretation of the error: Error caused likely due to trying to get the description of the program
Possible resolution: Not yet known
20:10:36.1154+07:00 - ERROR -  - ------------- END Flow.Launcher.Plugin.Program exception -------------
20:10:36.2114+07:00 - ERROR -  - ------------- BEGIN Flow.Launcher.Plugin.Program exception -------------
20:10:36.2114+07:00 - ERROR -  - 
Exception full name: System.Runtime.InteropServices.COMException
Error status: UNKNOWN
Class name: ShellLinkReader
Calling method: retrieveDescription
Program path: C:\ProgramData\Microsoft\Windows\Start Menu\Programs\Accessories\Windows Media Player.lnk
InnerException number: 1
Exception message: Unexpected HRESULT has been returned from a call to a COM component.
Exception error type: HResult -2147467259
Exception thrown in called method: Void GetDescription(Windows.Win32.Foundation.PWSTR, Int32)
Possible interpretation of the error: Error caused likely due to trying to get the description of the program
Possible resolution: Not yet known
20:10:36.2114+07:00 - ERROR -  - ------------- END Flow.Launcher.Plugin.Program exception -------------
20:10:45.9560+07:00 - ERROR -  - ------------- BEGIN Flow.Launcher.Plugin.Program exception -------------
20:10:45.9560+07:00 - ERROR -  - 
Exception full name: System.Runtime.InteropServices.COMException
Error status: UNKNOWN
Class name: ShellLinkReader
Calling method: retrieveDescription
Program path: C:\Users\Tateisukan\AppData\Roaming\Microsoft\Windows\Start Menu\Programs\System Tools\computer.lnk
InnerException number: 1
Exception message: Unexpected HRESULT has been returned from a call to a COM component.
Exception error type: HResult -2147467259
Exception thrown in called method: Void GetDescription(Windows.Win32.Foundation.PWSTR, Int32)
Possible interpretation of the error: Error caused likely due to trying to get the description of the program
Possible resolution: Not yet known
20:10:45.9560+07:00 - ERROR -  - ------------- END Flow.Launcher.Plugin.Program exception -------------
20:10:45.9560+07:00 - ERROR -  - ------------- BEGIN Flow.Launcher.Plugin.Program exception -------------
20:10:45.9560+07:00 - ERROR -  - 
Exception full name: System.Runtime.InteropServices.COMException
Error status: UNKNOWN
Class name: ShellLinkReader
Calling method: retrieveDescription
Program path: C:\Users\Tateisukan\AppData\Roaming\Microsoft\Windows\Start Menu\Programs\System Tools\Control Panel.lnk
InnerException number: 1
Exception message: Unexpected HRESULT has been returned from a call to a COM component.
Exception error type: HResult -2147467259
Exception thrown in called method: Void GetDescription(Windows.Win32.Foundation.PWSTR, Int32)
Possible interpretation of the error: Error caused likely due to trying to get the description of the program
Possible resolution: Not yet known
20:10:45.9560+07:00 - ERROR -  - ------------- END Flow.Launcher.Plugin.Program exception -------------
20:10:45.9716+07:00 - ERROR -  - ------------- BEGIN Flow.Launcher.Plugin.Program exception -------------
20:10:45.9716+07:00 - ERROR -  - 
Exception full name: System.Runtime.InteropServices.COMException
Error status: UNKNOWN
Class name: ShellLinkReader
Calling method: retrieveDescription
Program path: C:\Users\Tateisukan\AppData\Roaming\Microsoft\Windows\Start Menu\Programs\System Tools\Run.lnk
InnerException number: 1
Exception message: Unexpected HRESULT has been returned from a call to a COM component.
Exception error type: HResult -2147467259
Exception thrown in called method: Void GetDescription(Windows.Win32.Foundation.PWSTR, Int32)
Possible interpretation of the error: Error caused likely due to trying to get the description of the program
Possible resolution: Not yet known
20:10:45.9716+07:00 - ERROR -  - ------------- END Flow.Launcher.Plugin.Program exception -------------
20:10:46.0535+07:00 - ERROR -  - ------------- BEGIN Flow.Launcher.Plugin.Program exception -------------
20:10:46.0535+07:00 - ERROR -  - 
Exception full name: System.Runtime.InteropServices.COMException
Error status: UNKNOWN
Class name: ShellLinkReader
Calling method: retrieveDescription
Program path: C:\ProgramData\Microsoft\Windows\Start Menu\Programs\Accessories\Windows Media Player.lnk
InnerException number: 1
Exception message: Unexpected HRESULT has been returned from a call to a COM component.
Exception error type: HResult -2147467259
Exception thrown in called method: Void GetDescription(Windows.Win32.Foundation.PWSTR, Int32)
Possible interpretation of the error: Error caused likely due to trying to get the description of the program
Possible resolution: Not yet known
20:10:46.0535+07:00 - ERROR -  - ------------- END Flow.Launcher.Plugin.Program exception -------------
20:10:52.9576+07:00 - ERROR -  - ------------- BEGIN Flow.Launcher.Plugin.Program exception -------------
20:10:52.9576+07:00 - ERROR -  - 
Exception full name: System.Runtime.InteropServices.COMException
Error status: UNKNOWN
Class name: ShellLinkReader
Calling method: retrieveDescription
Program path: C:\Users\Tateisukan\AppData\Roaming\Microsoft\Windows\Start Menu\Programs\System Tools\computer.lnk
InnerException number: 1
Exception message: Unexpected HRESULT has been returned from a call to a COM component.
Exception error type: HResult -2147467259
Exception thrown in called method: Void GetDescription(Windows.Win32.Foundation.PWSTR, Int32)
Possible interpretation of the error: Error caused likely due to trying to get the description of the program
Possible resolution: Not yet known
20:10:52.9576+07:00 - ERROR -  - ------------- END Flow.Launcher.Plugin.Program exception -------------
20:10:52.9576+07:00 - ERROR -  - ------------- BEGIN Flow.Launcher.Plugin.Program exception -------------
20:10:52.9576+07:00 - ERROR -  - 
Exception full name: System.Runtime.InteropServices.COMException
Error status: UNKNOWN
Class name: ShellLinkReader
Calling method: retrieveDescription
Program path: C:\Users\Tateisukan\AppData\Roaming\Microsoft\Windows\Start Menu\Programs\System Tools\Control Panel.lnk
InnerException number: 1
Exception message: Unexpected HRESULT has been returned from a call to a COM component.
Exception error type: HResult -2147467259
Exception thrown in called method: Void GetDescription(Windows.Win32.Foundation.PWSTR, Int32)
Possible interpretation of the error: Error caused likely due to trying to get the description of the program
Possible resolution: Not yet known
20:10:52.9576+07:00 - ERROR -  - ------------- END Flow.Launcher.Plugin.Program exception -------------
20:10:52.9733+07:00 - ERROR -  - ------------- BEGIN Flow.Launcher.Plugin.Program exception -------------
20:10:52.9733+07:00 - ERROR -  - 
Exception full name: System.Runtime.InteropServices.COMException
Error status: UNKNOWN
Class name: ShellLinkReader
Calling method: retrieveDescription
Program path: C:\Users\Tateisukan\AppData\Roaming\Microsoft\Windows\Start Menu\Programs\System Tools\Run.lnk
InnerException number: 1
Exception message: Unexpected HRESULT has been returned from a call to a COM component.
Exception error type: HResult -2147467259
Exception thrown in called method: Void GetDescription(Windows.Win32.Foundation.PWSTR, Int32)
Possible interpretation of the error: Error caused likely due to trying to get the description of the program
Possible resolution: Not yet known
20:10:52.9733+07:00 - ERROR -  - ------------- END Flow.Launcher.Plugin.Program exception -------------
20:10:53.0559+07:00 - ERROR -  - ------------- BEGIN Flow.Launcher.Plugin.Program exception -------------
20:10:53.0559+07:00 - ERROR -  - 
Exception full name: System.Runtime.InteropServices.COMException
Error status: UNKNOWN
Class name: ShellLinkReader
Calling method: retrieveDescription
Program path: C:\ProgramData\Microsoft\Windows\Start Menu\Programs\Accessories\Windows Media Player.lnk
InnerException number: 1
Exception message: Unexpected HRESULT has been returned from a call to a COM component.
Exception error type: HResult -2147467259
Exception thrown in called method: Void GetDescription(Windows.Win32.Foundation.PWSTR, Int32)
Possible interpretation of the error: Error caused likely due to trying to get the description of the program
Possible resolution: Not yet known
20:10:53.0559+07:00 - ERROR -  - ------------- END Flow.Launcher.Plugin.Program exception -------------
20:10:55.3883+07:00 - ERROR -  - ------------- BEGIN Flow.Launcher.Plugin.Program exception -------------
20:10:55.3883+07:00 - ERROR -  - 
Exception full name: System.Runtime.InteropServices.COMException
Error status: UNKNOWN
Class name: ShellLinkReader
Calling method: retrieveDescription
Program path: C:\Users\Tateisukan\AppData\Roaming\Microsoft\Windows\Start Menu\Programs\System Tools\computer.lnk
InnerException number: 1
Exception message: Unexpected HRESULT has been returned from a call to a COM component.
Exception error type: HResult -2147467259
Exception thrown in called method: Void GetDescription(Windows.Win32.Foundation.PWSTR, Int32)
Possible interpretation of the error: Error caused likely due to trying to get the description of the program
Possible resolution: Not yet known
20:10:55.3883+07:00 - ERROR -  - ------------- END Flow.Launcher.Plugin.Program exception -------------
20:10:55.3883+07:00 - ERROR -  - ------------- BEGIN Flow.Launcher.Plugin.Program exception -------------
20:10:55.3883+07:00 - ERROR -  - 
Exception full name: System.Runtime.InteropServices.COMException
Error status: UNKNOWN
Class name: ShellLinkReader
Calling method: retrieveDescription
Program path: C:\Users\Tateisukan\AppData\Roaming\Microsoft\Windows\Start Menu\Programs\System Tools\Control Panel.lnk
InnerException number: 1
Exception message: Unexpected HRESULT has been returned from a call to a COM component.
Exception error type: HResult -2147467259
Exception thrown in called method: Void GetDescription(Windows.Win32.Foundation.PWSTR, Int32)
Possible interpretation of the error: Error caused likely due to trying to get the description of the program
Possible resolution: Not yet known
20:10:55.3883+07:00 - ERROR -  - ------------- END Flow.Launcher.Plugin.Program exception -------------
20:10:55.4065+07:00 - ERROR -  - ------------- BEGIN Flow.Launcher.Plugin.Program exception -------------
20:10:55.4065+07:00 - ERROR -  - 
Exception full name: System.Runtime.InteropServices.COMException
Error status: UNKNOWN
Class name: ShellLinkReader
Calling method: retrieveDescription
Program path: C:\Users\Tateisukan\AppData\Roaming\Microsoft\Windows\Start Menu\Programs\System Tools\Run.lnk
InnerException number: 1
Exception message: Unexpected HRESULT has been returned from a call to a COM component.
Exception error type: HResult -2147467259
Exception thrown in called method: Void GetDescription(Windows.Win32.Foundation.PWSTR, Int32)
Possible interpretation of the error: Error caused likely due to trying to get the description of the program
Possible resolution: Not yet known
20:10:55.4065+07:00 - ERROR -  - ------------- END Flow.Launcher.Plugin.Program exception -------------
20:10:55.5075+07:00 - ERROR -  - ------------- BEGIN Flow.Launcher.Plugin.Program exception -------------
20:10:55.5075+07:00 - ERROR -  - 
Exception full name: System.Runtime.InteropServices.COMException
Error status: UNKNOWN
Class name: ShellLinkReader
Calling method: retrieveDescription
Program path: C:\ProgramData\Microsoft\Windows\Start Menu\Programs\Accessories\Windows Media Player.lnk
InnerException number: 1
Exception message: Unexpected HRESULT has been returned from a call to a COM component.
Exception error type: HResult -2147467259
Exception thrown in called method: Void GetDescription(Windows.Win32.Foundation.PWSTR, Int32)
Possible interpretation of the error: Error caused likely due to trying to get the description of the program
Possible resolution: Not yet known
20:10:55.5075+07:00 - ERROR -  - ------------- END Flow.Launcher.Plugin.Program exception -------------
20:18:37.3761+07:00 - INFO  - App.RegisterExitEvents - Session Ending
20:19:08.3740+07:00 - INFO  - App.OnStartup - Begin Flow Launcher startup ----------------------------------------------------
20:19:08.3740+07:00 - INFO  - App.OnStartup - Runtime info:
Flow Launcher version: 2.1.3
OS Version: 19044.7663
IntPtr Length: 8
x64: True
20:19:08.6742+07:00 - INFO  - CommunityPluginSource.FetchAsync - Loading plugins from https://fastly.jsdelivr.net/gh/Flow-Launcher/Flow.Launcher.PluginsManifest@main/plugins.json
20:19:08.6987+07:00 - INFO  - CommunityPluginSource.FetchAsync - Loading plugins from https://gcore.jsdelivr.net/gh/Flow-Launcher/Flow.Launcher.PluginsManifest@main/plugins.json
20:19:08.6987+07:00 - INFO  - CommunityPluginSource.FetchAsync - Loading plugins from https://cdn.jsdelivr.net/gh/Flow-Launcher/Flow.Launcher.PluginsManifest@main/plugins.json
20:19:08.6987+07:00 - INFO  - CommunityPluginSource.FetchAsync - Loading plugins from https://raw.githubusercontent.com/Flow-Launcher/Flow.Launcher.PluginsManifest/main/plugins.json
20:19:09.7502+07:00 - INFO  - CommunityPluginSource.FetchAsync - Loaded 355 plugins from https://raw.githubusercontent.com/Flow-Launcher/Flow.Launcher.PluginsManifest/main/plugins.json
20:19:11.2490+07:00 - INFO  - App.OnStartup - End Flow Launcher startup ------------------------------------------------------
20:19:11.2490+07:00 - INFO  - App.OnStartup - Begin plugin initialization ----------------------------------------------------
20:19:12.3009+07:00 - INFO  - ImageLoader.InitializeAsync - Preload images cost <3568ms>
20:19:12.3009+07:00 - INFO  - ImageLoader.InitializeAsync - Number of preload images is <150>, Images Number: 150, Unique Items 86
20:19:12.7416+07:00 - INFO  - App.OnStartup - Startup cost <4734ms>
20:19:12.7416+07:00 - INFO  - PluginManager.InitializePluginsAsync - Total init cost for <Plugin Indicator> is <52ms>
20:19:12.7416+07:00 - INFO  - PluginManager.InitializePluginsAsync - Total init cost for <Plugins Manager> is <184ms>
20:19:12.7619+07:00 - INFO  - PluginManager.InitializePluginsAsync - Total init cost for <URL> is <75ms>
20:19:12.7643+07:00 - INFO  - PluginManager.InitializePluginsAsync - Total init cost for <System Commands> is <157ms>
20:19:12.7643+07:00 - INFO  - PluginManager.InitializePluginsAsync - Total init cost for <Web Searches> is <139ms>
20:19:12.7906+07:00 - INFO  - PluginManager.InitializePluginsAsync - Total init cost for <Windows Settings> is <169ms>
20:19:12.8731+07:00 - INFO  - PluginManager.InitializePluginsAsync - Total init cost for <Process Killer> is <179ms>
20:19:12.8731+07:00 - INFO  - PluginManager.InitializePluginsAsync - Total init cost for <Shell> is <259ms>
20:19:12.8893+07:00 - INFO  - PluginManager.InitializePluginsAsync - Total init cost for <Browser Bookmarks> is <310ms>
20:19:12.8893+07:00 - INFO  - PluginManager.InitializePluginsAsync - Total init cost for <Calculator> is <264ms>
20:19:12.9084+07:00 - INFO  - PluginManager.InitializePluginsAsync - Total init cost for <Explorer> is <319ms>
20:19:12.9084+07:00 - INFO  - Main.InitAsync - Preload programs cost <15ms>
20:19:12.9084+07:00 - INFO  - Main.InitAsync - Number of preload win32 programs <107>
20:19:12.9084+07:00 - INFO  - Main.InitAsync - Number of preload uwps <6>
20:19:12.9354+07:00 - INFO  - PluginManager.InitializePluginsAsync - Total init cost for <Program> is <263ms>
20:19:13.0355+07:00 - INFO  - App.OnStartup - End plugin initialization ------------------------------------------------------
20:19:13.0355+07:00 - INFO  - App.OnStartup - Startup cost <1786ms>
20:53:19.4302+07:00 - ERROR -  - ------------- BEGIN Flow.Launcher.Plugin.Program exception -------------
20:53:19.4302+07:00 - ERROR -  - 
Exception full name: System.Runtime.InteropServices.COMException
Error status: UNKNOWN
Class name: ShellLinkReader
Calling method: retrieveDescription
Program path: C:\Users\Tateisukan\AppData\Roaming\Microsoft\Windows\Start Menu\Programs\System Tools\computer.lnk
InnerException number: 1
Exception message: Unexpected HRESULT has been returned from a call to a COM component.
Exception error type: HResult -2147467259
Exception thrown in called method: Void GetDescription(Windows.Win32.Foundation.PWSTR, Int32)
Possible interpretation of the error: Error caused likely due to trying to get the description of the program
Possible resolution: Not yet known
20:53:19.4302+07:00 - ERROR -  - ------------- END Flow.Launcher.Plugin.Program exception -------------
20:53:19.4363+07:00 - ERROR -  - ------------- BEGIN Flow.Launcher.Plugin.Program exception -------------
20:53:19.4363+07:00 - ERROR -  - 
Exception full name: System.Runtime.InteropServices.COMException
Error status: UNKNOWN
Class name: ShellLinkReader
Calling method: retrieveDescription
Program path: C:\Users\Tateisukan\AppData\Roaming\Microsoft\Windows\Start Menu\Programs\System Tools\Control Panel.lnk
InnerException number: 1
Exception message: Unexpected HRESULT has been returned from a call to a COM component.
Exception error type: HResult -2147467259
Exception thrown in called method: Void GetDescription(Windows.Win32.Foundation.PWSTR, Int32)
Possible interpretation of the error: Error caused likely due to trying to get the description of the program
Possible resolution: Not yet known
20:53:19.4363+07:00 - ERROR -  - ------------- END Flow.Launcher.Plugin.Program exception -------------
20:53:19.4363+07:00 - ERROR -  - ------------- BEGIN Flow.Launcher.Plugin.Program exception -------------
20:53:19.4363+07:00 - ERROR -  - 
Exception full name: System.Runtime.InteropServices.COMException
Error status: UNKNOWN
Class name: ShellLinkReader
Calling method: retrieveDescription
Program path: C:\Users\Tateisukan\AppData\Roaming\Microsoft\Windows\Start Menu\Programs\System Tools\Run.lnk
InnerException number: 1
Exception message: Unexpected HRESULT has been returned from a call to a COM component.
Exception error type: HResult -2147467259
Exception thrown in called method: Void GetDescription(Windows.Win32.Foundation.PWSTR, Int32)
Possible interpretation of the error: Error caused likely due to trying to get the description of the program
Possible resolution: Not yet known
20:53:19.4363+07:00 - ERROR -  - ------------- END Flow.Launcher.Plugin.Program exception -------------
20:53:19.5474+07:00 - ERROR -  - ------------- BEGIN Flow.Launcher.Plugin.Program exception -------------
20:53:19.5474+07:00 - ERROR -  - 
Exception full name: System.Runtime.InteropServices.COMException
Error status: UNKNOWN
Class name: ShellLinkReader
Calling method: retrieveDescription
Program path: C:\ProgramData\Microsoft\Windows\Start Menu\Programs\Accessories\Windows Media Player.lnk
InnerException number: 1
Exception message: Unexpected HRESULT has been returned from a call to a COM component.
Exception error type: HResult -2147467259
Exception thrown in called method: Void GetDescription(Windows.Win32.Foundation.PWSTR, Int32)
Possible interpretation of the error: Error caused likely due to trying to get the description of the program
Possible resolution: Not yet known
20:53:19.5474+07:00 - ERROR -  - ------------- END Flow.Launcher.Plugin.Program exception -------------
20:53:20.3947+07:00 - ERROR -  - ------------- BEGIN Flow.Launcher.Plugin.Program exception -------------
20:53:20.3947+07:00 - ERROR -  - 
Exception full name: System.Runtime.InteropServices.COMException
Error status: UNKNOWN
Class name: ShellLinkReader
Calling method: retrieveDescription
Program path: C:\Users\Tateisukan\AppData\Roaming\Microsoft\Windows\Start Menu\Programs\System Tools\computer.lnk
InnerException number: 1
Exception message: Unexpected HRESULT has been returned from a call to a COM component.
Exception error type: HResult -2147467259
Exception thrown in called method: Void GetDescription(Windows.Win32.Foundation.PWSTR, Int32)
Possible interpretation of the error: Error caused likely due to trying to get the description of the program
Possible resolution: Not yet known
20:53:20.3947+07:00 - ERROR -  - ------------- END Flow.Launcher.Plugin.Program exception -------------
20:53:20.3947+07:00 - ERROR -  - ------------- BEGIN Flow.Launcher.Plugin.Program exception -------------
20:53:20.3947+07:00 - ERROR -  - 
Exception full name: System.Runtime.InteropServices.COMException
Error status: UNKNOWN
Class name: ShellLinkReader
Calling method: retrieveDescription
Program path: C:\Users\Tateisukan\AppData\Roaming\Microsoft\Windows\Start Menu\Programs\System Tools\Control Panel.lnk
InnerException number: 1
Exception message: Unexpected HRESULT has been returned from a call to a COM component.
Exception error type: HResult -2147467259
Exception thrown in called method: Void GetDescription(Windows.Win32.Foundation.PWSTR, Int32)
Possible interpretation of the error: Error caused likely due to trying to get the description of the program
Possible resolution: Not yet known
20:53:20.3947+07:00 - ERROR -  - ------------- END Flow.Launcher.Plugin.Program exception -------------
20:53:20.4107+07:00 - ERROR -  - ------------- BEGIN Flow.Launcher.Plugin.Program exception -------------
20:53:20.4107+07:00 - ERROR -  - 
Exception full name: System.Runtime.InteropServices.COMException
Error status: UNKNOWN
Class name: ShellLinkReader
Calling method: retrieveDescription
Program path: C:\Users\Tateisukan\AppData\Roaming\Microsoft\Windows\Start Menu\Programs\System Tools\Run.lnk
InnerException number: 1
Exception message: Unexpected HRESULT has been returned from a call to a COM component.
Exception error type: HResult -2147467259
Exception thrown in called method: Void GetDescription(Windows.Win32.Foundation.PWSTR, Int32)
Possible interpretation of the error: Error caused likely due to trying to get the description of the program
Possible resolution: Not yet known
20:53:20.4107+07:00 - ERROR -  - ------------- END Flow.Launcher.Plugin.Program exception -------------
20:53:20.4918+07:00 - ERROR -  - ------------- BEGIN Flow.Launcher.Plugin.Program exception -------------
20:53:20.4918+07:00 - ERROR -  - 
Exception full name: System.Runtime.InteropServices.COMException
Error status: UNKNOWN
Class name: ShellLinkReader
Calling method: retrieveDescription
Program path: C:\ProgramData\Microsoft\Windows\Start Menu\Programs\Accessories\Windows Media Player.lnk
InnerException number: 1
Exception message: Unexpected HRESULT has been returned from a call to a COM component.
Exception error type: HResult -2147467259
Exception thrown in called method: Void GetDescription(Windows.Win32.Foundation.PWSTR, Int32)
Possible interpretation of the error: Error caused likely due to trying to get the description of the program
Possible resolution: Not yet known
20:53:20.4918+07:00 - ERROR -  - ------------- END Flow.Launcher.Plugin.Program exception -------------
20:53:46.4893+07:00 - ERROR -  - ------------- BEGIN Flow.Launcher.Plugin.Program exception -------------
20:53:46.4893+07:00 - ERROR -  - 
Exception full name: System.Runtime.InteropServices.COMException
Error status: UNKNOWN
Class name: ShellLinkReader
Calling method: retrieveDescription
Program path: C:\Users\Tateisukan\AppData\Roaming\Microsoft\Windows\Start Menu\Programs\System Tools\computer.lnk
InnerException number: 1
Exception message: Unexpected HRESULT has been returned from a call to a COM component.
Exception error type: HResult -2147467259
Exception thrown in called method: Void GetDescription(Windows.Win32.Foundation.PWSTR, Int32)
Possible interpretation of the error: Error caused likely due to trying to get the description of the program
Possible resolution: Not yet known
20:53:46.4893+07:00 - ERROR -  - ------------- END Flow.Launcher.Plugin.Program exception -------------
20:53:46.4893+07:00 - ERROR -  - ------------- BEGIN Flow.Launcher.Plugin.Program exception -------------
20:53:46.4893+07:00 - ERROR -  - 
Exception full name: System.Runtime.InteropServices.COMException
Error status: UNKNOWN
Class name: ShellLinkReader
Calling method: retrieveDescription
Program path: C:\Users\Tateisukan\AppData\Roaming\Microsoft\Windows\Start Menu\Programs\System Tools\Control Panel.lnk
InnerException number: 1
Exception message: Unexpected HRESULT has been returned from a call to a COM component.
Exception error type: HResult -2147467259
Exception thrown in called method: Void GetDescription(Windows.Win32.Foundation.PWSTR, Int32)
Possible interpretation of the error: Error caused likely due to trying to get the description of the program
Possible resolution: Not yet known
20:53:46.4893+07:00 - ERROR -  - ------------- END Flow.Launcher.Plugin.Program exception -------------
20:53:46.5065+07:00 - ERROR -  - ------------- BEGIN Flow.Launcher.Plugin.Program exception -------------
20:53:46.5065+07:00 - ERROR -  - 
Exception full name: System.Runtime.InteropServices.COMException
Error status: UNKNOWN
Class name: ShellLinkReader
Calling method: retrieveDescription
Program path: C:\Users\Tateisukan\AppData\Roaming\Microsoft\Windows\Start Menu\Programs\System Tools\Run.lnk
InnerException number: 1
Exception message: Unexpected HRESULT has been returned from a call to a COM component.
Exception error type: HResult -2147467259
Exception thrown in called method: Void GetDescription(Windows.Win32.Foundation.PWSTR, Int32)
Possible interpretation of the error: Error caused likely due to trying to get the description of the program
Possible resolution: Not yet known
20:53:46.5065+07:00 - ERROR -  - ------------- END Flow.Launcher.Plugin.Program exception -------------
20:53:46.5919+07:00 - ERROR -  - ------------- BEGIN Flow.Launcher.Plugin.Program exception -------------
20:53:46.5919+07:00 - ERROR -  - 
Exception full name: System.Runtime.InteropServices.COMException
Error status: UNKNOWN
Class name: ShellLinkReader
Calling method: retrieveDescription
Program path: C:\ProgramData\Microsoft\Windows\Start Menu\Programs\Accessories\Windows Media Player.lnk
InnerException number: 1
Exception message: Unexpected HRESULT has been returned from a call to a COM component.
Exception error type: HResult -2147467259
Exception thrown in called method: Void GetDescription(Windows.Win32.Foundation.PWSTR, Int32)
Possible interpretation of the error: Error caused likely due to trying to get the description of the program
Possible resolution: Not yet known
20:53:46.5919+07:00 - ERROR -  - ------------- END Flow.Launcher.Plugin.Program exception -------------
20:55:05.9668+07:00 - ERROR -  - ------------- BEGIN Flow.Launcher.Plugin.Program exception -------------
20:55:05.9668+07:00 - ERROR -  - 
Exception full name: System.Runtime.InteropServices.COMException
Error status: UNKNOWN
Class name: ShellLinkReader
Calling method: retrieveDescription
Program path: C:\Users\Tateisukan\AppData\Roaming\Microsoft\Windows\Start Menu\Programs\System Tools\computer.lnk
InnerException number: 1
Exception message: Unexpected HRESULT has been returned from a call to a COM component.
Exception error type: HResult -2147467259
Exception thrown in called method: Void GetDescription(Windows.Win32.Foundation.PWSTR, Int32)
Possible interpretation of the error: Error caused likely due to trying to get the description of the program
Possible resolution: Not yet known
20:55:05.9668+07:00 - ERROR -  - ------------- END Flow.Launcher.Plugin.Program exception -------------
20:55:05.9668+07:00 - ERROR -  - ------------- BEGIN Flow.Launcher.Plugin.Program exception -------------
20:55:05.9668+07:00 - ERROR -  - 
Exception full name: System.Runtime.InteropServices.COMException
Error status: UNKNOWN
Class name: ShellLinkReader
Calling method: retrieveDescription
Program path: C:\Users\Tateisukan\AppData\Roaming\Microsoft\Windows\Start Menu\Programs\System Tools\Control Panel.lnk
InnerException number: 1
Exception message: Unexpected HRESULT has been returned from a call to a COM component.
Exception error type: HResult -2147467259
Exception thrown in called method: Void GetDescription(Windows.Win32.Foundation.PWSTR, Int32)
Possible interpretation of the error: Error caused likely due to trying to get the description of the program
Possible resolution: Not yet known
20:55:05.9668+07:00 - ERROR -  - ------------- END Flow.Launcher.Plugin.Program exception -------------
20:55:05.9831+07:00 - ERROR -  - ------------- BEGIN Flow.Launcher.Plugin.Program exception -------------
20:55:05.9831+07:00 - ERROR -  - 
Exception full name: System.Runtime.InteropServices.COMException
Error status: UNKNOWN
Class name: ShellLinkReader
Calling method: retrieveDescription
Program path: C:\Users\Tateisukan\AppData\Roaming\Microsoft\Windows\Start Menu\Programs\System Tools\Run.lnk
InnerException number: 1
Exception message: Unexpected HRESULT has been returned from a call to a COM component.
Exception error type: HResult -2147467259
Exception thrown in called method: Void GetDescription(Windows.Win32.Foundation.PWSTR, Int32)
Possible interpretation of the error: Error caused likely due to trying to get the description of the program
Possible resolution: Not yet known
20:55:05.9831+07:00 - ERROR -  - ------------- END Flow.Launcher.Plugin.Program exception -------------
20:55:06.0621+07:00 - ERROR -  - ------------- BEGIN Flow.Launcher.Plugin.Program exception -------------
20:55:06.0621+07:00 - ERROR -  - 
Exception full name: System.Runtime.InteropServices.COMException
Error status: UNKNOWN
Class name: ShellLinkReader
Calling method: retrieveDescription
Program path: C:\ProgramData\Microsoft\Windows\Start Menu\Programs\Accessories\Windows Media Player.lnk
InnerException number: 1
Exception message: Unexpected HRESULT has been returned from a call to a COM component.
Exception error type: HResult -2147467259
Exception thrown in called method: Void GetDescription(Windows.Win32.Foundation.PWSTR, Int32)
Possible interpretation of the error: Error caused likely due to trying to get the description of the program
Possible resolution: Not yet known
20:55:06.0621+07:00 - ERROR -  - ------------- END Flow.Launcher.Plugin.Program exception -------------
20:55:07.6170+07:00 - ERROR -  - ------------- BEGIN Flow.Launcher.Plugin.Program exception -------------
20:55:07.6170+07:00 - ERROR -  - 
Exception full name: System.Runtime.InteropServices.COMException
Error status: UNKNOWN
Class name: ShellLinkReader
Calling method: retrieveDescription
Program path: C:\Users\Tateisukan\AppData\Roaming\Microsoft\Windows\Start Menu\Programs\System Tools\computer.lnk
InnerException number: 1
Exception message: Unexpected HRESULT has been returned from a call to a COM component.
Exception error type: HResult -2147467259
Exception thrown in called method: Void GetDescription(Windows.Win32.Foundation.PWSTR, Int32)
Possible interpretation of the error: Error caused likely due to trying to get the description of the program
Possible resolution: Not yet known
20:55:07.6170+07:00 - ERROR -  - ------------- END Flow.Launcher.Plugin.Program exception -------------
20:55:07.6170+07:00 - ERROR -  - ------------- BEGIN Flow.Launcher.Plugin.Program exception -------------
20:55:07.6170+07:00 - ERROR -  - 
Exception full name: System.Runtime.InteropServices.COMException
Error status: UNKNOWN
Class name: ShellLinkReader
Calling method: retrieveDescription
Program path: C:\Users\Tateisukan\AppData\Roaming\Microsoft\Windows\Start Menu\Programs\System Tools\Control Panel.lnk
InnerException number: 1
Exception message: Unexpected HRESULT has been returned from a call to a COM component.
Exception error type: HResult -2147467259
Exception thrown in called method: Void GetDescription(Windows.Win32.Foundation.PWSTR, Int32)
Possible interpretation of the error: Error caused likely due to trying to get the description of the program
Possible resolution: Not yet known
20:55:07.6170+07:00 - ERROR -  - ------------- END Flow.Launcher.Plugin.Program exception -------------
20:55:07.6331+07:00 - ERROR -  - ------------- BEGIN Flow.Launcher.Plugin.Program exception -------------
20:55:07.6331+07:00 - ERROR -  - 
Exception full name: System.Runtime.InteropServices.COMException
Error status: UNKNOWN
Class name: ShellLinkReader
Calling method: retrieveDescription
Program path: C:\Users\Tateisukan\AppData\Roaming\Microsoft\Windows\Start Menu\Programs\System Tools\Run.lnk
InnerException number: 1
Exception message: Unexpected HRESULT has been returned from a call to a COM component.
Exception error type: HResult -2147467259
Exception thrown in called method: Void GetDescription(Windows.Win32.Foundation.PWSTR, Int32)
Possible interpretation of the error: Error caused likely due to trying to get the description of the program
Possible resolution: Not yet known
20:55:07.6331+07:00 - ERROR -  - ------------- END Flow.Launcher.Plugin.Program exception -------------
20:55:07.7138+07:00 - ERROR -  - ------------- BEGIN Flow.Launcher.Plugin.Program exception -------------
20:55:07.7138+07:00 - ERROR -  - 
Exception full name: System.Runtime.InteropServices.COMException
Error status: UNKNOWN
Class name: ShellLinkReader
Calling method: retrieveDescription
Program path: C:\ProgramData\Microsoft\Windows\Start Menu\Programs\Accessories\Windows Media Player.lnk
InnerException number: 1
Exception message: Unexpected HRESULT has been returned from a call to a COM component.
Exception error type: HResult -2147467259
Exception thrown in called method: Void GetDescription(Windows.Win32.Foundation.PWSTR, Int32)
Possible interpretation of the error: Error caused likely due to trying to get the description of the program
Possible resolution: Not yet known
20:55:07.7138+07:00 - ERROR -  - ------------- END Flow.Launcher.Plugin.Program exception -------------
20:58:05.7301+07:00 - ERROR - ErrorReporting.TaskSchedulerUnobservedTaskException - Unobserved task exception occurred.
EXCEPTION OCCURS: System.InvalidCastException: Unable to cast object of type 'System.Windows.Media.Color' to type 'System.Windows.Expression'.
   at void System.Windows.Freezable.CloneCoreCommon(Freezable sourceFreezable, bool useCurrentValue, bool cloneFrozenValues)
   at Freezable System.Windows.Freezable.Clone()
   at object System.Windows.StyleHelper.GetInstanceValue(UncommonField<HybridDictionary[]> dataField, DependencyObject container, FrameworkElement feChild, FrameworkContentElement fceChild, int childIndex, DependencyProperty dp, int i, ref EffectiveValueEntry entry)
   at object System.Windows.StyleHelper.GetChildValueHelper(UncommonField<HybridDictionary[]> dataField, ref ItemStructList<ChildValueLookup> valueLookupList, DependencyProperty dp, DependencyObject container, FrameworkObject child, int childIndex, bool styleLookup, ref EffectiveValueEntry entry, out ValueLookupType sourceType, FrameworkElementFactory templateRoot)
   at object System.Windows.StyleHelper.GetChildValue(UncommonField<HybridDictionary[]> dataField, DependencyObject container, int childIndex, FrameworkObject child, DependencyProperty dp, ref FrugalStructList<ChildRecord> childRecordFromChildIndex, ref EffectiveValueEntry entry, out ValueLookupType sourceType, FrameworkElementFactory templateRoot)
   at bool System.Windows.StyleHelper.GetValueFromStyleOrTemplate(FrameworkObject fo, DependencyProperty dp, ref EffectiveValueEntry entry)
   at void System.Windows.FrameworkElement.GetRawValue(DependencyProperty dp, PropertyMetadata metadata, ref EffectiveValueEntry entry)
   at void System.Windows.FrameworkElement.EvaluateBaseValueCore(DependencyProperty dp, PropertyMetadata metadata, ref EffectiveValueEntry newEntry)
   at EffectiveValueEntry System.Windows.DependencyObject.EvaluateEffectiveValue(EntryIndex entryIndex, DependencyProperty dp, PropertyMetadata metadata, EffectiveValueEntry oldEntry, EffectiveValueEntry newEntry, OperationType operationType)
   at UpdateResult System.Windows.DependencyObject.UpdateEffectiveValue(EntryIndex entryIndex, DependencyProperty dp, PropertyMetadata metadata, EffectiveValueEntry oldEntry, ref EffectiveValueEntry newEntry, bool coerceWithDeferredReference, bool coerceWithCurrentValue, OperationType operationType)
   at void System.Windows.DependencyObject.InvalidateProperty(DependencyProperty dp, bool preserveCurrentValue)
   at void System.Windows.StyleHelper.InvalidateContainerDependents(DependencyObject container, ref FrugalStructList<ContainerDependent> exclusionContainerDependents, ref FrugalStructList<ContainerDependent> oldContainerDependents, ref FrugalStructList<ContainerDependent> newContainerDependents)
   at void System.Windows.StyleHelper.DoStyleInvalidations(FrameworkElement fe, FrameworkContentElement fce, Style oldStyle, Style newStyle)
   at void System.Windows.FrameworkElement.OnStyleChanged(DependencyObject d, DependencyPropertyChangedEventArgs e)
   at void System.Windows.FrameworkElement.OnPropertyChanged(DependencyPropertyChangedEventArgs e)
   at void System.Windows.DependencyObject.NotifyPropertyChange(DependencyPropertyChangedEventArgs args)
   at UpdateResult System.Windows.DependencyObject.UpdateEffectiveValue(EntryIndex entryIndex, DependencyProperty dp, PropertyMetadata metadata, EffectiveValueEntry oldEntry, ref EffectiveValueEntry newEntry, bool coerceWithDeferredReference, bool coerceWithCurrentValue, OperationType operationType)
   at void System.Windows.ResourceReferenceExpression.InvalidateExpressionValue(object sender, EventArgs e)
   at void System.Windows.TreeWalkHelper.InvalidateResourceReferences(DependencyObject d, ResourcesChangeInfo info)
   at void System.Windows.TreeWalkHelper.OnResourcesChanged(DependencyObject d, ResourcesChangeInfo info, bool raiseResourceChangedEvent)
   at bool System.Windows.TreeWalkHelper.OnResourcesChangedCallback(DependencyObject d, ResourcesChangeInfo info, bool visitedViaVisualTree)
   at void System.Windows.DescendentsWalker<T>.WalkLogicalChildren(FrameworkElement feParent, FrameworkContentElement fceParent, IEnumerator logicalChildren)
   at void System.Windows.DescendentsWalker<T>.WalkFrameworkElementLogicalThenVisualChildren(FrameworkElement feParent, bool hasLogicalChildren)
   at void System.Windows.DescendentsWalker<T>.IterateChildren(DependencyObject d)
   at void System.Windows.DescendentsWalker<T>.WalkLogicalChildren(FrameworkElement feParent, FrameworkContentElement fceParent, IEnumerator logicalChildren)
   at void System.Windows.DescendentsWalker<T>.WalkFrameworkElementLogicalThenVisualChildren(FrameworkElement feParent, bool hasLogicalChildren)
   at void System.Windows.DescendentsWalker<T>.IterateChildren(DependencyObject d)
   at void System.Windows.DescendentsWalker<T>.WalkLogicalChildren(FrameworkElement feParent, FrameworkContentElement fceParent, IEnumerator logicalChildren)
   at void System.Windows.DescendentsWalker<T>.WalkFrameworkElementLogicalThenVisualChildren(FrameworkElement feParent, bool hasLogicalChildren)
   at void System.Windows.DescendentsWalker<T>.IterateChildren(DependencyObject d)
   at void System.Windows.DescendentsWalker<T>.WalkLogicalChildren(FrameworkElement feParent, FrameworkContentElement fceParent, IEnumerator logicalChildren)
   at void System.Windows.DescendentsWalker<T>.WalkFrameworkElementLogicalThenVisualChildren(FrameworkElement feParent, bool hasLogicalChildren)
   at void System.Windows.DescendentsWalker<T>.IterateChildren(DependencyObject d)
   at void System.Windows.DescendentsWalker<T>.StartWalk(DependencyObject startNode, bool skipStartNode)
   at void System.Windows.TreeWalkHelper.InvalidateOnResourcesChange(FrameworkElement fe, FrameworkContentElement fce, ResourcesChangeInfo info)
   at void System.Windows.Application.InvalidateResourceReferenceOnWindowCollection(WindowCollection wc, ResourcesChangeInfo info)
   at void System.Windows.Application.InvalidateResourceReferences(ResourcesChangeInfo info)
   at void System.Windows.ResourceDictionary.NotifyOwners(ResourcesChangeInfo info)
   at void System.Windows.ResourceDictionary.OnMergedDictionariesChanged(object sender, NotifyCollectionChangedEventArgs e)
   at void System.Collections.ObjectModel.ObservableCollection<T>.OnCollectionChanged(NotifyCollectionChangedEventArgs e)
   at void Flow.Launcher.Core.Resource.Theme.UpdateResourceDictionary(ResourceDictionary dictionaryToUpdate) in C:/projects/flow-launcher/Flow.Launcher.Core/Resource/Theme.cs:line 106
   at void Flow.Launcher.Core.Resource.Theme.SetBlurForWindow(string theme, BackdropTypes backdropType) in C:/projects/flow-launcher/Flow.Launcher.Core/Resource/Theme.cs:line 743
   at Task Flow.Launcher.Core.Resource.Theme.RefreshFrameAsync()+() => { } in C:/projects/flow-launcher/Flow.Launcher.Core/Resource/Theme.cs:line 643
   at object System.Windows.Threading.DispatcherOperation.InvokeDelegateCore()
   at void System.Windows.Threading.DispatcherOperation.InvokeImpl()
   at async Task Flow.Launcher.Core.Resource.Theme.RefreshFrameAsync() in C:/projects/flow-launcher/Flow.Launcher.Core/Resource/Theme.cs:line 638

20:58:05.7346+07:00 - ERROR - ErrorReporting.TaskSchedulerUnobservedTaskException - Unobserved task exception occurred.
EXCEPTION OCCURS: System.InvalidCastException: Unable to cast object of type 'System.Windows.Media.Color' to type 'System.Windows.Expression'.
   at void System.Windows.Freezable.CloneCoreCommon(Freezable sourceFreezable, bool useCurrentValue, bool cloneFrozenValues)
   at Freezable System.Windows.Freezable.Clone()
   at object System.Windows.StyleHelper.GetInstanceValue(UncommonField<HybridDictionary[]> dataField, DependencyObject container, FrameworkElement feChild, FrameworkContentElement fceChild, int childIndex, DependencyProperty dp, int i, ref EffectiveValueEntry entry)
   at object System.Windows.StyleHelper.GetChildValueHelper(UncommonField<HybridDictionary[]> dataField, ref ItemStructList<ChildValueLookup> valueLookupList, DependencyProperty dp, DependencyObject container, FrameworkObject child, int childIndex, bool styleLookup, ref EffectiveValueEntry entry, out ValueLookupType sourceType, FrameworkElementFactory templateRoot)
   at object System.Windows.StyleHelper.GetChildValue(UncommonField<HybridDictionary[]> dataField, DependencyObject container, int childIndex, FrameworkObject child, DependencyProperty dp, ref FrugalStructList<ChildRecord> childRecordFromChildIndex, ref EffectiveValueEntry entry, out ValueLookupType sourceType, FrameworkElementFactory templateRoot)
   at bool System.Windows.StyleHelper.GetValueFromStyleOrTemplate(FrameworkObject fo, DependencyProperty dp, ref EffectiveValueEntry entry)
   at void System.Windows.FrameworkElement.GetRawValue(DependencyProperty dp, PropertyMetadata metadata, ref EffectiveValueEntry entry)
   at void System.Windows.FrameworkElement.EvaluateBaseValueCore(DependencyProperty dp, PropertyMetadata metadata, ref EffectiveValueEntry newEntry)
   at EffectiveValueEntry System.Windows.DependencyObject.EvaluateEffectiveValue(EntryIndex entryIndex, DependencyProperty dp, PropertyMetadata metadata, EffectiveValueEntry oldEntry, EffectiveValueEntry newEntry, OperationType operationType)
   at UpdateResult System.Windows.DependencyObject.UpdateEffectiveValue(EntryIndex entryIndex, DependencyProperty dp, PropertyMetadata metadata, EffectiveValueEntry oldEntry, ref EffectiveValueEntry newEntry, bool coerceWithDeferredReference, bool coerceWithCurrentValue, OperationType operationType)
   at void System.Windows.DependencyObject.InvalidateProperty(DependencyProperty dp, bool preserveCurrentValue)
   at void System.Windows.StyleHelper.InvalidateContainerDependents(DependencyObject container, ref FrugalStructList<ContainerDependent> exclusionContainerDependents, ref FrugalStructList<ContainerDependent> oldContainerDependents, ref FrugalStructList<ContainerDependent> newContainerDependents)
   at void System.Windows.StyleHelper.DoStyleInvalidations(FrameworkElement fe, FrameworkContentElement fce, Style oldStyle, Style newStyle)
   at void System.Windows.FrameworkElement.OnStyleChanged(DependencyObject d, DependencyPropertyChangedEventArgs e)
   at void System.Windows.FrameworkElement.OnPropertyChanged(DependencyPropertyChangedEventArgs e)
   at void System.Windows.DependencyObject.NotifyPropertyChange(DependencyPropertyChangedEventArgs args)
   at UpdateResult System.Windows.DependencyObject.UpdateEffectiveValue(EntryIndex entryIndex, DependencyProperty dp, PropertyMetadata metadata, EffectiveValueEntry oldEntry, ref EffectiveValueEntry newEntry, bool coerceWithDeferredReference, bool coerceWithCurrentValue, OperationType operationType)
   at void System.Windows.ResourceReferenceExpression.InvalidateExpressionValue(object sender, EventArgs e)
   at void System.Windows.TreeWalkHelper.InvalidateResourceReferences(DependencyObject d, ResourcesChangeInfo info)
   at void System.Windows.TreeWalkHelper.OnResourcesChanged(DependencyObject d, ResourcesChangeInfo info, bool raiseResourceChangedEvent)
   at bool System.Windows.TreeWalkHelper.OnResourcesChangedCallback(DependencyObject d, ResourcesChangeInfo info, bool visitedViaVisualTree)
   at void System.Windows.DescendentsWalker<T>.WalkLogicalChildren(FrameworkElement feParent, FrameworkContentElement fceParent, IEnumerator logicalChildren)
   at void System.Windows.DescendentsWalker<T>.WalkFrameworkElementLogicalThenVisualChildren(FrameworkElement feParent, bool hasLogicalChildren)
   at void System.Windows.DescendentsWalker<T>.IterateChildren(DependencyObject d)
   at void System.Windows.DescendentsWalker<T>.WalkLogicalChildren(FrameworkElement feParent, FrameworkContentElement fceParent, IEnumerator logicalChildren)
   at void System.Windows.DescendentsWalker<T>.WalkFrameworkElementLogicalThenVisualChildren(FrameworkElement feParent, bool hasLogicalChildren)
   at void System.Windows.DescendentsWalker<T>.IterateChildren(DependencyObject d)
   at void System.Windows.DescendentsWalker<T>.WalkLogicalChildren(FrameworkElement feParent, FrameworkContentElement fceParent, IEnumerator logicalChildren)
   at void System.Windows.DescendentsWalker<T>.WalkFrameworkElementLogicalThenVisualChildren(FrameworkElement feParent, bool hasLogicalChildren)
   at void System.Windows.DescendentsWalker<T>.IterateChildren(DependencyObject d)
   at void System.Windows.DescendentsWalker<T>.WalkLogicalChildren(FrameworkElement feParent, FrameworkContentElement fceParent, IEnumerator logicalChildren)
   at void System.Windows.DescendentsWalker<T>.WalkFrameworkElementLogicalThenVisualChildren(FrameworkElement feParent, bool hasLogicalChildren)
   at void System.Windows.DescendentsWalker<T>.IterateChildren(DependencyObject d)
   at void System.Windows.DescendentsWalker<T>.StartWalk(DependencyObject startNode, bool skipStartNode)
   at void System.Windows.TreeWalkHelper.InvalidateOnResourcesChange(FrameworkElement fe, FrameworkContentElement fce, ResourcesChangeInfo info)
   at void System.Windows.Application.InvalidateResourceReferenceOnWindowCollection(WindowCollection wc, ResourcesChangeInfo info)
   at void System.Windows.Application.InvalidateResourceReferences(ResourcesChangeInfo info)
   at void System.Windows.ResourceDictionary.NotifyOwners(ResourcesChangeInfo info)
   at void System.Windows.ResourceDictionary.OnMergedDictionariesChanged(object sender, NotifyCollectionChangedEventArgs e)
   at void System.Collections.ObjectModel.ObservableCollection<T>.OnCollectionChanged(NotifyCollectionChangedEventArgs e)
   at void Flow.Launcher.Core.Resource.Theme.UpdateResourceDictionary(ResourceDictionary dictionaryToUpdate) in C:/projects/flow-launcher/Flow.Launcher.Core/Resource/Theme.cs:line 106
   at void Flow.Launcher.Core.Resource.Theme.SetBlurForWindow(string theme, BackdropTypes backdropType) in C:/projects/flow-launcher/Flow.Launcher.Core/Resource/Theme.cs:line 743
   at Task Flow.Launcher.Core.Resource.Theme.RefreshFrameAsync()+() => { } in C:/projects/flow-launcher/Flow.Launcher.Core/Resource/Theme.cs:line 643
   at object System.Windows.Threading.DispatcherOperation.InvokeDelegateCore()
   at void System.Windows.Threading.DispatcherOperation.InvokeImpl()
   at async Task Flow.Launcher.Core.Resource.Theme.RefreshFrameAsync() in C:/projects/flow-launcher/Flow.Launcher.Core/Resource/Theme.cs:line 638

20:58:05.7346+07:00 - ERROR - ErrorReporting.TaskSchedulerUnobservedTaskException - Unobserved task exception occurred.
EXCEPTION OCCURS: System.InvalidCastException: Unable to cast object of type 'System.Windows.Media.Color' to type 'System.Windows.Expression'.
   at void System.Windows.Freezable.CloneCoreCommon(Freezable sourceFreezable, bool useCurrentValue, bool cloneFrozenValues)
   at Freezable System.Windows.Freezable.Clone()
   at object System.Windows.StyleHelper.GetInstanceValue(UncommonField<HybridDictionary[]> dataField, DependencyObject container, FrameworkElement feChild, FrameworkContentElement fceChild, int childIndex, DependencyProperty dp, int i, ref EffectiveValueEntry entry)
   at object System.Windows.StyleHelper.GetChildValueHelper(UncommonField<HybridDictionary[]> dataField, ref ItemStructList<ChildValueLookup> valueLookupList, DependencyProperty dp, DependencyObject container, FrameworkObject child, int childIndex, bool styleLookup, ref EffectiveValueEntry entry, out ValueLookupType sourceType, FrameworkElementFactory templateRoot)
   at object System.Windows.StyleHelper.GetChildValue(UncommonField<HybridDictionary[]> dataField, DependencyObject container, int childIndex, FrameworkObject child, DependencyProperty dp, ref FrugalStructList<ChildRecord> childRecordFromChildIndex, ref EffectiveValueEntry entry, out ValueLookupType sourceType, FrameworkElementFactory templateRoot)
   at bool System.Windows.StyleHelper.GetValueFromStyleOrTemplate(FrameworkObject fo, DependencyProperty dp, ref EffectiveValueEntry entry)
   at void System.Windows.FrameworkElement.GetRawValue(DependencyProperty dp, PropertyMetadata metadata, ref EffectiveValueEntry entry)
   at void System.Windows.FrameworkElement.EvaluateBaseValueCore(DependencyProperty dp, PropertyMetadata metadata, ref EffectiveValueEntry newEntry)
   at EffectiveValueEntry System.Windows.DependencyObject.EvaluateEffectiveValue(EntryIndex entryIndex, DependencyProperty dp, PropertyMetadata metadata, EffectiveValueEntry oldEntry, EffectiveValueEntry newEntry, OperationType operationType)
   at UpdateResult System.Windows.DependencyObject.UpdateEffectiveValue(EntryIndex entryIndex, DependencyProperty dp, PropertyMetadata metadata, EffectiveValueEntry oldEntry, ref EffectiveValueEntry newEntry, bool coerceWithDeferredReference, bool coerceWithCurrentValue, OperationType operationType)
   at void System.Windows.DependencyObject.InvalidateProperty(DependencyProperty dp, bool preserveCurrentValue)
   at void System.Windows.StyleHelper.InvalidateContainerDependents(DependencyObject container, ref FrugalStructList<ContainerDependent> exclusionContainerDependents, ref FrugalStructList<ContainerDependent> oldContainerDependents, ref FrugalStructList<ContainerDependent> newContainerDependents)
   at void System.Windows.StyleHelper.DoStyleInvalidations(FrameworkElement fe, FrameworkContentElement fce, Style oldStyle, Style newStyle)
   at void System.Windows.FrameworkElement.OnStyleChanged(DependencyObject d, DependencyPropertyChangedEventArgs e)
   at void System.Windows.FrameworkElement.OnPropertyChanged(DependencyPropertyChangedEventArgs e)
   at void System.Windows.DependencyObject.NotifyPropertyChange(DependencyPropertyChangedEventArgs args)
   at UpdateResult System.Windows.DependencyObject.UpdateEffectiveValue(EntryIndex entryIndex, DependencyProperty dp, PropertyMetadata metadata, EffectiveValueEntry oldEntry, ref EffectiveValueEntry newEntry, bool coerceWithDeferredReference, bool coerceWithCurrentValue, OperationType operationType)
   at void System.Windows.ResourceReferenceExpression.InvalidateExpressionValue(object sender, EventArgs e)
   at void System.Windows.TreeWalkHelper.InvalidateResourceReferences(DependencyObject d, ResourcesChangeInfo info)
   at void System.Windows.TreeWalkHelper.OnResourcesChanged(DependencyObject d, ResourcesChangeInfo info, bool raiseResourceChangedEvent)
   at bool System.Windows.TreeWalkHelper.OnResourcesChangedCallback(DependencyObject d, ResourcesChangeInfo info, bool visitedViaVisualTree)
   at void System.Windows.DescendentsWalker<T>.WalkLogicalChildren(FrameworkElement feParent, FrameworkContentElement fceParent, IEnumerator logicalChildren)
   at void System.Windows.DescendentsWalker<T>.WalkFrameworkElementLogicalThenVisualChildren(FrameworkElement feParent, bool hasLogicalChildren)
   at void System.Windows.DescendentsWalker<T>.IterateChildren(DependencyObject d)
   at void System.Windows.DescendentsWalker<T>.WalkLogicalChildren(FrameworkElement feParent, FrameworkContentElement fceParent, IEnumerator logicalChildren)
   at void System.Windows.DescendentsWalker<T>.WalkFrameworkElementLogicalThenVisualChildren(FrameworkElement feParent, bool hasLogicalChildren)
   at void System.Windows.DescendentsWalker<T>.IterateChildren(DependencyObject d)
   at void System.Windows.DescendentsWalker<T>.WalkLogicalChildren(FrameworkElement feParent, FrameworkContentElement fceParent, IEnumerator logicalChildren)
   at void System.Windows.DescendentsWalker<T>.WalkFrameworkElementLogicalThenVisualChildren(FrameworkElement feParent, bool hasLogicalChildren)
   at void System.Windows.DescendentsWalker<T>.IterateChildren(DependencyObject d)
   at void System.Windows.DescendentsWalker<T>.WalkLogicalChildren(FrameworkElement feParent, FrameworkContentElement fceParent, IEnumerator logicalChildren)
   at void System.Windows.DescendentsWalker<T>.WalkFrameworkElementLogicalThenVisualChildren(FrameworkElement feParent, bool hasLogicalChildren)
   at void System.Windows.DescendentsWalker<T>.IterateChildren(DependencyObject d)
   at void System.Windows.DescendentsWalker<T>.StartWalk(DependencyObject startNode, bool skipStartNode)
   at void System.Windows.TreeWalkHelper.InvalidateOnResourcesChange(FrameworkElement fe, FrameworkContentElement fce, ResourcesChangeInfo info)
   at void System.Windows.Application.InvalidateResourceReferenceOnWindowCollection(WindowCollection wc, ResourcesChangeInfo info)
   at void System.Windows.Application.InvalidateResourceReferences(ResourcesChangeInfo info)
   at void System.Windows.ResourceDictionary.NotifyOwners(ResourcesChangeInfo info)
   at void System.Windows.ResourceDictionary.OnMergedDictionariesChanged(object sender, NotifyCollectionChangedEventArgs e)
   at void System.Collections.ObjectModel.ObservableCollection<T>.OnCollectionChanged(NotifyCollectionChangedEventArgs e)
   at void Flow.Launcher.Core.Resource.Theme.UpdateResourceDictionary(ResourceDictionary dictionaryToUpdate) in C:/projects/flow-launcher/Flow.Launcher.Core/Resource/Theme.cs:line 106
   at void Flow.Launcher.Core.Resource.Theme.SetBlurForWindow(string theme, BackdropTypes backdropType) in C:/projects/flow-launcher/Flow.Launcher.Core/Resource/Theme.cs:line 743
   at Task Flow.Launcher.Core.Resource.Theme.RefreshFrameAsync()+() => { } in C:/projects/flow-launcher/Flow.Launcher.Core/Resource/Theme.cs:line 643
   at object System.Windows.Threading.DispatcherOperation.InvokeDelegateCore()
   at void System.Windows.Threading.DispatcherOperation.InvokeImpl()
   at async Task Flow.Launcher.Core.Resource.Theme.RefreshFrameAsync() in C:/projects/flow-launcher/Flow.Launcher.Core/Resource/Theme.cs:line 638

20:58:08.2045+07:00 - ERROR - ErrorReporting.TaskSchedulerUnobservedTaskException - Unobserved task exception occurred.
EXCEPTION OCCURS: System.InvalidCastException: Unable to cast object of type 'System.Windows.Media.Color' to type 'System.Windows.Expression'.
   at void System.Windows.Freezable.CloneCoreCommon(Freezable sourceFreezable, bool useCurrentValue, bool cloneFrozenValues)
   at Freezable System.Windows.Freezable.Clone()
   at object System.Windows.StyleHelper.GetInstanceValue(UncommonField<HybridDictionary[]> dataField, DependencyObject container, FrameworkElement feChild, FrameworkContentElement fceChild, int childIndex, DependencyProperty dp, int i, ref EffectiveValueEntry entry)
   at object System.Windows.StyleHelper.GetChildValueHelper(UncommonField<HybridDictionary[]> dataField, ref ItemStructList<ChildValueLookup> valueLookupList, DependencyProperty dp, DependencyObject container, FrameworkObject child, int childIndex, bool styleLookup, ref EffectiveValueEntry entry, out ValueLookupType sourceType, FrameworkElementFactory templateRoot)
   at object System.Windows.StyleHelper.GetChildValue(UncommonField<HybridDictionary[]> dataField, DependencyObject container, int childIndex, FrameworkObject child, DependencyProperty dp, ref FrugalStructList<ChildRecord> childRecordFromChildIndex, ref EffectiveValueEntry entry, out ValueLookupType sourceType, FrameworkElementFactory templateRoot)
   at bool System.Windows.StyleHelper.GetValueFromStyleOrTemplate(FrameworkObject fo, DependencyProperty dp, ref EffectiveValueEntry entry)
   at void System.Windows.FrameworkElement.GetRawValue(DependencyProperty dp, PropertyMetadata metadata, ref EffectiveValueEntry entry)
   at void System.Windows.FrameworkElement.EvaluateBaseValueCore(DependencyProperty dp, PropertyMetadata metadata, ref EffectiveValueEntry newEntry)
   at EffectiveValueEntry System.Windows.DependencyObject.EvaluateEffectiveValue(EntryIndex entryIndex, DependencyProperty dp, PropertyMetadata metadata, EffectiveValueEntry oldEntry, EffectiveValueEntry newEntry, OperationType operationType)
   at UpdateResult System.Windows.DependencyObject.UpdateEffectiveValue(EntryIndex entryIndex, DependencyProperty dp, PropertyMetadata metadata, EffectiveValueEntry oldEntry, ref EffectiveValueEntry newEntry, bool coerceWithDeferredReference, bool coerceWithCurrentValue, OperationType operationType)
   at void System.Windows.DependencyObject.InvalidateProperty(DependencyProperty dp, bool preserveCurrentValue)
   at void System.Windows.StyleHelper.InvalidateContainerDependents(DependencyObject container, ref FrugalStructList<ContainerDependent> exclusionContainerDependents, ref FrugalStructList<ContainerDependent> oldContainerDependents, ref FrugalStructList<ContainerDependent> newContainerDependents)
   at void System.Windows.StyleHelper.DoStyleInvalidations(FrameworkElement fe, FrameworkContentElement fce, Style oldStyle, Style newStyle)
   at void System.Windows.FrameworkElement.OnStyleChanged(DependencyObject d, DependencyPropertyChangedEventArgs e)
   at void System.Windows.FrameworkElement.OnPropertyChanged(DependencyPropertyChangedEventArgs e)
   at void System.Windows.DependencyObject.NotifyPropertyChange(DependencyPropertyChangedEventArgs args)
   at UpdateResult System.Windows.DependencyObject.UpdateEffectiveValue(EntryIndex entryIndex, DependencyProperty dp, PropertyMetadata metadata, EffectiveValueEntry oldEntry, ref EffectiveValueEntry newEntry, bool coerceWithDeferredReference, bool coerceWithCurrentValue, OperationType operationType)
   at void System.Windows.ResourceReferenceExpression.InvalidateExpressionValue(object sender, EventArgs e)
   at void System.Windows.TreeWalkHelper.InvalidateResourceReferences(DependencyObject d, ResourcesChangeInfo info)
   at void System.Windows.TreeWalkHelper.OnResourcesChanged(DependencyObject d, ResourcesChangeInfo info, bool raiseResourceChangedEvent)
   at bool System.Windows.TreeWalkHelper.OnResourcesChangedCallback(DependencyObject d, ResourcesChangeInfo info, bool visitedViaVisualTree)
   at void System.Windows.DescendentsWalker<T>.WalkLogicalChildren(FrameworkElement feParent, FrameworkContentElement fceParent, IEnumerator logicalChildren)
   at void System.Windows.DescendentsWalker<T>.WalkFrameworkElementLogicalThenVisualChildren(FrameworkElement feParent, bool hasLogicalChildren)
   at void System.Windows.DescendentsWalker<T>.IterateChildren(DependencyObject d)
   at void System.Windows.DescendentsWalker<T>.WalkLogicalChildren(FrameworkElement feParent, FrameworkContentElement fceParent, IEnumerator logicalChildren)
   at void System.Windows.DescendentsWalker<T>.WalkFrameworkElementLogicalThenVisualChildren(FrameworkElement feParent, bool hasLogicalChildren)
   at void System.Windows.DescendentsWalker<T>.IterateChildren(DependencyObject d)
   at void System.Windows.DescendentsWalker<T>.WalkLogicalChildren(FrameworkElement feParent, FrameworkContentElement fceParent, IEnumerator logicalChildren)
   at void System.Windows.DescendentsWalker<T>.WalkFrameworkElementLogicalThenVisualChildren(FrameworkElement feParent, bool hasLogicalChildren)
   at void System.Windows.DescendentsWalker<T>.IterateChildren(DependencyObject d)
   at void System.Windows.DescendentsWalker<T>.WalkLogicalChildren(FrameworkElement feParent, FrameworkContentElement fceParent, IEnumerator logicalChildren)
   at void System.Windows.DescendentsWalker<T>.WalkFrameworkElementLogicalThenVisualChildren(FrameworkElement feParent, bool hasLogicalChildren)
   at void System.Windows.DescendentsWalker<T>.IterateChildren(DependencyObject d)
   at void System.Windows.DescendentsWalker<T>.StartWalk(DependencyObject startNode, bool skipStartNode)
   at void System.Windows.TreeWalkHelper.InvalidateOnResourcesChange(FrameworkElement fe, FrameworkContentElement fce, ResourcesChangeInfo info)
   at void System.Windows.Application.InvalidateResourceReferenceOnWindowCollection(WindowCollection wc, ResourcesChangeInfo info)
   at void System.Windows.Application.InvalidateResourceReferences(ResourcesChangeInfo info)
   at void System.Windows.ResourceDictionary.NotifyOwners(ResourcesChangeInfo info)
   at void System.Windows.ResourceDictionary.OnMergedDictionariesChanged(object sender, NotifyCollectionChangedEventArgs e)
   at void System.Collections.ObjectModel.ObservableCollection<T>.OnCollectionChanged(NotifyCollectionChangedEventArgs e)
   at void Flow.Launcher.Core.Resource.Theme.UpdateResourceDictionary(ResourceDictionary dictionaryToUpdate) in C:/projects/flow-launcher/Flow.Launcher.Core/Resource/Theme.cs:line 106
   at void Flow.Launcher.Core.Resource.Theme.SetBlurForWindow(string theme, BackdropTypes backdropType) in C:/projects/flow-launcher/Flow.Launcher.Core/Resource/Theme.cs:line 743
   at Task Flow.Launcher.Core.Resource.Theme.RefreshFrameAsync()+() => { } in C:/projects/flow-launcher/Flow.Launcher.Core/Resource/Theme.cs:line 643
   at object System.Windows.Threading.DispatcherOperation.InvokeDelegateCore()
   at void System.Windows.Threading.DispatcherOperation.InvokeImpl()
   at async Task Flow.Launcher.Core.Resource.Theme.RefreshFrameAsync() in C:/projects/flow-launcher/Flow.Launcher.Core/Resource/Theme.cs:line 638

20:58:09.8155+07:00 - ERROR - ErrorReporting.TaskSchedulerUnobservedTaskException - Unobserved task exception occurred.
EXCEPTION OCCURS: System.InvalidCastException: Unable to cast object of type 'System.Windows.Media.Color' to type 'System.Windows.Expression'.
   at void System.Windows.Freezable.CloneCoreCommon(Freezable sourceFreezable, bool useCurrentValue, bool cloneFrozenValues)
   at Freezable System.Windows.Freezable.Clone()
   at object System.Windows.StyleHelper.GetInstanceValue(UncommonField<HybridDictionary[]> dataField, DependencyObject container, FrameworkElement feChild, FrameworkContentElement fceChild, int childIndex, DependencyProperty dp, int i, ref EffectiveValueEntry entry)
   at object System.Windows.StyleHelper.GetChildValueHelper(UncommonField<HybridDictionary[]> dataField, ref ItemStructList<ChildValueLookup> valueLookupList, DependencyProperty dp, DependencyObject container, FrameworkObject child, int childIndex, bool styleLookup, ref EffectiveValueEntry entry, out ValueLookupType sourceType, FrameworkElementFactory templateRoot)
   at object System.Windows.StyleHelper.GetChildValue(UncommonField<HybridDictionary[]> dataField, DependencyObject container, int childIndex, FrameworkObject child, DependencyProperty dp, ref FrugalStructList<ChildRecord> childRecordFromChildIndex, ref EffectiveValueEntry entry, out ValueLookupType sourceType, FrameworkElementFactory templateRoot)
   at bool System.Windows.StyleHelper.GetValueFromStyleOrTemplate(FrameworkObject fo, DependencyProperty dp, ref EffectiveValueEntry entry)
   at void System.Windows.FrameworkElement.GetRawValue(DependencyProperty dp, PropertyMetadata metadata, ref EffectiveValueEntry entry)
   at void System.Windows.FrameworkElement.EvaluateBaseValueCore(DependencyProperty dp, PropertyMetadata metadata, ref EffectiveValueEntry newEntry)
   at EffectiveValueEntry System.Windows.DependencyObject.EvaluateEffectiveValue(EntryIndex entryIndex, DependencyProperty dp, PropertyMetadata metadata, EffectiveValueEntry oldEntry, EffectiveValueEntry newEntry, OperationType operationType)
   at UpdateResult System.Windows.DependencyObject.UpdateEffectiveValue(EntryIndex entryIndex, DependencyProperty dp, PropertyMetadata metadata, EffectiveValueEntry oldEntry, ref EffectiveValueEntry newEntry, bool coerceWithDeferredReference, bool coerceWithCurrentValue, OperationType operationType)
   at void System.Windows.DependencyObject.InvalidateProperty(DependencyProperty dp, bool preserveCurrentValue)
   at void System.Windows.StyleHelper.InvalidateContainerDependents(DependencyObject container, ref FrugalStructList<ContainerDependent> exclusionContainerDependents, ref FrugalStructList<ContainerDependent> oldContainerDependents, ref FrugalStructList<ContainerDependent> newContainerDependents)
   at void System.Windows.StyleHelper.DoStyleInvalidations(FrameworkElement fe, FrameworkContentElement fce, Style oldStyle, Style newStyle)
   at void System.Windows.FrameworkElement.OnStyleChanged(DependencyObject d, DependencyPropertyChangedEventArgs e)
   at void System.Windows.FrameworkElement.OnPropertyChanged(DependencyPropertyChangedEventArgs e)
   at void System.Windows.DependencyObject.NotifyPropertyChange(DependencyPropertyChangedEventArgs args)
   at UpdateResult System.Windows.DependencyObject.UpdateEffectiveValue(EntryIndex entryIndex, DependencyProperty dp, PropertyMetadata metadata, EffectiveValueEntry oldEntry, ref EffectiveValueEntry newEntry, bool coerceWithDeferredReference, bool coerceWithCurrentValue, OperationType operationType)
   at void System.Windows.ResourceReferenceExpression.InvalidateExpressionValue(object sender, EventArgs e)
   at void System.Windows.TreeWalkHelper.InvalidateResourceReferences(DependencyObject d, ResourcesChangeInfo info)
   at void System.Windows.TreeWalkHelper.OnResourcesChanged(DependencyObject d, ResourcesChangeInfo info, bool raiseResourceChangedEvent)
   at bool System.Windows.TreeWalkHelper.OnResourcesChangedCallback(DependencyObject d, ResourcesChangeInfo info, bool visitedViaVisualTree)
   at void System.Windows.DescendentsWalker<T>.WalkLogicalChildren(FrameworkElement feParent, FrameworkContentElement fceParent, IEnumerator logicalChildren)
   at void System.Windows.DescendentsWalker<T>.WalkFrameworkElementLogicalThenVisualChildren(FrameworkElement feParent, bool hasLogicalChildren)
   at void System.Windows.DescendentsWalker<T>.IterateChildren(DependencyObject d)
   at void System.Windows.DescendentsWalker<T>.WalkLogicalChildren(FrameworkElement feParent, FrameworkContentElement fceParent, IEnumerator logicalChildren)
   at void System.Windows.DescendentsWalker<T>.WalkFrameworkElementLogicalThenVisualChildren(FrameworkElement feParent, bool hasLogicalChildren)
   at void System.Windows.DescendentsWalker<T>.IterateChildren(DependencyObject d)
   at void System.Windows.DescendentsWalker<T>.WalkLogicalChildren(FrameworkElement feParent, FrameworkContentElement fceParent, IEnumerator logicalChildren)
   at void System.Windows.DescendentsWalker<T>.WalkFrameworkElementLogicalThenVisualChildren(FrameworkElement feParent, bool hasLogicalChildren)
   at void System.Windows.DescendentsWalker<T>.IterateChildren(DependencyObject d)
   at void System.Windows.DescendentsWalker<T>.WalkLogicalChildren(FrameworkElement feParent, FrameworkContentElement fceParent, IEnumerator logicalChildren)
   at void System.Windows.DescendentsWalker<T>.WalkFrameworkElementLogicalThenVisualChildren(FrameworkElement feParent, bool hasLogicalChildren)
   at void System.Windows.DescendentsWalker<T>.IterateChildren(DependencyObject d)
   at void System.Windows.DescendentsWalker<T>.StartWalk(DependencyObject startNode, bool skipStartNode)
   at void System.Windows.TreeWalkHelper.InvalidateOnResourcesChange(FrameworkElement fe, FrameworkContentElement fce, ResourcesChangeInfo info)
   at void System.Windows.Application.InvalidateResourceReferenceOnWindowCollection(WindowCollection wc, ResourcesChangeInfo info)
   at void System.Windows.Application.InvalidateResourceReferences(ResourcesChangeInfo info)
   at void System.Windows.ResourceDictionary.NotifyOwners(ResourcesChangeInfo info)
   at void System.Windows.ResourceDictionary.OnMergedDictionariesChanged(object sender, NotifyCollectionChangedEventArgs e)
   at void System.Collections.ObjectModel.ObservableCollection<T>.OnCollectionChanged(NotifyCollectionChangedEventArgs e)
   at void Flow.Launcher.Core.Resource.Theme.UpdateResourceDictionary(ResourceDictionary dictionaryToUpdate) in C:/projects/flow-launcher/Flow.Launcher.Core/Resource/Theme.cs:line 106
   at void Flow.Launcher.Core.Resource.Theme.SetBlurForWindow(string theme, BackdropTypes backdropType) in C:/projects/flow-launcher/Flow.Launcher.Core/Resource/Theme.cs:line 743
   at Task Flow.Launcher.Core.Resource.Theme.RefreshFrameAsync()+() => { } in C:/projects/flow-launcher/Flow.Launcher.Core/Resource/Theme.cs:line 643
   at object System.Windows.Threading.DispatcherOperation.InvokeDelegateCore()
   at void System.Windows.Threading.DispatcherOperation.InvokeImpl()
   at async Task Flow.Launcher.Core.Resource.Theme.RefreshFrameAsync() in C:/projects/flow-launcher/Flow.Launcher.Core/Resource/Theme.cs:line 638

20:58:10.2150+07:00 - ERROR - ErrorReporting.TaskSchedulerUnobservedTaskException - Unobserved task exception occurred.
EXCEPTION OCCURS: System.InvalidCastException: Unable to cast object of type 'System.Windows.Media.Color' to type 'System.Windows.Expression'.
   at void System.Windows.Freezable.CloneCoreCommon(Freezable sourceFreezable, bool useCurrentValue, bool cloneFrozenValues)
   at Freezable System.Windows.Freezable.Clone()
   at object System.Windows.StyleHelper.GetInstanceValue(UncommonField<HybridDictionary[]> dataField, DependencyObject container, FrameworkElement feChild, FrameworkContentElement fceChild, int childIndex, DependencyProperty dp, int i, ref EffectiveValueEntry entry)
   at object System.Windows.StyleHelper.GetChildValueHelper(UncommonField<HybridDictionary[]> dataField, ref ItemStructList<ChildValueLookup> valueLookupList, DependencyProperty dp, DependencyObject container, FrameworkObject child, int childIndex, bool styleLookup, ref EffectiveValueEntry entry, out ValueLookupType sourceType, FrameworkElementFactory templateRoot)
   at object System.Windows.StyleHelper.GetChildValue(UncommonField<HybridDictionary[]> dataField, DependencyObject container, int childIndex, FrameworkObject child, DependencyProperty dp, ref FrugalStructList<ChildRecord> childRecordFromChildIndex, ref EffectiveValueEntry entry, out ValueLookupType sourceType, FrameworkElementFactory templateRoot)
   at bool System.Windows.StyleHelper.GetValueFromStyleOrTemplate(FrameworkObject fo, DependencyProperty dp, ref EffectiveValueEntry entry)
   at void System.Windows.FrameworkElement.GetRawValue(DependencyProperty dp, PropertyMetadata metadata, ref EffectiveValueEntry entry)
   at void System.Windows.FrameworkElement.EvaluateBaseValueCore(DependencyProperty dp, PropertyMetadata metadata, ref EffectiveValueEntry newEntry)
   at EffectiveValueEntry System.Windows.DependencyObject.EvaluateEffectiveValue(EntryIndex entryIndex, DependencyProperty dp, PropertyMetadata metadata, EffectiveValueEntry oldEntry, EffectiveValueEntry newEntry, OperationType operationType)
   at UpdateResult System.Windows.DependencyObject.UpdateEffectiveValue(EntryIndex entryIndex, DependencyProperty dp, PropertyMetadata metadata, EffectiveValueEntry oldEntry, ref EffectiveValueEntry newEntry, bool coerceWithDeferredReference, bool coerceWithCurrentValue, OperationType operationType)
   at void System.Windows.DependencyObject.InvalidateProperty(DependencyProperty dp, bool preserveCurrentValue)
   at void System.Windows.StyleHelper.InvalidateContainerDependents(DependencyObject container, ref FrugalStructList<ContainerDependent> exclusionContainerDependents, ref FrugalStructList<ContainerDependent> oldContainerDependents, ref FrugalStructList<ContainerDependent> newContainerDependents)
   at void System.Windows.StyleHelper.DoStyleInvalidations(FrameworkElement fe, FrameworkContentElement fce, Style oldStyle, Style newStyle)
   at void System.Windows.FrameworkElement.OnStyleChanged(DependencyObject d, DependencyPropertyChangedEventArgs e)
   at void System.Windows.FrameworkElement.OnPropertyChanged(DependencyPropertyChangedEventArgs e)
   at void System.Windows.DependencyObject.NotifyPropertyChange(DependencyPropertyChangedEventArgs args)
   at UpdateResult System.Windows.DependencyObject.UpdateEffectiveValue(EntryIndex entryIndex, DependencyProperty dp, PropertyMetadata metadata, EffectiveValueEntry oldEntry, ref EffectiveValueEntry newEntry, bool coerceWithDeferredReference, bool coerceWithCurrentValue, OperationType operationType)
   at void System.Windows.ResourceReferenceExpression.InvalidateExpressionValue(object sender, EventArgs e)
   at void System.Windows.TreeWalkHelper.InvalidateResourceReferences(DependencyObject d, ResourcesChangeInfo info)
   at void System.Windows.TreeWalkHelper.OnResourcesChanged(DependencyObject d, ResourcesChangeInfo info, bool raiseResourceChangedEvent)
   at bool System.Windows.TreeWalkHelper.OnResourcesChangedCallback(DependencyObject d, ResourcesChangeInfo info, bool visitedViaVisualTree)
   at void System.Windows.DescendentsWalker<T>.WalkLogicalChildren(FrameworkElement feParent, FrameworkContentElement fceParent, IEnumerator logicalChildren)
   at void System.Windows.DescendentsWalker<T>.WalkFrameworkElementLogicalThenVisualChildren(FrameworkElement feParent, bool hasLogicalChildren)
   at void System.Windows.DescendentsWalker<T>.IterateChildren(DependencyObject d)
   at void System.Windows.DescendentsWalker<T>.WalkLogicalChildren(FrameworkElement feParent, FrameworkContentElement fceParent, IEnumerator logicalChildren)
   at void System.Windows.DescendentsWalker<T>.WalkFrameworkElementLogicalThenVisualChildren(FrameworkElement feParent, bool hasLogicalChildren)
   at void System.Windows.DescendentsWalker<T>.IterateChildren(DependencyObject d)
   at void System.Windows.DescendentsWalker<T>.WalkLogicalChildren(FrameworkElement feParent, FrameworkContentElement fceParent, IEnumerator logicalChildren)
   at void System.Windows.DescendentsWalker<T>.WalkFrameworkElementLogicalThenVisualChildren(FrameworkElement feParent, bool hasLogicalChildren)
   at void System.Windows.DescendentsWalker<T>.IterateChildren(DependencyObject d)
   at void System.Windows.DescendentsWalker<T>.WalkLogicalChildren(FrameworkElement feParent, FrameworkContentElement fceParent, IEnumerator logicalChildren)
   at void System.Windows.DescendentsWalker<T>.WalkFrameworkElementLogicalThenVisualChildren(FrameworkElement feParent, bool hasLogicalChildren)
   at void System.Windows.DescendentsWalker<T>.IterateChildren(DependencyObject d)
   at void System.Windows.DescendentsWalker<T>.StartWalk(DependencyObject startNode, bool skipStartNode)
   at void System.Windows.TreeWalkHelper.InvalidateOnResourcesChange(FrameworkElement fe, FrameworkContentElement fce, ResourcesChangeInfo info)
   at void System.Windows.Application.InvalidateResourceReferenceOnWindowCollection(WindowCollection wc, ResourcesChangeInfo info)
   at void System.Windows.Application.InvalidateResourceReferences(ResourcesChangeInfo info)
   at void System.Windows.ResourceDictionary.NotifyOwners(ResourcesChangeInfo info)
   at void System.Windows.ResourceDictionary.OnMergedDictionariesChanged(object sender, NotifyCollectionChangedEventArgs e)
   at void System.Collections.ObjectModel.ObservableCollection<T>.OnCollectionChanged(NotifyCollectionChangedEventArgs e)
   at void Flow.Launcher.Core.Resource.Theme.UpdateResourceDictionary(ResourceDictionary dictionaryToUpdate) in C:/projects/flow-launcher/Flow.Launcher.Core/Resource/Theme.cs:line 106
   at void Flow.Launcher.Core.Resource.Theme.SetBlurForWindow(string theme, BackdropTypes backdropType) in C:/projects/flow-launcher/Flow.Launcher.Core/Resource/Theme.cs:line 743
   at Task Flow.Launcher.Core.Resource.Theme.RefreshFrameAsync()+() => { } in C:/projects/flow-launcher/Flow.Launcher.Core/Resource/Theme.cs:line 643
   at object System.Windows.Threading.DispatcherOperation.InvokeDelegateCore()
   at void System.Windows.Threading.DispatcherOperation.InvokeImpl()
   at async Task Flow.Launcher.Core.Resource.Theme.RefreshFrameAsync() in C:/projects/flow-launcher/Flow.Launcher.Core/Resource/Theme.cs:line 638

20:58:22.5347+07:00 - ERROR - ErrorReporting.TaskSchedulerUnobservedTaskException - Unobserved task exception occurred.
EXCEPTION OCCURS: System.InvalidCastException: Unable to cast object of type 'System.Windows.Media.Color' to type 'System.Windows.Expression'.
   at void System.Windows.Freezable.CloneCoreCommon(Freezable sourceFreezable, bool useCurrentValue, bool cloneFrozenValues)
   at Freezable System.Windows.Freezable.Clone()
   at object System.Windows.StyleHelper.GetInstanceValue(UncommonField<HybridDictionary[]> dataField, DependencyObject container, FrameworkElement feChild, FrameworkContentElement fceChild, int childIndex, DependencyProperty dp, int i, ref EffectiveValueEntry entry)
   at object System.Windows.StyleHelper.GetChildValueHelper(UncommonField<HybridDictionary[]> dataField, ref ItemStructList<ChildValueLookup> valueLookupList, DependencyProperty dp, DependencyObject container, FrameworkObject child, int childIndex, bool styleLookup, ref EffectiveValueEntry entry, out ValueLookupType sourceType, FrameworkElementFactory templateRoot)
   at object System.Windows.StyleHelper.GetChildValue(UncommonField<HybridDictionary[]> dataField, DependencyObject container, int childIndex, FrameworkObject child, DependencyProperty dp, ref FrugalStructList<ChildRecord> childRecordFromChildIndex, ref EffectiveValueEntry entry, out ValueLookupType sourceType, FrameworkElementFactory templateRoot)
   at bool System.Windows.StyleHelper.GetValueFromStyleOrTemplate(FrameworkObject fo, DependencyProperty dp, ref EffectiveValueEntry entry)
   at void System.Windows.FrameworkElement.GetRawValue(DependencyProperty dp, PropertyMetadata metadata, ref EffectiveValueEntry entry)
   at void System.Windows.FrameworkElement.EvaluateBaseValueCore(DependencyProperty dp, PropertyMetadata metadata, ref EffectiveValueEntry newEntry)
   at EffectiveValueEntry System.Windows.DependencyObject.EvaluateEffectiveValue(EntryIndex entryIndex, DependencyProperty dp, PropertyMetadata metadata, EffectiveValueEntry oldEntry, EffectiveValueEntry newEntry, OperationType operationType)
   at UpdateResult System.Windows.DependencyObject.UpdateEffectiveValue(EntryIndex entryIndex, DependencyProperty dp, PropertyMetadata metadata, EffectiveValueEntry oldEntry, ref EffectiveValueEntry newEntry, bool coerceWithDeferredReference, bool coerceWithCurrentValue, OperationType operationType)
   at void System.Windows.DependencyObject.InvalidateProperty(DependencyProperty dp, bool preserveCurrentValue)
   at void System.Windows.StyleHelper.InvalidateContainerDependents(DependencyObject container, ref FrugalStructList<ContainerDependent> exclusionContainerDependents, ref FrugalStructList<ContainerDependent> oldContainerDependents, ref FrugalStructList<ContainerDependent> newContainerDependents)
   at void System.Windows.StyleHelper.DoStyleInvalidations(FrameworkElement fe, FrameworkContentElement fce, Style oldStyle, Style newStyle)
   at void System.Windows.FrameworkElement.OnStyleChanged(DependencyObject d, DependencyPropertyChangedEventArgs e)
   at void System.Windows.FrameworkElement.OnPropertyChanged(DependencyPropertyChangedEventArgs e)
   at void System.Windows.DependencyObject.NotifyPropertyChange(DependencyPropertyChangedEventArgs args)
   at UpdateResult System.Windows.DependencyObject.UpdateEffectiveValue(EntryIndex entryIndex, DependencyProperty dp, PropertyMetadata metadata, EffectiveValueEntry oldEntry, ref EffectiveValueEntry newEntry, bool coerceWithDeferredReference, bool coerceWithCurrentValue, OperationType operationType)
   at void System.Windows.ResourceReferenceExpression.InvalidateExpressionValue(object sender, EventArgs e)
   at void System.Windows.TreeWalkHelper.InvalidateResourceReferences(DependencyObject d, ResourcesChangeInfo info)
   at void System.Windows.TreeWalkHelper.OnResourcesChanged(DependencyObject d, ResourcesChangeInfo info, bool raiseResourceChangedEvent)
   at bool System.Windows.TreeWalkHelper.OnResourcesChangedCallback(DependencyObject d, ResourcesChangeInfo info, bool visitedViaVisualTree)
   at void System.Windows.DescendentsWalker<T>.WalkLogicalChildren(FrameworkElement feParent, FrameworkContentElement fceParent, IEnumerator logicalChildren)
   at void System.Windows.DescendentsWalker<T>.WalkFrameworkElementLogicalThenVisualChildren(FrameworkElement feParent, bool hasLogicalChildren)
   at void System.Windows.DescendentsWalker<T>.IterateChildren(DependencyObject d)
   at void System.Windows.DescendentsWalker<T>.WalkLogicalChildren(FrameworkElement feParent, FrameworkContentElement fceParent, IEnumerator logicalChildren)
   at void System.Windows.DescendentsWalker<T>.WalkFrameworkElementLogicalThenVisualChildren(FrameworkElement feParent, bool hasLogicalChildren)
   at void System.Windows.DescendentsWalker<T>.IterateChildren(DependencyObject d)
   at void System.Windows.DescendentsWalker<T>.WalkLogicalChildren(FrameworkElement feParent, FrameworkContentElement fceParent, IEnumerator logicalChildren)
   at void System.Windows.DescendentsWalker<T>.WalkFrameworkElementLogicalThenVisualChildren(FrameworkElement feParent, bool hasLogicalChildren)
   at void System.Windows.DescendentsWalker<T>.IterateChildren(DependencyObject d)
   at void System.Windows.DescendentsWalker<T>.WalkLogicalChildren(FrameworkElement feParent, FrameworkContentElement fceParent, IEnumerator logicalChildren)
   at void System.Windows.DescendentsWalker<T>.WalkFrameworkElementLogicalThenVisualChildren(FrameworkElement feParent, bool hasLogicalChildren)
   at void System.Windows.DescendentsWalker<T>.IterateChildren(DependencyObject d)
   at void System.Windows.DescendentsWalker<T>.StartWalk(DependencyObject startNode, bool skipStartNode)
   at void System.Windows.TreeWalkHelper.InvalidateOnResourcesChange(FrameworkElement fe, FrameworkContentElement fce, ResourcesChangeInfo info)
   at void System.Windows.Application.InvalidateResourceReferenceOnWindowCollection(WindowCollection wc, ResourcesChangeInfo info)
   at void System.Windows.Application.InvalidateResourceReferences(ResourcesChangeInfo info)
   at void System.Windows.ResourceDictionary.NotifyOwners(ResourcesChangeInfo info)
   at void System.Windows.ResourceDictionary.OnMergedDictionariesChanged(object sender, NotifyCollectionChangedEventArgs e)
   at void System.Collections.ObjectModel.ObservableCollection<T>.OnCollectionChanged(NotifyCollectionChangedEventArgs e)
   at void Flow.Launcher.Core.Resource.Theme.UpdateResourceDictionary(ResourceDictionary dictionaryToUpdate) in C:/projects/flow-launcher/Flow.Launcher.Core/Resource/Theme.cs:line 106
   at void Flow.Launcher.Core.Resource.Theme.SetBlurForWindow(string theme, BackdropTypes backdropType) in C:/projects/flow-launcher/Flow.Launcher.Core/Resource/Theme.cs:line 743
   at Task Flow.Launcher.Core.Resource.Theme.RefreshFrameAsync()+() => { } in C:/projects/flow-launcher/Flow.Launcher.Core/Resource/Theme.cs:line 643
   at object System.Windows.Threading.DispatcherOperation.InvokeDelegateCore()
   at void System.Windows.Threading.DispatcherOperation.InvokeImpl()
   at async Task Flow.Launcher.Core.Resource.Theme.RefreshFrameAsync() in C:/projects/flow-launcher/Flow.Launcher.Core/Resource/Theme.cs:line 638

20:58:22.5347+07:00 - ERROR - ErrorReporting.TaskSchedulerUnobservedTaskException - Unobserved task exception occurred.
EXCEPTION OCCURS: System.InvalidCastException: Unable to cast object of type 'System.Windows.Media.Color' to type 'System.Windows.Expression'.
   at void System.Windows.Freezable.CloneCoreCommon(Freezable sourceFreezable, bool useCurrentValue, bool cloneFrozenValues)
   at Freezable System.Windows.Freezable.Clone()
   at object System.Windows.StyleHelper.GetInstanceValue(UncommonField<HybridDictionary[]> dataField, DependencyObject container, FrameworkElement feChild, FrameworkContentElement fceChild, int childIndex, DependencyProperty dp, int i, ref EffectiveValueEntry entry)
   at object System.Windows.StyleHelper.GetChildValueHelper(UncommonField<HybridDictionary[]> dataField, ref ItemStructList<ChildValueLookup> valueLookupList, DependencyProperty dp, DependencyObject container, FrameworkObject child, int childIndex, bool styleLookup, ref EffectiveValueEntry entry, out ValueLookupType sourceType, FrameworkElementFactory templateRoot)
   at object System.Windows.StyleHelper.GetChildValue(UncommonField<HybridDictionary[]> dataField, DependencyObject container, int childIndex, FrameworkObject child, DependencyProperty dp, ref FrugalStructList<ChildRecord> childRecordFromChildIndex, ref EffectiveValueEntry entry, out ValueLookupType sourceType, FrameworkElementFactory templateRoot)
   at bool System.Windows.StyleHelper.GetValueFromStyleOrTemplate(FrameworkObject fo, DependencyProperty dp, ref EffectiveValueEntry entry)
   at void System.Windows.FrameworkElement.GetRawValue(DependencyProperty dp, PropertyMetadata metadata, ref EffectiveValueEntry entry)
   at void System.Windows.FrameworkElement.EvaluateBaseValueCore(DependencyProperty dp, PropertyMetadata metadata, ref EffectiveValueEntry newEntry)
   at EffectiveValueEntry System.Windows.DependencyObject.EvaluateEffectiveValue(EntryIndex entryIndex, DependencyProperty dp, PropertyMetadata metadata, EffectiveValueEntry oldEntry, EffectiveValueEntry newEntry, OperationType operationType)
   at UpdateResult System.Windows.DependencyObject.UpdateEffectiveValue(EntryIndex entryIndex, DependencyProperty dp, PropertyMetadata metadata, EffectiveValueEntry oldEntry, ref EffectiveValueEntry newEntry, bool coerceWithDeferredReference, bool coerceWithCurrentValue, OperationType operationType)
   at void System.Windows.DependencyObject.InvalidateProperty(DependencyProperty dp, bool preserveCurrentValue)
   at void System.Windows.StyleHelper.InvalidateContainerDependents(DependencyObject container, ref FrugalStructList<ContainerDependent> exclusionContainerDependents, ref FrugalStructList<ContainerDependent> oldContainerDependents, ref FrugalStructList<ContainerDependent> newContainerDependents)
   at void System.Windows.StyleHelper.DoStyleInvalidations(FrameworkElement fe, FrameworkContentElement fce, Style oldStyle, Style newStyle)
   at void System.Windows.FrameworkElement.OnStyleChanged(DependencyObject d, DependencyPropertyChangedEventArgs e)
   at void System.Windows.FrameworkElement.OnPropertyChanged(DependencyPropertyChangedEventArgs e)
   at void System.Windows.DependencyObject.NotifyPropertyChange(DependencyPropertyChangedEventArgs args)
   at UpdateResult System.Windows.DependencyObject.UpdateEffectiveValue(EntryIndex entryIndex, DependencyProperty dp, PropertyMetadata metadata, EffectiveValueEntry oldEntry, ref EffectiveValueEntry newEntry, bool coerceWithDeferredReference, bool coerceWithCurrentValue, OperationType operationType)
   at void System.Windows.ResourceReferenceExpression.InvalidateExpressionValue(object sender, EventArgs e)
   at void System.Windows.TreeWalkHelper.InvalidateResourceReferences(DependencyObject d, ResourcesChangeInfo info)
   at void System.Windows.TreeWalkHelper.OnResourcesChanged(DependencyObject d, ResourcesChangeInfo info, bool raiseResourceChangedEvent)
   at bool System.Windows.TreeWalkHelper.OnResourcesChangedCallback(DependencyObject d, ResourcesChangeInfo info, bool visitedViaVisualTree)
   at void System.Windows.DescendentsWalker<T>.WalkLogicalChildren(FrameworkElement feParent, FrameworkContentElement fceParent, IEnumerator logicalChildren)
   at void System.Windows.DescendentsWalker<T>.WalkFrameworkElementLogicalThenVisualChildren(FrameworkElement feParent, bool hasLogicalChildren)
   at void System.Windows.DescendentsWalker<T>.IterateChildren(DependencyObject d)
   at void System.Windows.DescendentsWalker<T>.WalkLogicalChildren(FrameworkElement feParent, FrameworkContentElement fceParent, IEnumerator logicalChildren)
   at void System.Windows.DescendentsWalker<T>.WalkFrameworkElementLogicalThenVisualChildren(FrameworkElement feParent, bool hasLogicalChildren)
   at void System.Windows.DescendentsWalker<T>.IterateChildren(DependencyObject d)
   at void System.Windows.DescendentsWalker<T>.WalkLogicalChildren(FrameworkElement feParent, FrameworkContentElement fceParent, IEnumerator logicalChildren)
   at void System.Windows.DescendentsWalker<T>.WalkFrameworkElementLogicalThenVisualChildren(FrameworkElement feParent, bool hasLogicalChildren)
   at void System.Windows.DescendentsWalker<T>.IterateChildren(DependencyObject d)
   at void System.Windows.DescendentsWalker<T>.WalkLogicalChildren(FrameworkElement feParent, FrameworkContentElement fceParent, IEnumerator logicalChildren)
   at void System.Windows.DescendentsWalker<T>.WalkFrameworkElementLogicalThenVisualChildren(FrameworkElement feParent, bool hasLogicalChildren)
   at void System.Windows.DescendentsWalker<T>.IterateChildren(DependencyObject d)
   at void System.Windows.DescendentsWalker<T>.StartWalk(DependencyObject startNode, bool skipStartNode)
   at void System.Windows.TreeWalkHelper.InvalidateOnResourcesChange(FrameworkElement fe, FrameworkContentElement fce, ResourcesChangeInfo info)
   at void System.Windows.Application.InvalidateResourceReferenceOnWindowCollection(WindowCollection wc, ResourcesChangeInfo info)
   at void System.Windows.Application.InvalidateResourceReferences(ResourcesChangeInfo info)
   at void System.Windows.ResourceDictionary.NotifyOwners(ResourcesChangeInfo info)
   at void System.Windows.ResourceDictionary.OnMergedDictionariesChanged(object sender, NotifyCollectionChangedEventArgs e)
   at void System.Collections.ObjectModel.ObservableCollection<T>.OnCollectionChanged(NotifyCollectionChangedEventArgs e)
   at void Flow.Launcher.Core.Resource.Theme.UpdateResourceDictionary(ResourceDictionary dictionaryToUpdate) in C:/projects/flow-launcher/Flow.Launcher.Core/Resource/Theme.cs:line 106
   at void Flow.Launcher.Core.Resource.Theme.SetBlurForWindow(string theme, BackdropTypes backdropType) in C:/projects/flow-launcher/Flow.Launcher.Core/Resource/Theme.cs:line 743
   at Task Flow.Launcher.Core.Resource.Theme.RefreshFrameAsync()+() => { } in C:/projects/flow-launcher/Flow.Launcher.Core/Resource/Theme.cs:line 643
   at object System.Windows.Threading.DispatcherOperation.InvokeDelegateCore()
   at void System.Windows.Threading.DispatcherOperation.InvokeImpl()
   at async Task Flow.Launcher.Core.Resource.Theme.RefreshFrameAsync() in C:/projects/flow-launcher/Flow.Launcher.Core/Resource/Theme.cs:line 638

20:58:22.5347+07:00 - ERROR - ErrorReporting.TaskSchedulerUnobservedTaskException - Unobserved task exception occurred.
EXCEPTION OCCURS: System.InvalidCastException: Unable to cast object of type 'System.Windows.Media.Color' to type 'System.Windows.Expression'.
   at void System.Windows.Freezable.CloneCoreCommon(Freezable sourceFreezable, bool useCurrentValue, bool cloneFrozenValues)
   at Freezable System.Windows.Freezable.Clone()
   at object System.Windows.StyleHelper.GetInstanceValue(UncommonField<HybridDictionary[]> dataField, DependencyObject container, FrameworkElement feChild, FrameworkContentElement fceChild, int childIndex, DependencyProperty dp, int i, ref EffectiveValueEntry entry)
   at object System.Windows.StyleHelper.GetChildValueHelper(UncommonField<HybridDictionary[]> dataField, ref ItemStructList<ChildValueLookup> valueLookupList, DependencyProperty dp, DependencyObject container, FrameworkObject child, int childIndex, bool styleLookup, ref EffectiveValueEntry entry, out ValueLookupType sourceType, FrameworkElementFactory templateRoot)
   at object System.Windows.StyleHelper.GetChildValue(UncommonField<HybridDictionary[]> dataField, DependencyObject container, int childIndex, FrameworkObject child, DependencyProperty dp, ref FrugalStructList<ChildRecord> childRecordFromChildIndex, ref EffectiveValueEntry entry, out ValueLookupType sourceType, FrameworkElementFactory templateRoot)
   at bool System.Windows.StyleHelper.GetValueFromStyleOrTemplate(FrameworkObject fo, DependencyProperty dp, ref EffectiveValueEntry entry)
   at void System.Windows.FrameworkElement.GetRawValue(DependencyProperty dp, PropertyMetadata metadata, ref EffectiveValueEntry entry)
   at void System.Windows.FrameworkElement.EvaluateBaseValueCore(DependencyProperty dp, PropertyMetadata metadata, ref EffectiveValueEntry newEntry)
   at EffectiveValueEntry System.Windows.DependencyObject.EvaluateEffectiveValue(EntryIndex entryIndex, DependencyProperty dp, PropertyMetadata metadata, EffectiveValueEntry oldEntry, EffectiveValueEntry newEntry, OperationType operationType)
   at UpdateResult System.Windows.DependencyObject.UpdateEffectiveValue(EntryIndex entryIndex, DependencyProperty dp, PropertyMetadata metadata, EffectiveValueEntry oldEntry, ref EffectiveValueEntry newEntry, bool coerceWithDeferredReference, bool coerceWithCurrentValue, OperationType operationType)
   at void System.Windows.DependencyObject.InvalidateProperty(DependencyProperty dp, bool preserveCurrentValue)
   at void System.Windows.StyleHelper.InvalidateContainerDependents(DependencyObject container, ref FrugalStructList<ContainerDependent> exclusionContainerDependents, ref FrugalStructList<ContainerDependent> oldContainerDependents, ref FrugalStructList<ContainerDependent> newContainerDependents)
   at void System.Windows.StyleHelper.DoStyleInvalidations(FrameworkElement fe, FrameworkContentElement fce, Style oldStyle, Style newStyle)
   at void System.Windows.FrameworkElement.OnStyleChanged(DependencyObject d, DependencyPropertyChangedEventArgs e)
   at void System.Windows.FrameworkElement.OnPropertyChanged(DependencyPropertyChangedEventArgs e)
   at void System.Windows.DependencyObject.NotifyPropertyChange(DependencyPropertyChangedEventArgs args)
   at UpdateResult System.Windows.DependencyObject.UpdateEffectiveValue(EntryIndex entryIndex, DependencyProperty dp, PropertyMetadata metadata, EffectiveValueEntry oldEntry, ref EffectiveValueEntry newEntry, bool coerceWithDeferredReference, bool coerceWithCurrentValue, OperationType operationType)
   at void System.Windows.ResourceReferenceExpression.InvalidateExpressionValue(object sender, EventArgs e)
   at void System.Windows.TreeWalkHelper.InvalidateResourceReferences(DependencyObject d, ResourcesChangeInfo info)
   at void System.Windows.TreeWalkHelper.OnResourcesChanged(DependencyObject d, ResourcesChangeInfo info, bool raiseResourceChangedEvent)
   at bool System.Windows.TreeWalkHelper.OnResourcesChangedCallback(DependencyObject d, ResourcesChangeInfo info, bool visitedViaVisualTree)
   at void System.Windows.DescendentsWalker<T>.WalkLogicalChildren(FrameworkElement feParent, FrameworkContentElement fceParent, IEnumerator logicalChildren)
   at void System.Windows.DescendentsWalker<T>.WalkFrameworkElementLogicalThenVisualChildren(FrameworkElement feParent, bool hasLogicalChildren)
   at void System.Windows.DescendentsWalker<T>.IterateChildren(DependencyObject d)
   at void System.Windows.DescendentsWalker<T>.WalkLogicalChildren(FrameworkElement feParent, FrameworkContentElement fceParent, IEnumerator logicalChildren)
   at void System.Windows.DescendentsWalker<T>.WalkFrameworkElementLogicalThenVisualChildren(FrameworkElement feParent, bool hasLogicalChildren)
   at void System.Windows.DescendentsWalker<T>.IterateChildren(DependencyObject d)
   at void System.Windows.DescendentsWalker<T>.WalkLogicalChildren(FrameworkElement feParent, FrameworkContentElement fceParent, IEnumerator logicalChildren)
   at void System.Windows.DescendentsWalker<T>.WalkFrameworkElementLogicalThenVisualChildren(FrameworkElement feParent, bool hasLogicalChildren)
   at void System.Windows.DescendentsWalker<T>.IterateChildren(DependencyObject d)
   at void System.Windows.DescendentsWalker<T>.WalkLogicalChildren(FrameworkElement feParent, FrameworkContentElement fceParent, IEnumerator logicalChildren)
   at void System.Windows.DescendentsWalker<T>.WalkFrameworkElementLogicalThenVisualChildren(FrameworkElement feParent, bool hasLogicalChildren)
   at void System.Windows.DescendentsWalker<T>.IterateChildren(DependencyObject d)
   at void System.Windows.DescendentsWalker<T>.StartWalk(DependencyObject startNode, bool skipStartNode)
   at void System.Windows.TreeWalkHelper.InvalidateOnResourcesChange(FrameworkElement fe, FrameworkContentElement fce, ResourcesChangeInfo info)
   at void System.Windows.Application.InvalidateResourceReferenceOnWindowCollection(WindowCollection wc, ResourcesChangeInfo info)
   at void System.Windows.Application.InvalidateResourceReferences(ResourcesChangeInfo info)
   at void System.Windows.ResourceDictionary.NotifyOwners(ResourcesChangeInfo info)
   at void System.Windows.ResourceDictionary.OnMergedDictionariesChanged(object sender, NotifyCollectionChangedEventArgs e)
   at void System.Collections.ObjectModel.ObservableCollection<T>.OnCollectionChanged(NotifyCollectionChangedEventArgs e)
   at void Flow.Launcher.Core.Resource.Theme.UpdateResourceDictionary(ResourceDictionary dictionaryToUpdate) in C:/projects/flow-launcher/Flow.Launcher.Core/Resource/Theme.cs:line 106
   at void Flow.Launcher.Core.Resource.Theme.SetBlurForWindow(string theme, BackdropTypes backdropType) in C:/projects/flow-launcher/Flow.Launcher.Core/Resource/Theme.cs:line 743
   at Task Flow.Launcher.Core.Resource.Theme.RefreshFrameAsync()+() => { } in C:/projects/flow-launcher/Flow.Launcher.Core/Resource/Theme.cs:line 643
   at object System.Windows.Threading.DispatcherOperation.InvokeDelegateCore()
   at void System.Windows.Threading.DispatcherOperation.InvokeImpl()
   at async Task Flow.Launcher.Core.Resource.Theme.RefreshFrameAsync() in C:/projects/flow-launcher/Flow.Launcher.Core/Resource/Theme.cs:line 638

20:58:22.5347+07:00 - ERROR - ErrorReporting.TaskSchedulerUnobservedTaskException - Unobserved task exception occurred.
EXCEPTION OCCURS: System.InvalidCastException: Unable to cast object of type 'System.Windows.Media.Color' to type 'System.Windows.Expression'.
   at void System.Windows.Freezable.CloneCoreCommon(Freezable sourceFreezable, bool useCurrentValue, bool cloneFrozenValues)
   at Freezable System.Windows.Freezable.Clone()
   at object System.Windows.StyleHelper.GetInstanceValue(UncommonField<HybridDictionary[]> dataField, DependencyObject container, FrameworkElement feChild, FrameworkContentElement fceChild, int childIndex, DependencyProperty dp, int i, ref EffectiveValueEntry entry)
   at object System.Windows.StyleHelper.GetChildValueHelper(UncommonField<HybridDictionary[]> dataField, ref ItemStructList<ChildValueLookup> valueLookupList, DependencyProperty dp, DependencyObject container, FrameworkObject child, int childIndex, bool styleLookup, ref EffectiveValueEntry entry, out ValueLookupType sourceType, FrameworkElementFactory templateRoot)
   at object System.Windows.StyleHelper.GetChildValue(UncommonField<HybridDictionary[]> dataField, DependencyObject container, int childIndex, FrameworkObject child, DependencyProperty dp, ref FrugalStructList<ChildRecord> childRecordFromChildIndex, ref EffectiveValueEntry entry, out ValueLookupType sourceType, FrameworkElementFactory templateRoot)
   at bool System.Windows.StyleHelper.GetValueFromStyleOrTemplate(FrameworkObject fo, DependencyProperty dp, ref EffectiveValueEntry entry)
   at void System.Windows.FrameworkElement.GetRawValue(DependencyProperty dp, PropertyMetadata metadata, ref EffectiveValueEntry entry)
   at void System.Windows.FrameworkElement.EvaluateBaseValueCore(DependencyProperty dp, PropertyMetadata metadata, ref EffectiveValueEntry newEntry)
   at EffectiveValueEntry System.Windows.DependencyObject.EvaluateEffectiveValue(EntryIndex entryIndex, DependencyProperty dp, PropertyMetadata metadata, EffectiveValueEntry oldEntry, EffectiveValueEntry newEntry, OperationType operationType)
   at UpdateResult System.Windows.DependencyObject.UpdateEffectiveValue(EntryIndex entryIndex, DependencyProperty dp, PropertyMetadata metadata, EffectiveValueEntry oldEntry, ref EffectiveValueEntry newEntry, bool coerceWithDeferredReference, bool coerceWithCurrentValue, OperationType operationType)
   at void System.Windows.DependencyObject.InvalidateProperty(DependencyProperty dp, bool preserveCurrentValue)
   at void System.Windows.StyleHelper.InvalidateContainerDependents(DependencyObject container, ref FrugalStructList<ContainerDependent> exclusionContainerDependents, ref FrugalStructList<ContainerDependent> oldContainerDependents, ref FrugalStructList<ContainerDependent> newContainerDependents)
   at void System.Windows.StyleHelper.DoStyleInvalidations(FrameworkElement fe, FrameworkContentElement fce, Style oldStyle, Style newStyle)
   at void System.Windows.FrameworkElement.OnStyleChanged(DependencyObject d, DependencyPropertyChangedEventArgs e)
   at void System.Windows.FrameworkElement.OnPropertyChanged(DependencyPropertyChangedEventArgs e)
   at void System.Windows.DependencyObject.NotifyPropertyChange(DependencyPropertyChangedEventArgs args)
   at UpdateResult System.Windows.DependencyObject.UpdateEffectiveValue(EntryIndex entryIndex, DependencyProperty dp, PropertyMetadata metadata, EffectiveValueEntry oldEntry, ref EffectiveValueEntry newEntry, bool coerceWithDeferredReference, bool coerceWithCurrentValue, OperationType operationType)
   at void System.Windows.ResourceReferenceExpression.InvalidateExpressionValue(object sender, EventArgs e)
   at void System.Windows.TreeWalkHelper.InvalidateResourceReferences(DependencyObject d, ResourcesChangeInfo info)
   at void System.Windows.TreeWalkHelper.OnResourcesChanged(DependencyObject d, ResourcesChangeInfo info, bool raiseResourceChangedEvent)
   at bool System.Windows.TreeWalkHelper.OnResourcesChangedCallback(DependencyObject d, ResourcesChangeInfo info, bool visitedViaVisualTree)
   at void System.Windows.DescendentsWalker<T>.WalkLogicalChildren(FrameworkElement feParent, FrameworkContentElement fceParent, IEnumerator logicalChildren)
   at void System.Windows.DescendentsWalker<T>.WalkFrameworkElementLogicalThenVisualChildren(FrameworkElement feParent, bool hasLogicalChildren)
   at void System.Windows.DescendentsWalker<T>.IterateChildren(DependencyObject d)
   at void System.Windows.DescendentsWalker<T>.WalkLogicalChildren(FrameworkElement feParent, FrameworkContentElement fceParent, IEnumerator logicalChildren)
   at void System.Windows.DescendentsWalker<T>.WalkFrameworkElementLogicalThenVisualChildren(FrameworkElement feParent, bool hasLogicalChildren)
   at void System.Windows.DescendentsWalker<T>.IterateChildren(DependencyObject d)
   at void System.Windows.DescendentsWalker<T>.WalkLogicalChildren(FrameworkElement feParent, FrameworkContentElement fceParent, IEnumerator logicalChildren)
   at void System.Windows.DescendentsWalker<T>.WalkFrameworkElementLogicalThenVisualChildren(FrameworkElement feParent, bool hasLogicalChildren)
   at void System.Windows.DescendentsWalker<T>.IterateChildren(DependencyObject d)
   at void System.Windows.DescendentsWalker<T>.WalkLogicalChildren(FrameworkElement feParent, FrameworkContentElement fceParent, IEnumerator logicalChildren)
   at void System.Windows.DescendentsWalker<T>.WalkFrameworkElementLogicalThenVisualChildren(FrameworkElement feParent, bool hasLogicalChildren)
   at void System.Windows.DescendentsWalker<T>.IterateChildren(DependencyObject d)
   at void System.Windows.DescendentsWalker<T>.StartWalk(DependencyObject startNode, bool skipStartNode)
   at void System.Windows.TreeWalkHelper.InvalidateOnResourcesChange(FrameworkElement fe, FrameworkContentElement fce, ResourcesChangeInfo info)
   at void System.Windows.Application.InvalidateResourceReferenceOnWindowCollection(WindowCollection wc, ResourcesChangeInfo info)
   at void System.Windows.Application.InvalidateResourceReferences(ResourcesChangeInfo info)
   at void System.Windows.ResourceDictionary.NotifyOwners(ResourcesChangeInfo info)
   at void System.Windows.ResourceDictionary.OnMergedDictionariesChanged(object sender, NotifyCollectionChangedEventArgs e)
   at void System.Collections.ObjectModel.ObservableCollection<T>.OnCollectionChanged(NotifyCollectionChangedEventArgs e)
   at void Flow.Launcher.Core.Resource.Theme.UpdateResourceDictionary(ResourceDictionary dictionaryToUpdate) in C:/projects/flow-launcher/Flow.Launcher.Core/Resource/Theme.cs:line 106
   at void Flow.Launcher.Core.Resource.Theme.SetBlurForWindow(string theme, BackdropTypes backdropType) in C:/projects/flow-launcher/Flow.Launcher.Core/Resource/Theme.cs:line 743
   at Task Flow.Launcher.Core.Resource.Theme.RefreshFrameAsync()+() => { } in C:/projects/flow-launcher/Flow.Launcher.Core/Resource/Theme.cs:line 643
   at object System.Windows.Threading.DispatcherOperation.InvokeDelegateCore()
   at void System.Windows.Threading.DispatcherOperation.InvokeImpl()
   at async Task Flow.Launcher.Core.Resource.Theme.RefreshFrameAsync() in C:/projects/flow-launcher/Flow.Launcher.Core/Resource/Theme.cs:line 638

20:58:34.8523+07:00 - ERROR - ErrorReporting.TaskSchedulerUnobservedTaskException - Unobserved task exception occurred.
EXCEPTION OCCURS: System.InvalidCastException: Unable to cast object of type 'System.Windows.Media.Color' to type 'System.Windows.Expression'.
   at void System.Windows.Freezable.CloneCoreCommon(Freezable sourceFreezable, bool useCurrentValue, bool cloneFrozenValues)
   at Freezable System.Windows.Freezable.Clone()
   at object System.Windows.StyleHelper.GetInstanceValue(UncommonField<HybridDictionary[]> dataField, DependencyObject container, FrameworkElement feChild, FrameworkContentElement fceChild, int childIndex, DependencyProperty dp, int i, ref EffectiveValueEntry entry)
   at object System.Windows.StyleHelper.GetChildValueHelper(UncommonField<HybridDictionary[]> dataField, ref ItemStructList<ChildValueLookup> valueLookupList, DependencyProperty dp, DependencyObject container, FrameworkObject child, int childIndex, bool styleLookup, ref EffectiveValueEntry entry, out ValueLookupType sourceType, FrameworkElementFactory templateRoot)
   at object System.Windows.StyleHelper.GetChildValue(UncommonField<HybridDictionary[]> dataField, DependencyObject container, int childIndex, FrameworkObject child, DependencyProperty dp, ref FrugalStructList<ChildRecord> childRecordFromChildIndex, ref EffectiveValueEntry entry, out ValueLookupType sourceType, FrameworkElementFactory templateRoot)
   at bool System.Windows.StyleHelper.GetValueFromStyleOrTemplate(FrameworkObject fo, DependencyProperty dp, ref EffectiveValueEntry entry)
   at void System.Windows.FrameworkElement.GetRawValue(DependencyProperty dp, PropertyMetadata metadata, ref EffectiveValueEntry entry)
   at void System.Windows.FrameworkElement.EvaluateBaseValueCore(DependencyProperty dp, PropertyMetadata metadata, ref EffectiveValueEntry newEntry)
   at EffectiveValueEntry System.Windows.DependencyObject.EvaluateEffectiveValue(EntryIndex entryIndex, DependencyProperty dp, PropertyMetadata metadata, EffectiveValueEntry oldEntry, EffectiveValueEntry newEntry, OperationType operationType)
   at UpdateResult System.Windows.DependencyObject.UpdateEffectiveValue(EntryIndex entryIndex, DependencyProperty dp, PropertyMetadata metadata, EffectiveValueEntry oldEntry, ref EffectiveValueEntry newEntry, bool coerceWithDeferredReference, bool coerceWithCurrentValue, OperationType operationType)
   at void System.Windows.DependencyObject.InvalidateProperty(DependencyProperty dp, bool preserveCurrentValue)
   at void System.Windows.StyleHelper.InvalidateContainerDependents(DependencyObject container, ref FrugalStructList<ContainerDependent> exclusionContainerDependents, ref FrugalStructList<ContainerDependent> oldContainerDependents, ref FrugalStructList<ContainerDependent> newContainerDependents)
   at void System.Windows.StyleHelper.DoStyleInvalidations(FrameworkElement fe, FrameworkContentElement fce, Style oldStyle, Style newStyle)
   at void System.Windows.FrameworkElement.OnStyleChanged(DependencyObject d, DependencyPropertyChangedEventArgs e)
   at void System.Windows.FrameworkElement.OnPropertyChanged(DependencyPropertyChangedEventArgs e)
   at void System.Windows.DependencyObject.NotifyPropertyChange(DependencyPropertyChangedEventArgs args)
   at UpdateResult System.Windows.DependencyObject.UpdateEffectiveValue(EntryIndex entryIndex, DependencyProperty dp, PropertyMetadata metadata, EffectiveValueEntry oldEntry, ref EffectiveValueEntry newEntry, bool coerceWithDeferredReference, bool coerceWithCurrentValue, OperationType operationType)
   at void System.Windows.ResourceReferenceExpression.InvalidateExpressionValue(object sender, EventArgs e)
   at void System.Windows.TreeWalkHelper.InvalidateResourceReferences(DependencyObject d, ResourcesChangeInfo info)
   at void System.Windows.TreeWalkHelper.OnResourcesChanged(DependencyObject d, ResourcesChangeInfo info, bool raiseResourceChangedEvent)
   at bool System.Windows.TreeWalkHelper.OnResourcesChangedCallback(DependencyObject d, ResourcesChangeInfo info, bool visitedViaVisualTree)
   at void System.Windows.DescendentsWalker<T>.WalkLogicalChildren(FrameworkElement feParent, FrameworkContentElement fceParent, IEnumerator logicalChildren)
   at void System.Windows.DescendentsWalker<T>.WalkFrameworkElementLogicalThenVisualChildren(FrameworkElement feParent, bool hasLogicalChildren)
   at void System.Windows.DescendentsWalker<T>.IterateChildren(DependencyObject d)
   at void System.Windows.DescendentsWalker<T>.WalkLogicalChildren(FrameworkElement feParent, FrameworkContentElement fceParent, IEnumerator logicalChildren)
   at void System.Windows.DescendentsWalker<T>.WalkFrameworkElementLogicalThenVisualChildren(FrameworkElement feParent, bool hasLogicalChildren)
   at void System.Windows.DescendentsWalker<T>.IterateChildren(DependencyObject d)
   at void System.Windows.DescendentsWalker<T>.WalkLogicalChildren(FrameworkElement feParent, FrameworkContentElement fceParent, IEnumerator logicalChildren)
   at void System.Windows.DescendentsWalker<T>.WalkFrameworkElementLogicalThenVisualChildren(FrameworkElement feParent, bool hasLogicalChildren)
   at void System.Windows.DescendentsWalker<T>.IterateChildren(DependencyObject d)
   at void System.Windows.DescendentsWalker<T>.WalkLogicalChildren(FrameworkElement feParent, FrameworkContentElement fceParent, IEnumerator logicalChildren)
   at void System.Windows.DescendentsWalker<T>.WalkFrameworkElementLogicalThenVisualChildren(FrameworkElement feParent, bool hasLogicalChildren)
   at void System.Windows.DescendentsWalker<T>.IterateChildren(DependencyObject d)
   at void System.Windows.DescendentsWalker<T>.StartWalk(DependencyObject startNode, bool skipStartNode)
   at void System.Windows.TreeWalkHelper.InvalidateOnResourcesChange(FrameworkElement fe, FrameworkContentElement fce, ResourcesChangeInfo info)
   at void System.Windows.Application.InvalidateResourceReferenceOnWindowCollection(WindowCollection wc, ResourcesChangeInfo info)
   at void System.Windows.Application.InvalidateResourceReferences(ResourcesChangeInfo info)
   at void System.Windows.ResourceDictionary.NotifyOwners(ResourcesChangeInfo info)
   at void System.Windows.ResourceDictionary.OnMergedDictionariesChanged(object sender, NotifyCollectionChangedEventArgs e)
   at void System.Collections.ObjectModel.ObservableCollection<T>.OnCollectionChanged(NotifyCollectionChangedEventArgs e)
   at void Flow.Launcher.Core.Resource.Theme.UpdateResourceDictionary(ResourceDictionary dictionaryToUpdate) in C:/projects/flow-launcher/Flow.Launcher.Core/Resource/Theme.cs:line 106
   at void Flow.Launcher.Core.Resource.Theme.SetBlurForWindow(string theme, BackdropTypes backdropType) in C:/projects/flow-launcher/Flow.Launcher.Core/Resource/Theme.cs:line 743
   at Task Flow.Launcher.Core.Resource.Theme.RefreshFrameAsync()+() => { } in C:/projects/flow-launcher/Flow.Launcher.Core/Resource/Theme.cs:line 643
   at object System.Windows.Threading.DispatcherOperation.InvokeDelegateCore()
   at void System.Windows.Threading.DispatcherOperation.InvokeImpl()
   at async Task Flow.Launcher.Core.Resource.Theme.RefreshFrameAsync() in C:/projects/flow-launcher/Flow.Launcher.Core/Resource/Theme.cs:line 638

20:58:34.8523+07:00 - ERROR - ErrorReporting.TaskSchedulerUnobservedTaskException - Unobserved task exception occurred.
EXCEPTION OCCURS: System.InvalidCastException: Unable to cast object of type 'System.Windows.Media.Color' to type 'System.Windows.Expression'.
   at void System.Windows.Freezable.CloneCoreCommon(Freezable sourceFreezable, bool useCurrentValue, bool cloneFrozenValues)
   at Freezable System.Windows.Freezable.Clone()
   at object System.Windows.StyleHelper.GetInstanceValue(UncommonField<HybridDictionary[]> dataField, DependencyObject container, FrameworkElement feChild, FrameworkContentElement fceChild, int childIndex, DependencyProperty dp, int i, ref EffectiveValueEntry entry)
   at object System.Windows.StyleHelper.GetChildValueHelper(UncommonField<HybridDictionary[]> dataField, ref ItemStructList<ChildValueLookup> valueLookupList, DependencyProperty dp, DependencyObject container, FrameworkObject child, int childIndex, bool styleLookup, ref EffectiveValueEntry entry, out ValueLookupType sourceType, FrameworkElementFactory templateRoot)
   at object System.Windows.StyleHelper.GetChildValue(UncommonField<HybridDictionary[]> dataField, DependencyObject container, int childIndex, FrameworkObject child, DependencyProperty dp, ref FrugalStructList<ChildRecord> childRecordFromChildIndex, ref EffectiveValueEntry entry, out ValueLookupType sourceType, FrameworkElementFactory templateRoot)
   at bool System.Windows.StyleHelper.GetValueFromStyleOrTemplate(FrameworkObject fo, DependencyProperty dp, ref EffectiveValueEntry entry)
   at void System.Windows.FrameworkElement.GetRawValue(DependencyProperty dp, PropertyMetadata metadata, ref EffectiveValueEntry entry)
   at void System.Windows.FrameworkElement.EvaluateBaseValueCore(DependencyProperty dp, PropertyMetadata metadata, ref EffectiveValueEntry newEntry)
   at EffectiveValueEntry System.Windows.DependencyObject.EvaluateEffectiveValue(EntryIndex entryIndex, DependencyProperty dp, PropertyMetadata metadata, EffectiveValueEntry oldEntry, EffectiveValueEntry newEntry, OperationType operationType)
   at UpdateResult System.Windows.DependencyObject.UpdateEffectiveValue(EntryIndex entryIndex, DependencyProperty dp, PropertyMetadata metadata, EffectiveValueEntry oldEntry, ref EffectiveValueEntry newEntry, bool coerceWithDeferredReference, bool coerceWithCurrentValue, OperationType operationType)
   at void System.Windows.DependencyObject.InvalidateProperty(DependencyProperty dp, bool preserveCurrentValue)
   at void System.Windows.StyleHelper.InvalidateContainerDependents(DependencyObject container, ref FrugalStructList<ContainerDependent> exclusionContainerDependents, ref FrugalStructList<ContainerDependent> oldContainerDependents, ref FrugalStructList<ContainerDependent> newContainerDependents)
   at void System.Windows.StyleHelper.DoStyleInvalidations(FrameworkElement fe, FrameworkContentElement fce, Style oldStyle, Style newStyle)
   at void System.Windows.FrameworkElement.OnStyleChanged(DependencyObject d, DependencyPropertyChangedEventArgs e)
   at void System.Windows.FrameworkElement.OnPropertyChanged(DependencyPropertyChangedEventArgs e)
   at void System.Windows.DependencyObject.NotifyPropertyChange(DependencyPropertyChangedEventArgs args)
   at UpdateResult System.Windows.DependencyObject.UpdateEffectiveValue(EntryIndex entryIndex, DependencyProperty dp, PropertyMetadata metadata, EffectiveValueEntry oldEntry, ref EffectiveValueEntry newEntry, bool coerceWithDeferredReference, bool coerceWithCurrentValue, OperationType operationType)
   at void System.Windows.ResourceReferenceExpression.InvalidateExpressionValue(object sender, EventArgs e)
   at void System.Windows.TreeWalkHelper.InvalidateResourceReferences(DependencyObject d, ResourcesChangeInfo info)
   at void System.Windows.TreeWalkHelper.OnResourcesChanged(DependencyObject d, ResourcesChangeInfo info, bool raiseResourceChangedEvent)
   at bool System.Windows.TreeWalkHelper.OnResourcesChangedCallback(DependencyObject d, ResourcesChangeInfo info, bool visitedViaVisualTree)
   at void System.Windows.DescendentsWalker<T>.WalkLogicalChildren(FrameworkElement feParent, FrameworkContentElement fceParent, IEnumerator logicalChildren)
   at void System.Windows.DescendentsWalker<T>.WalkFrameworkElementLogicalThenVisualChildren(FrameworkElement feParent, bool hasLogicalChildren)
   at void System.Windows.DescendentsWalker<T>.IterateChildren(DependencyObject d)
   at void System.Windows.DescendentsWalker<T>.WalkLogicalChildren(FrameworkElement feParent, FrameworkContentElement fceParent, IEnumerator logicalChildren)
   at void System.Windows.DescendentsWalker<T>.WalkFrameworkElementLogicalThenVisualChildren(FrameworkElement feParent, bool hasLogicalChildren)
   at void System.Windows.DescendentsWalker<T>.IterateChildren(DependencyObject d)
   at void System.Windows.DescendentsWalker<T>.WalkLogicalChildren(FrameworkElement feParent, FrameworkContentElement fceParent, IEnumerator logicalChildren)
   at void System.Windows.DescendentsWalker<T>.WalkFrameworkElementLogicalThenVisualChildren(FrameworkElement feParent, bool hasLogicalChildren)
   at void System.Windows.DescendentsWalker<T>.IterateChildren(DependencyObject d)
   at void System.Windows.DescendentsWalker<T>.WalkLogicalChildren(FrameworkElement feParent, FrameworkContentElement fceParent, IEnumerator logicalChildren)
   at void System.Windows.DescendentsWalker<T>.WalkFrameworkElementLogicalThenVisualChildren(FrameworkElement feParent, bool hasLogicalChildren)
   at void System.Windows.DescendentsWalker<T>.IterateChildren(DependencyObject d)
   at void System.Windows.DescendentsWalker<T>.StartWalk(DependencyObject startNode, bool skipStartNode)
   at void System.Windows.TreeWalkHelper.InvalidateOnResourcesChange(FrameworkElement fe, FrameworkContentElement fce, ResourcesChangeInfo info)
   at void System.Windows.Application.InvalidateResourceReferenceOnWindowCollection(WindowCollection wc, ResourcesChangeInfo info)
   at void System.Windows.Application.InvalidateResourceReferences(ResourcesChangeInfo info)
   at void System.Windows.ResourceDictionary.NotifyOwners(ResourcesChangeInfo info)
   at void System.Windows.ResourceDictionary.OnMergedDictionariesChanged(object sender, NotifyCollectionChangedEventArgs e)
   at void System.Collections.ObjectModel.ObservableCollection<T>.OnCollectionChanged(NotifyCollectionChangedEventArgs e)
   at void Flow.Launcher.Core.Resource.Theme.UpdateResourceDictionary(ResourceDictionary dictionaryToUpdate) in C:/projects/flow-launcher/Flow.Launcher.Core/Resource/Theme.cs:line 106
   at void Flow.Launcher.Core.Resource.Theme.SetBlurForWindow(string theme, BackdropTypes backdropType) in C:/projects/flow-launcher/Flow.Launcher.Core/Resource/Theme.cs:line 743
   at Task Flow.Launcher.Core.Resource.Theme.RefreshFrameAsync()+() => { } in C:/projects/flow-launcher/Flow.Launcher.Core/Resource/Theme.cs:line 643
   at object System.Windows.Threading.DispatcherOperation.InvokeDelegateCore()
   at void System.Windows.Threading.DispatcherOperation.InvokeImpl()
   at async Task Flow.Launcher.Core.Resource.Theme.RefreshFrameAsync() in C:/projects/flow-launcher/Flow.Launcher.Core/Resource/Theme.cs:line 638

20:58:34.8523+07:00 - ERROR - ErrorReporting.TaskSchedulerUnobservedTaskException - Unobserved task exception occurred.
EXCEPTION OCCURS: System.InvalidCastException: Unable to cast object of type 'System.Windows.Media.Color' to type 'System.Windows.Expression'.
   at void System.Windows.Freezable.CloneCoreCommon(Freezable sourceFreezable, bool useCurrentValue, bool cloneFrozenValues)
   at Freezable System.Windows.Freezable.Clone()
   at object System.Windows.StyleHelper.GetInstanceValue(UncommonField<HybridDictionary[]> dataField, DependencyObject container, FrameworkElement feChild, FrameworkContentElement fceChild, int childIndex, DependencyProperty dp, int i, ref EffectiveValueEntry entry)
   at object System.Windows.StyleHelper.GetChildValueHelper(UncommonField<HybridDictionary[]> dataField, ref ItemStructList<ChildValueLookup> valueLookupList, DependencyProperty dp, DependencyObject container, FrameworkObject child, int childIndex, bool styleLookup, ref EffectiveValueEntry entry, out ValueLookupType sourceType, FrameworkElementFactory templateRoot)
   at object System.Windows.StyleHelper.GetChildValue(UncommonField<HybridDictionary[]> dataField, DependencyObject container, int childIndex, FrameworkObject child, DependencyProperty dp, ref FrugalStructList<ChildRecord> childRecordFromChildIndex, ref EffectiveValueEntry entry, out ValueLookupType sourceType, FrameworkElementFactory templateRoot)
   at bool System.Windows.StyleHelper.GetValueFromStyleOrTemplate(FrameworkObject fo, DependencyProperty dp, ref EffectiveValueEntry entry)
   at void System.Windows.FrameworkElement.GetRawValue(DependencyProperty dp, PropertyMetadata metadata, ref EffectiveValueEntry entry)
   at void System.Windows.FrameworkElement.EvaluateBaseValueCore(DependencyProperty dp, PropertyMetadata metadata, ref EffectiveValueEntry newEntry)
   at EffectiveValueEntry System.Windows.DependencyObject.EvaluateEffectiveValue(EntryIndex entryIndex, DependencyProperty dp, PropertyMetadata metadata, EffectiveValueEntry oldEntry, EffectiveValueEntry newEntry, OperationType operationType)
   at UpdateResult System.Windows.DependencyObject.UpdateEffectiveValue(EntryIndex entryIndex, DependencyProperty dp, PropertyMetadata metadata, EffectiveValueEntry oldEntry, ref EffectiveValueEntry newEntry, bool coerceWithDeferredReference, bool coerceWithCurrentValue, OperationType operationType)
   at void System.Windows.DependencyObject.InvalidateProperty(DependencyProperty dp, bool preserveCurrentValue)
   at void System.Windows.StyleHelper.InvalidateContainerDependents(DependencyObject container, ref FrugalStructList<ContainerDependent> exclusionContainerDependents, ref FrugalStructList<ContainerDependent> oldContainerDependents, ref FrugalStructList<ContainerDependent> newContainerDependents)
   at void System.Windows.StyleHelper.DoStyleInvalidations(FrameworkElement fe, FrameworkContentElement fce, Style oldStyle, Style newStyle)
   at void System.Windows.FrameworkElement.OnStyleChanged(DependencyObject d, DependencyPropertyChangedEventArgs e)
   at void System.Windows.FrameworkElement.OnPropertyChanged(DependencyPropertyChangedEventArgs e)
   at void System.Windows.DependencyObject.NotifyPropertyChange(DependencyPropertyChangedEventArgs args)
   at UpdateResult System.Windows.DependencyObject.UpdateEffectiveValue(EntryIndex entryIndex, DependencyProperty dp, PropertyMetadata metadata, EffectiveValueEntry oldEntry, ref EffectiveValueEntry newEntry, bool coerceWithDeferredReference, bool coerceWithCurrentValue, OperationType operationType)
   at void System.Windows.ResourceReferenceExpression.InvalidateExpressionValue(object sender, EventArgs e)
   at void System.Windows.TreeWalkHelper.InvalidateResourceReferences(DependencyObject d, ResourcesChangeInfo info)
   at void System.Windows.TreeWalkHelper.OnResourcesChanged(DependencyObject d, ResourcesChangeInfo info, bool raiseResourceChangedEvent)
   at bool System.Windows.TreeWalkHelper.OnResourcesChangedCallback(DependencyObject d, ResourcesChangeInfo info, bool visitedViaVisualTree)
   at void System.Windows.DescendentsWalker<T>.WalkLogicalChildren(FrameworkElement feParent, FrameworkContentElement fceParent, IEnumerator logicalChildren)
   at void System.Windows.DescendentsWalker<T>.WalkFrameworkElementLogicalThenVisualChildren(FrameworkElement feParent, bool hasLogicalChildren)
   at void System.Windows.DescendentsWalker<T>.IterateChildren(DependencyObject d)
   at void System.Windows.DescendentsWalker<T>.WalkLogicalChildren(FrameworkElement feParent, FrameworkContentElement fceParent, IEnumerator logicalChildren)
   at void System.Windows.DescendentsWalker<T>.WalkFrameworkElementLogicalThenVisualChildren(FrameworkElement feParent, bool hasLogicalChildren)
   at void System.Windows.DescendentsWalker<T>.IterateChildren(DependencyObject d)
   at void System.Windows.DescendentsWalker<T>.WalkLogicalChildren(FrameworkElement feParent, FrameworkContentElement fceParent, IEnumerator logicalChildren)
   at void System.Windows.DescendentsWalker<T>.WalkFrameworkElementLogicalThenVisualChildren(FrameworkElement feParent, bool hasLogicalChildren)
   at void System.Windows.DescendentsWalker<T>.IterateChildren(DependencyObject d)
   at void System.Windows.DescendentsWalker<T>.WalkLogicalChildren(FrameworkElement feParent, FrameworkContentElement fceParent, IEnumerator logicalChildren)
   at void System.Windows.DescendentsWalker<T>.WalkFrameworkElementLogicalThenVisualChildren(FrameworkElement feParent, bool hasLogicalChildren)
   at void System.Windows.DescendentsWalker<T>.IterateChildren(DependencyObject d)
   at void System.Windows.DescendentsWalker<T>.StartWalk(DependencyObject startNode, bool skipStartNode)
   at void System.Windows.TreeWalkHelper.InvalidateOnResourcesChange(FrameworkElement fe, FrameworkContentElement fce, ResourcesChangeInfo info)
   at void System.Windows.Application.InvalidateResourceReferenceOnWindowCollection(WindowCollection wc, ResourcesChangeInfo info)
   at void System.Windows.Application.InvalidateResourceReferences(ResourcesChangeInfo info)
   at void System.Windows.ResourceDictionary.NotifyOwners(ResourcesChangeInfo info)
   at void System.Windows.ResourceDictionary.OnMergedDictionariesChanged(object sender, NotifyCollectionChangedEventArgs e)
   at void System.Collections.ObjectModel.ObservableCollection<T>.OnCollectionChanged(NotifyCollectionChangedEventArgs e)
   at void Flow.Launcher.Core.Resource.Theme.UpdateResourceDictionary(ResourceDictionary dictionaryToUpdate) in C:/projects/flow-launcher/Flow.Launcher.Core/Resource/Theme.cs:line 106
   at void Flow.Launcher.Core.Resource.Theme.SetBlurForWindow(string theme, BackdropTypes backdropType) in C:/projects/flow-launcher/Flow.Launcher.Core/Resource/Theme.cs:line 743
   at Task Flow.Launcher.Core.Resource.Theme.RefreshFrameAsync()+() => { } in C:/projects/flow-launcher/Flow.Launcher.Core/Resource/Theme.cs:line 643
   at object System.Windows.Threading.DispatcherOperation.InvokeDelegateCore()
   at void System.Windows.Threading.DispatcherOperation.InvokeImpl()
   at async Task Flow.Launcher.Core.Resource.Theme.RefreshFrameAsync() in C:/projects/flow-launcher/Flow.Launcher.Core/Resource/Theme.cs:line 638

20:58:56.1409+07:00 - ERROR - ErrorReporting.TaskSchedulerUnobservedTaskException - Unobserved task exception occurred.
EXCEPTION OCCURS: System.InvalidCastException: Unable to cast object of type 'System.Windows.Media.Color' to type 'System.Windows.Expression'.
   at void System.Windows.Freezable.CloneCoreCommon(Freezable sourceFreezable, bool useCurrentValue, bool cloneFrozenValues)
   at Freezable System.Windows.Freezable.Clone()
   at object System.Windows.StyleHelper.GetInstanceValue(UncommonField<HybridDictionary[]> dataField, DependencyObject container, FrameworkElement feChild, FrameworkContentElement fceChild, int childIndex, DependencyProperty dp, int i, ref EffectiveValueEntry entry)
   at object System.Windows.StyleHelper.GetChildValueHelper(UncommonField<HybridDictionary[]> dataField, ref ItemStructList<ChildValueLookup> valueLookupList, DependencyProperty dp, DependencyObject container, FrameworkObject child, int childIndex, bool styleLookup, ref EffectiveValueEntry entry, out ValueLookupType sourceType, FrameworkElementFactory templateRoot)
   at object System.Windows.StyleHelper.GetChildValue(UncommonField<HybridDictionary[]> dataField, DependencyObject container, int childIndex, FrameworkObject child, DependencyProperty dp, ref FrugalStructList<ChildRecord> childRecordFromChildIndex, ref EffectiveValueEntry entry, out ValueLookupType sourceType, FrameworkElementFactory templateRoot)
   at bool System.Windows.StyleHelper.GetValueFromStyleOrTemplate(FrameworkObject fo, DependencyProperty dp, ref EffectiveValueEntry entry)
   at void System.Windows.FrameworkElement.GetRawValue(DependencyProperty dp, PropertyMetadata metadata, ref EffectiveValueEntry entry)
   at void System.Windows.FrameworkElement.EvaluateBaseValueCore(DependencyProperty dp, PropertyMetadata metadata, ref EffectiveValueEntry newEntry)
   at EffectiveValueEntry System.Windows.DependencyObject.EvaluateEffectiveValue(EntryIndex entryIndex, DependencyProperty dp, PropertyMetadata metadata, EffectiveValueEntry oldEntry, EffectiveValueEntry newEntry, OperationType operationType)
   at UpdateResult System.Windows.DependencyObject.UpdateEffectiveValue(EntryIndex entryIndex, DependencyProperty dp, PropertyMetadata metadata, EffectiveValueEntry oldEntry, ref EffectiveValueEntry newEntry, bool coerceWithDeferredReference, bool coerceWithCurrentValue, OperationType operationType)
   at void System.Windows.DependencyObject.InvalidateProperty(DependencyProperty dp, bool preserveCurrentValue)
   at void System.Windows.StyleHelper.InvalidateContainerDependents(DependencyObject container, ref FrugalStructList<ContainerDependent> exclusionContainerDependents, ref FrugalStructList<ContainerDependent> oldContainerDependents, ref FrugalStructList<ContainerDependent> newContainerDependents)
   at void System.Windows.StyleHelper.DoStyleInvalidations(FrameworkElement fe, FrameworkContentElement fce, Style oldStyle, Style newStyle)
   at void System.Windows.FrameworkElement.OnStyleChanged(DependencyObject d, DependencyPropertyChangedEventArgs e)
   at void System.Windows.FrameworkElement.OnPropertyChanged(DependencyPropertyChangedEventArgs e)
   at void System.Windows.DependencyObject.NotifyPropertyChange(DependencyPropertyChangedEventArgs args)
   at UpdateResult System.Windows.DependencyObject.UpdateEffectiveValue(EntryIndex entryIndex, DependencyProperty dp, PropertyMetadata metadata, EffectiveValueEntry oldEntry, ref EffectiveValueEntry newEntry, bool coerceWithDeferredReference, bool coerceWithCurrentValue, OperationType operationType)
   at void System.Windows.ResourceReferenceExpression.InvalidateExpressionValue(object sender, EventArgs e)
   at void System.Windows.TreeWalkHelper.InvalidateResourceReferences(DependencyObject d, ResourcesChangeInfo info)
   at void System.Windows.TreeWalkHelper.OnResourcesChanged(DependencyObject d, ResourcesChangeInfo info, bool raiseResourceChangedEvent)
   at bool System.Windows.TreeWalkHelper.OnResourcesChangedCallback(DependencyObject d, ResourcesChangeInfo info, bool visitedViaVisualTree)
   at void System.Windows.DescendentsWalker<T>.WalkLogicalChildren(FrameworkElement feParent, FrameworkContentElement fceParent, IEnumerator logicalChildren)
   at void System.Windows.DescendentsWalker<T>.WalkFrameworkElementLogicalThenVisualChildren(FrameworkElement feParent, bool hasLogicalChildren)
   at void System.Windows.DescendentsWalker<T>.IterateChildren(DependencyObject d)
   at void System.Windows.DescendentsWalker<T>.WalkLogicalChildren(FrameworkElement feParent, FrameworkContentElement fceParent, IEnumerator logicalChildren)
   at void System.Windows.DescendentsWalker<T>.WalkFrameworkElementLogicalThenVisualChildren(FrameworkElement feParent, bool hasLogicalChildren)
   at void System.Windows.DescendentsWalker<T>.IterateChildren(DependencyObject d)
   at void System.Windows.DescendentsWalker<T>.WalkLogicalChildren(FrameworkElement feParent, FrameworkContentElement fceParent, IEnumerator logicalChildren)
   at void System.Windows.DescendentsWalker<T>.WalkFrameworkElementLogicalThenVisualChildren(FrameworkElement feParent, bool hasLogicalChildren)
   at void System.Windows.DescendentsWalker<T>.IterateChildren(DependencyObject d)
   at void System.Windows.DescendentsWalker<T>.WalkLogicalChildren(FrameworkElement feParent, FrameworkContentElement fceParent, IEnumerator logicalChildren)
   at void System.Windows.DescendentsWalker<T>.WalkFrameworkElementLogicalThenVisualChildren(FrameworkElement feParent, bool hasLogicalChildren)
   at void System.Windows.DescendentsWalker<T>.IterateChildren(DependencyObject d)
   at void System.Windows.DescendentsWalker<T>.StartWalk(DependencyObject startNode, bool skipStartNode)
   at void System.Windows.TreeWalkHelper.InvalidateOnResourcesChange(FrameworkElement fe, FrameworkContentElement fce, ResourcesChangeInfo info)
   at void System.Windows.Application.InvalidateResourceReferenceOnWindowCollection(WindowCollection wc, ResourcesChangeInfo info)
   at void System.Windows.Application.InvalidateResourceReferences(ResourcesChangeInfo info)
   at void System.Windows.ResourceDictionary.NotifyOwners(ResourcesChangeInfo info)
   at void System.Windows.ResourceDictionary.OnMergedDictionariesChanged(object sender, NotifyCollectionChangedEventArgs e)
   at void System.Collections.ObjectModel.ObservableCollection<T>.OnCollectionChanged(NotifyCollectionChangedEventArgs e)
   at void Flow.Launcher.Core.Resource.Theme.UpdateResourceDictionary(ResourceDictionary dictionaryToUpdate) in C:/projects/flow-launcher/Flow.Launcher.Core/Resource/Theme.cs:line 106
   at void Flow.Launcher.Core.Resource.Theme.SetBlurForWindow(string theme, BackdropTypes backdropType) in C:/projects/flow-launcher/Flow.Launcher.Core/Resource/Theme.cs:line 743
   at Task Flow.Launcher.Core.Resource.Theme.RefreshFrameAsync()+() => { } in C:/projects/flow-launcher/Flow.Launcher.Core/Resource/Theme.cs:line 643
   at object System.Windows.Threading.DispatcherOperation.InvokeDelegateCore()
   at void System.Windows.Threading.DispatcherOperation.InvokeImpl()
   at async Task Flow.Launcher.Core.Resource.Theme.RefreshFrameAsync() in C:/projects/flow-launcher/Flow.Launcher.Core/Resource/Theme.cs:line 638

20:58:57.9053+07:00 - ERROR - ErrorReporting.TaskSchedulerUnobservedTaskException - Unobserved task exception occurred.
EXCEPTION OCCURS: System.InvalidCastException: Unable to cast object of type 'System.Windows.Media.Color' to type 'System.Windows.Expression'.
   at void System.Windows.Freezable.CloneCoreCommon(Freezable sourceFreezable, bool useCurrentValue, bool cloneFrozenValues)
   at Freezable System.Windows.Freezable.Clone()
   at object System.Windows.StyleHelper.GetInstanceValue(UncommonField<HybridDictionary[]> dataField, DependencyObject container, FrameworkElement feChild, FrameworkContentElement fceChild, int childIndex, DependencyProperty dp, int i, ref EffectiveValueEntry entry)
   at object System.Windows.StyleHelper.GetChildValueHelper(UncommonField<HybridDictionary[]> dataField, ref ItemStructList<ChildValueLookup> valueLookupList, DependencyProperty dp, DependencyObject container, FrameworkObject child, int childIndex, bool styleLookup, ref EffectiveValueEntry entry, out ValueLookupType sourceType, FrameworkElementFactory templateRoot)
   at object System.Windows.StyleHelper.GetChildValue(UncommonField<HybridDictionary[]> dataField, DependencyObject container, int childIndex, FrameworkObject child, DependencyProperty dp, ref FrugalStructList<ChildRecord> childRecordFromChildIndex, ref EffectiveValueEntry entry, out ValueLookupType sourceType, FrameworkElementFactory templateRoot)
   at bool System.Windows.StyleHelper.GetValueFromStyleOrTemplate(FrameworkObject fo, DependencyProperty dp, ref EffectiveValueEntry entry)
   at void System.Windows.FrameworkElement.GetRawValue(DependencyProperty dp, PropertyMetadata metadata, ref EffectiveValueEntry entry)
   at void System.Windows.FrameworkElement.EvaluateBaseValueCore(DependencyProperty dp, PropertyMetadata metadata, ref EffectiveValueEntry newEntry)
   at EffectiveValueEntry System.Windows.DependencyObject.EvaluateEffectiveValue(EntryIndex entryIndex, DependencyProperty dp, PropertyMetadata metadata, EffectiveValueEntry oldEntry, EffectiveValueEntry newEntry, OperationType operationType)
   at UpdateResult System.Windows.DependencyObject.UpdateEffectiveValue(EntryIndex entryIndex, DependencyProperty dp, PropertyMetadata metadata, EffectiveValueEntry oldEntry, ref EffectiveValueEntry newEntry, bool coerceWithDeferredReference, bool coerceWithCurrentValue, OperationType operationType)
   at void System.Windows.DependencyObject.InvalidateProperty(DependencyProperty dp, bool preserveCurrentValue)
   at void System.Windows.StyleHelper.InvalidateContainerDependents(DependencyObject container, ref FrugalStructList<ContainerDependent> exclusionContainerDependents, ref FrugalStructList<ContainerDependent> oldContainerDependents, ref FrugalStructList<ContainerDependent> newContainerDependents)
   at void System.Windows.StyleHelper.DoStyleInvalidations(FrameworkElement fe, FrameworkContentElement fce, Style oldStyle, Style newStyle)
   at void System.Windows.FrameworkElement.OnStyleChanged(DependencyObject d, DependencyPropertyChangedEventArgs e)
   at void System.Windows.FrameworkElement.OnPropertyChanged(DependencyPropertyChangedEventArgs e)
   at void System.Windows.DependencyObject.NotifyPropertyChange(DependencyPropertyChangedEventArgs args)
   at UpdateResult System.Windows.DependencyObject.UpdateEffectiveValue(EntryIndex entryIndex, DependencyProperty dp, PropertyMetadata metadata, EffectiveValueEntry oldEntry, ref EffectiveValueEntry newEntry, bool coerceWithDeferredReference, bool coerceWithCurrentValue, OperationType operationType)
   at void System.Windows.ResourceReferenceExpression.InvalidateExpressionValue(object sender, EventArgs e)
   at void System.Windows.TreeWalkHelper.InvalidateResourceReferences(DependencyObject d, ResourcesChangeInfo info)
   at void System.Windows.TreeWalkHelper.OnResourcesChanged(DependencyObject d, ResourcesChangeInfo info, bool raiseResourceChangedEvent)
   at bool System.Windows.TreeWalkHelper.OnResourcesChangedCallback(DependencyObject d, ResourcesChangeInfo info, bool visitedViaVisualTree)
   at void System.Windows.DescendentsWalker<T>.WalkLogicalChildren(FrameworkElement feParent, FrameworkContentElement fceParent, IEnumerator logicalChildren)
   at void System.Windows.DescendentsWalker<T>.WalkFrameworkElementLogicalThenVisualChildren(FrameworkElement feParent, bool hasLogicalChildren)
   at void System.Windows.DescendentsWalker<T>.IterateChildren(DependencyObject d)
   at void System.Windows.DescendentsWalker<T>.WalkLogicalChildren(FrameworkElement feParent, FrameworkContentElement fceParent, IEnumerator logicalChildren)
   at void System.Windows.DescendentsWalker<T>.WalkFrameworkElementLogicalThenVisualChildren(FrameworkElement feParent, bool hasLogicalChildren)
   at void System.Windows.DescendentsWalker<T>.IterateChildren(DependencyObject d)
   at void System.Windows.DescendentsWalker<T>.WalkLogicalChildren(FrameworkElement feParent, FrameworkContentElement fceParent, IEnumerator logicalChildren)
   at void System.Windows.DescendentsWalker<T>.WalkFrameworkElementLogicalThenVisualChildren(FrameworkElement feParent, bool hasLogicalChildren)
   at void System.Windows.DescendentsWalker<T>.IterateChildren(DependencyObject d)
   at void System.Windows.DescendentsWalker<T>.WalkLogicalChildren(FrameworkElement feParent, FrameworkContentElement fceParent, IEnumerator logicalChildren)
   at void System.Windows.DescendentsWalker<T>.WalkFrameworkElementLogicalThenVisualChildren(FrameworkElement feParent, bool hasLogicalChildren)
   at void System.Windows.DescendentsWalker<T>.IterateChildren(DependencyObject d)
   at void System.Windows.DescendentsWalker<T>.StartWalk(DependencyObject startNode, bool skipStartNode)
   at void System.Windows.TreeWalkHelper.InvalidateOnResourcesChange(FrameworkElement fe, FrameworkContentElement fce, ResourcesChangeInfo info)
   at void System.Windows.Application.InvalidateResourceReferenceOnWindowCollection(WindowCollection wc, ResourcesChangeInfo info)
   at void System.Windows.Application.InvalidateResourceReferences(ResourcesChangeInfo info)
   at void System.Windows.ResourceDictionary.NotifyOwners(ResourcesChangeInfo info)
   at void System.Windows.ResourceDictionary.OnMergedDictionariesChanged(object sender, NotifyCollectionChangedEventArgs e)
   at void System.Collections.ObjectModel.ObservableCollection<T>.OnCollectionChanged(NotifyCollectionChangedEventArgs e)
   at void Flow.Launcher.Core.Resource.Theme.UpdateResourceDictionary(ResourceDictionary dictionaryToUpdate) in C:/projects/flow-launcher/Flow.Launcher.Core/Resource/Theme.cs:line 106
   at void Flow.Launcher.Core.Resource.Theme.SetBlurForWindow(string theme, BackdropTypes backdropType) in C:/projects/flow-launcher/Flow.Launcher.Core/Resource/Theme.cs:line 743
   at Task Flow.Launcher.Core.Resource.Theme.RefreshFrameAsync()+() => { } in C:/projects/flow-launcher/Flow.Launcher.Core/Resource/Theme.cs:line 643
   at object System.Windows.Threading.DispatcherOperation.InvokeDelegateCore()
   at void System.Windows.Threading.DispatcherOperation.InvokeImpl()
   at async Task Flow.Launcher.Core.Resource.Theme.RefreshFrameAsync() in C:/projects/flow-launcher/Flow.Launcher.Core/Resource/Theme.cs:line 638

20:58:57.9053+07:00 - ERROR - ErrorReporting.TaskSchedulerUnobservedTaskException - Unobserved task exception occurred.
EXCEPTION OCCURS: System.InvalidCastException: Unable to cast object of type 'System.Windows.Media.Color' to type 'System.Windows.Expression'.
   at void System.Windows.Freezable.CloneCoreCommon(Freezable sourceFreezable, bool useCurrentValue, bool cloneFrozenValues)
   at Freezable System.Windows.Freezable.Clone()
   at object System.Windows.StyleHelper.GetInstanceValue(UncommonField<HybridDictionary[]> dataField, DependencyObject container, FrameworkElement feChild, FrameworkContentElement fceChild, int childIndex, DependencyProperty dp, int i, ref EffectiveValueEntry entry)
   at object System.Windows.StyleHelper.GetChildValueHelper(UncommonField<HybridDictionary[]> dataField, ref ItemStructList<ChildValueLookup> valueLookupList, DependencyProperty dp, DependencyObject container, FrameworkObject child, int childIndex, bool styleLookup, ref EffectiveValueEntry entry, out ValueLookupType sourceType, FrameworkElementFactory templateRoot)
   at object System.Windows.StyleHelper.GetChildValue(UncommonField<HybridDictionary[]> dataField, DependencyObject container, int childIndex, FrameworkObject child, DependencyProperty dp, ref FrugalStructList<ChildRecord> childRecordFromChildIndex, ref EffectiveValueEntry entry, out ValueLookupType sourceType, FrameworkElementFactory templateRoot)
   at bool System.Windows.StyleHelper.GetValueFromStyleOrTemplate(FrameworkObject fo, DependencyProperty dp, ref EffectiveValueEntry entry)
   at void System.Windows.FrameworkElement.GetRawValue(DependencyProperty dp, PropertyMetadata metadata, ref EffectiveValueEntry entry)
   at void System.Windows.FrameworkElement.EvaluateBaseValueCore(DependencyProperty dp, PropertyMetadata metadata, ref EffectiveValueEntry newEntry)
   at EffectiveValueEntry System.Windows.DependencyObject.EvaluateEffectiveValue(EntryIndex entryIndex, DependencyProperty dp, PropertyMetadata metadata, EffectiveValueEntry oldEntry, EffectiveValueEntry newEntry, OperationType operationType)
   at UpdateResult System.Windows.DependencyObject.UpdateEffectiveValue(EntryIndex entryIndex, DependencyProperty dp, PropertyMetadata metadata, EffectiveValueEntry oldEntry, ref EffectiveValueEntry newEntry, bool coerceWithDeferredReference, bool coerceWithCurrentValue, OperationType operationType)
   at void System.Windows.DependencyObject.InvalidateProperty(DependencyProperty dp, bool preserveCurrentValue)
   at void System.Windows.StyleHelper.InvalidateContainerDependents(DependencyObject container, ref FrugalStructList<ContainerDependent> exclusionContainerDependents, ref FrugalStructList<ContainerDependent> oldContainerDependents, ref FrugalStructList<ContainerDependent> newContainerDependents)
   at void System.Windows.StyleHelper.DoStyleInvalidations(FrameworkElement fe, FrameworkContentElement fce, Style oldStyle, Style newStyle)
   at void System.Windows.FrameworkElement.OnStyleChanged(DependencyObject d, DependencyPropertyChangedEventArgs e)
   at void System.Windows.FrameworkElement.OnPropertyChanged(DependencyPropertyChangedEventArgs e)
   at void System.Windows.DependencyObject.NotifyPropertyChange(DependencyPropertyChangedEventArgs args)
   at UpdateResult System.Windows.DependencyObject.UpdateEffectiveValue(EntryIndex entryIndex, DependencyProperty dp, PropertyMetadata metadata, EffectiveValueEntry oldEntry, ref EffectiveValueEntry newEntry, bool coerceWithDeferredReference, bool coerceWithCurrentValue, OperationType operationType)
   at void System.Windows.ResourceReferenceExpression.InvalidateExpressionValue(object sender, EventArgs e)
   at void System.Windows.TreeWalkHelper.InvalidateResourceReferences(DependencyObject d, ResourcesChangeInfo info)
   at void System.Windows.TreeWalkHelper.OnResourcesChanged(DependencyObject d, ResourcesChangeInfo info, bool raiseResourceChangedEvent)
   at bool System.Windows.TreeWalkHelper.OnResourcesChangedCallback(DependencyObject d, ResourcesChangeInfo info, bool visitedViaVisualTree)
   at void System.Windows.DescendentsWalker<T>.WalkLogicalChildren(FrameworkElement feParent, FrameworkContentElement fceParent, IEnumerator logicalChildren)
   at void System.Windows.DescendentsWalker<T>.WalkFrameworkElementLogicalThenVisualChildren(FrameworkElement feParent, bool hasLogicalChildren)
   at void System.Windows.DescendentsWalker<T>.IterateChildren(DependencyObject d)
   at void System.Windows.DescendentsWalker<T>.WalkLogicalChildren(FrameworkElement feParent, FrameworkContentElement fceParent, IEnumerator logicalChildren)
   at void System.Windows.DescendentsWalker<T>.WalkFrameworkElementLogicalThenVisualChildren(FrameworkElement feParent, bool hasLogicalChildren)
   at void System.Windows.DescendentsWalker<T>.IterateChildren(DependencyObject d)
   at void System.Windows.DescendentsWalker<T>.WalkLogicalChildren(FrameworkElement feParent, FrameworkContentElement fceParent, IEnumerator logicalChildren)
   at void System.Windows.DescendentsWalker<T>.WalkFrameworkElementLogicalThenVisualChildren(FrameworkElement feParent, bool hasLogicalChildren)
   at void System.Windows.DescendentsWalker<T>.IterateChildren(DependencyObject d)
   at void System.Windows.DescendentsWalker<T>.WalkLogicalChildren(FrameworkElement feParent, FrameworkContentElement fceParent, IEnumerator logicalChildren)
   at void System.Windows.DescendentsWalker<T>.WalkFrameworkElementLogicalThenVisualChildren(FrameworkElement feParent, bool hasLogicalChildren)
   at void System.Windows.DescendentsWalker<T>.IterateChildren(DependencyObject d)
   at void System.Windows.DescendentsWalker<T>.StartWalk(DependencyObject startNode, bool skipStartNode)
   at void System.Windows.TreeWalkHelper.InvalidateOnResourcesChange(FrameworkElement fe, FrameworkContentElement fce, ResourcesChangeInfo info)
   at void System.Windows.Application.InvalidateResourceReferenceOnWindowCollection(WindowCollection wc, ResourcesChangeInfo info)
   at void System.Windows.Application.InvalidateResourceReferences(ResourcesChangeInfo info)
   at void System.Windows.ResourceDictionary.NotifyOwners(ResourcesChangeInfo info)
   at void System.Windows.ResourceDictionary.OnMergedDictionariesChanged(object sender, NotifyCollectionChangedEventArgs e)
   at void System.Collections.ObjectModel.ObservableCollection<T>.OnCollectionChanged(NotifyCollectionChangedEventArgs e)
   at void Flow.Launcher.Core.Resource.Theme.UpdateResourceDictionary(ResourceDictionary dictionaryToUpdate) in C:/projects/flow-launcher/Flow.Launcher.Core/Resource/Theme.cs:line 106
   at void Flow.Launcher.Core.Resource.Theme.SetBlurForWindow(string theme, BackdropTypes backdropType) in C:/projects/flow-launcher/Flow.Launcher.Core/Resource/Theme.cs:line 743
   at Task Flow.Launcher.Core.Resource.Theme.RefreshFrameAsync()+() => { } in C:/projects/flow-launcher/Flow.Launcher.Core/Resource/Theme.cs:line 643
   at object System.Windows.Threading.DispatcherOperation.InvokeDelegateCore()
   at void System.Windows.Threading.DispatcherOperation.InvokeImpl()
   at async Task Flow.Launcher.Core.Resource.Theme.RefreshFrameAsync() in C:/projects/flow-launcher/Flow.Launcher.Core/Resource/Theme.cs:line 638

20:59:04.3201+07:00 - ERROR - ErrorReporting.TaskSchedulerUnobservedTaskException - Unobserved task exception occurred.
EXCEPTION OCCURS: System.InvalidCastException: Unable to cast object of type 'System.Windows.Media.Color' to type 'System.Windows.Expression'.
   at void System.Windows.Freezable.CloneCoreCommon(Freezable sourceFreezable, bool useCurrentValue, bool cloneFrozenValues)
   at Freezable System.Windows.Freezable.Clone()
   at object System.Windows.StyleHelper.GetInstanceValue(UncommonField<HybridDictionary[]> dataField, DependencyObject container, FrameworkElement feChild, FrameworkContentElement fceChild, int childIndex, DependencyProperty dp, int i, ref EffectiveValueEntry entry)
   at object System.Windows.StyleHelper.GetChildValueHelper(UncommonField<HybridDictionary[]> dataField, ref ItemStructList<ChildValueLookup> valueLookupList, DependencyProperty dp, DependencyObject container, FrameworkObject child, int childIndex, bool styleLookup, ref EffectiveValueEntry entry, out ValueLookupType sourceType, FrameworkElementFactory templateRoot)
   at object System.Windows.StyleHelper.GetChildValue(UncommonField<HybridDictionary[]> dataField, DependencyObject container, int childIndex, FrameworkObject child, DependencyProperty dp, ref FrugalStructList<ChildRecord> childRecordFromChildIndex, ref EffectiveValueEntry entry, out ValueLookupType sourceType, FrameworkElementFactory templateRoot)
   at bool System.Windows.StyleHelper.GetValueFromStyleOrTemplate(FrameworkObject fo, DependencyProperty dp, ref EffectiveValueEntry entry)
   at void System.Windows.FrameworkElement.GetRawValue(DependencyProperty dp, PropertyMetadata metadata, ref EffectiveValueEntry entry)
   at void System.Windows.FrameworkElement.EvaluateBaseValueCore(DependencyProperty dp, PropertyMetadata metadata, ref EffectiveValueEntry newEntry)
   at EffectiveValueEntry System.Windows.DependencyObject.EvaluateEffectiveValue(EntryIndex entryIndex, DependencyProperty dp, PropertyMetadata metadata, EffectiveValueEntry oldEntry, EffectiveValueEntry newEntry, OperationType operationType)
   at UpdateResult System.Windows.DependencyObject.UpdateEffectiveValue(EntryIndex entryIndex, DependencyProperty dp, PropertyMetadata metadata, EffectiveValueEntry oldEntry, ref EffectiveValueEntry newEntry, bool coerceWithDeferredReference, bool coerceWithCurrentValue, OperationType operationType)
   at void System.Windows.DependencyObject.InvalidateProperty(DependencyProperty dp, bool preserveCurrentValue)
   at void System.Windows.StyleHelper.InvalidateContainerDependents(DependencyObject container, ref FrugalStructList<ContainerDependent> exclusionContainerDependents, ref FrugalStructList<ContainerDependent> oldContainerDependents, ref FrugalStructList<ContainerDependent> newContainerDependents)
   at void System.Windows.StyleHelper.DoStyleInvalidations(FrameworkElement fe, FrameworkContentElement fce, Style oldStyle, Style newStyle)
   at void System.Windows.FrameworkElement.OnStyleChanged(DependencyObject d, DependencyPropertyChangedEventArgs e)
   at void System.Windows.FrameworkElement.OnPropertyChanged(DependencyPropertyChangedEventArgs e)
   at void System.Windows.DependencyObject.NotifyPropertyChange(DependencyPropertyChangedEventArgs args)
   at UpdateResult System.Windows.DependencyObject.UpdateEffectiveValue(EntryIndex entryIndex, DependencyProperty dp, PropertyMetadata metadata, EffectiveValueEntry oldEntry, ref EffectiveValueEntry newEntry, bool coerceWithDeferredReference, bool coerceWithCurrentValue, OperationType operationType)
   at void System.Windows.ResourceReferenceExpression.InvalidateExpressionValue(object sender, EventArgs e)
   at void System.Windows.TreeWalkHelper.InvalidateResourceReferences(DependencyObject d, ResourcesChangeInfo info)
   at void System.Windows.TreeWalkHelper.OnResourcesChanged(DependencyObject d, ResourcesChangeInfo info, bool raiseResourceChangedEvent)
   at bool System.Windows.TreeWalkHelper.OnResourcesChangedCallback(DependencyObject d, ResourcesChangeInfo info, bool visitedViaVisualTree)
   at void System.Windows.DescendentsWalker<T>.WalkLogicalChildren(FrameworkElement feParent, FrameworkContentElement fceParent, IEnumerator logicalChildren)
   at void System.Windows.DescendentsWalker<T>.WalkFrameworkElementLogicalThenVisualChildren(FrameworkElement feParent, bool hasLogicalChildren)
   at void System.Windows.DescendentsWalker<T>.IterateChildren(DependencyObject d)
   at void System.Windows.DescendentsWalker<T>.WalkLogicalChildren(FrameworkElement feParent, FrameworkContentElement fceParent, IEnumerator logicalChildren)
   at void System.Windows.DescendentsWalker<T>.WalkFrameworkElementLogicalThenVisualChildren(FrameworkElement feParent, bool hasLogicalChildren)
   at void System.Windows.DescendentsWalker<T>.IterateChildren(DependencyObject d)
   at void System.Windows.DescendentsWalker<T>.WalkLogicalChildren(FrameworkElement feParent, FrameworkContentElement fceParent, IEnumerator logicalChildren)
   at void System.Windows.DescendentsWalker<T>.WalkFrameworkElementLogicalThenVisualChildren(FrameworkElement feParent, bool hasLogicalChildren)
   at void System.Windows.DescendentsWalker<T>.IterateChildren(DependencyObject d)
   at void System.Windows.DescendentsWalker<T>.WalkLogicalChildren(FrameworkElement feParent, FrameworkContentElement fceParent, IEnumerator logicalChildren)
   at void System.Windows.DescendentsWalker<T>.WalkFrameworkElementLogicalThenVisualChildren(FrameworkElement feParent, bool hasLogicalChildren)
   at void System.Windows.DescendentsWalker<T>.IterateChildren(DependencyObject d)
   at void System.Windows.DescendentsWalker<T>.StartWalk(DependencyObject startNode, bool skipStartNode)
   at void System.Windows.TreeWalkHelper.InvalidateOnResourcesChange(FrameworkElement fe, FrameworkContentElement fce, ResourcesChangeInfo info)
   at void System.Windows.Application.InvalidateResourceReferenceOnWindowCollection(WindowCollection wc, ResourcesChangeInfo info)
   at void System.Windows.Application.InvalidateResourceReferences(ResourcesChangeInfo info)
   at void System.Windows.ResourceDictionary.NotifyOwners(ResourcesChangeInfo info)
   at void System.Windows.ResourceDictionary.OnMergedDictionariesChanged(object sender, NotifyCollectionChangedEventArgs e)
   at void System.Collections.ObjectModel.ObservableCollection<T>.OnCollectionChanged(NotifyCollectionChangedEventArgs e)
   at void Flow.Launcher.Core.Resource.Theme.UpdateResourceDictionary(ResourceDictionary dictionaryToUpdate) in C:/projects/flow-launcher/Flow.Launcher.Core/Resource/Theme.cs:line 106
   at void Flow.Launcher.Core.Resource.Theme.SetBlurForWindow(string theme, BackdropTypes backdropType) in C:/projects/flow-launcher/Flow.Launcher.Core/Resource/Theme.cs:line 743
   at Task Flow.Launcher.Core.Resource.Theme.RefreshFrameAsync()+() => { } in C:/projects/flow-launcher/Flow.Launcher.Core/Resource/Theme.cs:line 643
   at object System.Windows.Threading.DispatcherOperation.InvokeDelegateCore()
   at void System.Windows.Threading.DispatcherOperation.InvokeImpl()
   at async Task Flow.Launcher.Core.Resource.Theme.RefreshFrameAsync() in C:/projects/flow-launcher/Flow.Launcher.Core/Resource/Theme.cs:line 638

20:59:05.8620+07:00 - ERROR - ErrorReporting.TaskSchedulerUnobservedTaskException - Unobserved task exception occurred.
EXCEPTION OCCURS: System.InvalidCastException: Unable to cast object of type 'System.Windows.Media.Color' to type 'System.Windows.Expression'.
   at void System.Windows.Freezable.CloneCoreCommon(Freezable sourceFreezable, bool useCurrentValue, bool cloneFrozenValues)
   at Freezable System.Windows.Freezable.Clone()
   at object System.Windows.StyleHelper.GetInstanceValue(UncommonField<HybridDictionary[]> dataField, DependencyObject container, FrameworkElement feChild, FrameworkContentElement fceChild, int childIndex, DependencyProperty dp, int i, ref EffectiveValueEntry entry)
   at object System.Windows.StyleHelper.GetChildValueHelper(UncommonField<HybridDictionary[]> dataField, ref ItemStructList<ChildValueLookup> valueLookupList, DependencyProperty dp, DependencyObject container, FrameworkObject child, int childIndex, bool styleLookup, ref EffectiveValueEntry entry, out ValueLookupType sourceType, FrameworkElementFactory templateRoot)
   at object System.Windows.StyleHelper.GetChildValue(UncommonField<HybridDictionary[]> dataField, DependencyObject container, int childIndex, FrameworkObject child, DependencyProperty dp, ref FrugalStructList<ChildRecord> childRecordFromChildIndex, ref EffectiveValueEntry entry, out ValueLookupType sourceType, FrameworkElementFactory templateRoot)
   at bool System.Windows.StyleHelper.GetValueFromStyleOrTemplate(FrameworkObject fo, DependencyProperty dp, ref EffectiveValueEntry entry)
   at void System.Windows.FrameworkElement.GetRawValue(DependencyProperty dp, PropertyMetadata metadata, ref EffectiveValueEntry entry)
   at void System.Windows.FrameworkElement.EvaluateBaseValueCore(DependencyProperty dp, PropertyMetadata metadata, ref EffectiveValueEntry newEntry)
   at EffectiveValueEntry System.Windows.DependencyObject.EvaluateEffectiveValue(EntryIndex entryIndex, DependencyProperty dp, PropertyMetadata metadata, EffectiveValueEntry oldEntry, EffectiveValueEntry newEntry, OperationType operationType)
   at UpdateResult System.Windows.DependencyObject.UpdateEffectiveValue(EntryIndex entryIndex, DependencyProperty dp, PropertyMetadata metadata, EffectiveValueEntry oldEntry, ref EffectiveValueEntry newEntry, bool coerceWithDeferredReference, bool coerceWithCurrentValue, OperationType operationType)
   at void System.Windows.DependencyObject.InvalidateProperty(DependencyProperty dp, bool preserveCurrentValue)
   at void System.Windows.StyleHelper.InvalidateContainerDependents(DependencyObject container, ref FrugalStructList<ContainerDependent> exclusionContainerDependents, ref FrugalStructList<ContainerDependent> oldContainerDependents, ref FrugalStructList<ContainerDependent> newContainerDependents)
   at void System.Windows.StyleHelper.DoStyleInvalidations(FrameworkElement fe, FrameworkContentElement fce, Style oldStyle, Style newStyle)
   at void System.Windows.FrameworkElement.OnStyleChanged(DependencyObject d, DependencyPropertyChangedEventArgs e)
   at void System.Windows.FrameworkElement.OnPropertyChanged(DependencyPropertyChangedEventArgs e)
   at void System.Windows.DependencyObject.NotifyPropertyChange(DependencyPropertyChangedEventArgs args)
   at UpdateResult System.Windows.DependencyObject.UpdateEffectiveValue(EntryIndex entryIndex, DependencyProperty dp, PropertyMetadata metadata, EffectiveValueEntry oldEntry, ref EffectiveValueEntry newEntry, bool coerceWithDeferredReference, bool coerceWithCurrentValue, OperationType operationType)
   at void System.Windows.ResourceReferenceExpression.InvalidateExpressionValue(object sender, EventArgs e)
   at void System.Windows.TreeWalkHelper.InvalidateResourceReferences(DependencyObject d, ResourcesChangeInfo info)
   at void System.Windows.TreeWalkHelper.OnResourcesChanged(DependencyObject d, ResourcesChangeInfo info, bool raiseResourceChangedEvent)
   at bool System.Windows.TreeWalkHelper.OnResourcesChangedCallback(DependencyObject d, ResourcesChangeInfo info, bool visitedViaVisualTree)
   at void System.Windows.DescendentsWalker<T>.WalkLogicalChildren(FrameworkElement feParent, FrameworkContentElement fceParent, IEnumerator logicalChildren)
   at void System.Windows.DescendentsWalker<T>.WalkFrameworkElementLogicalThenVisualChildren(FrameworkElement feParent, bool hasLogicalChildren)
   at void System.Windows.DescendentsWalker<T>.IterateChildren(DependencyObject d)
   at void System.Windows.DescendentsWalker<T>.WalkLogicalChildren(FrameworkElement feParent, FrameworkContentElement fceParent, IEnumerator logicalChildren)
   at void System.Windows.DescendentsWalker<T>.WalkFrameworkElementLogicalThenVisualChildren(FrameworkElement feParent, bool hasLogicalChildren)
   at void System.Windows.DescendentsWalker<T>.IterateChildren(DependencyObject d)
   at void System.Windows.DescendentsWalker<T>.WalkLogicalChildren(FrameworkElement feParent, FrameworkContentElement fceParent, IEnumerator logicalChildren)
   at void System.Windows.DescendentsWalker<T>.WalkFrameworkElementLogicalThenVisualChildren(FrameworkElement feParent, bool hasLogicalChildren)
   at void System.Windows.DescendentsWalker<T>.IterateChildren(DependencyObject d)
   at void System.Windows.DescendentsWalker<T>.WalkLogicalChildren(FrameworkElement feParent, FrameworkContentElement fceParent, IEnumerator logicalChildren)
   at void System.Windows.DescendentsWalker<T>.WalkFrameworkElementLogicalThenVisualChildren(FrameworkElement feParent, bool hasLogicalChildren)
   at void System.Windows.DescendentsWalker<T>.IterateChildren(DependencyObject d)
   at void System.Windows.DescendentsWalker<T>.StartWalk(DependencyObject startNode, bool skipStartNode)
   at void System.Windows.TreeWalkHelper.InvalidateOnResourcesChange(FrameworkElement fe, FrameworkContentElement fce, ResourcesChangeInfo info)
   at void System.Windows.Application.InvalidateResourceReferenceOnWindowCollection(WindowCollection wc, ResourcesChangeInfo info)
   at void System.Windows.Application.InvalidateResourceReferences(ResourcesChangeInfo info)
   at void System.Windows.ResourceDictionary.NotifyOwners(ResourcesChangeInfo info)
   at void System.Windows.ResourceDictionary.OnMergedDictionariesChanged(object sender, NotifyCollectionChangedEventArgs e)
   at void System.Collections.ObjectModel.ObservableCollection<T>.OnCollectionChanged(NotifyCollectionChangedEventArgs e)
   at void Flow.Launcher.Core.Resource.Theme.UpdateResourceDictionary(ResourceDictionary dictionaryToUpdate) in C:/projects/flow-launcher/Flow.Launcher.Core/Resource/Theme.cs:line 106
   at void Flow.Launcher.Core.Resource.Theme.SetBlurForWindow(string theme, BackdropTypes backdropType) in C:/projects/flow-launcher/Flow.Launcher.Core/Resource/Theme.cs:line 743
   at Task Flow.Launcher.Core.Resource.Theme.RefreshFrameAsync()+() => { } in C:/projects/flow-launcher/Flow.Launcher.Core/Resource/Theme.cs:line 643
   at object System.Windows.Threading.DispatcherOperation.InvokeDelegateCore()
   at void System.Windows.Threading.DispatcherOperation.InvokeImpl()
   at async Task Flow.Launcher.Core.Resource.Theme.RefreshFrameAsync() in C:/projects/flow-launcher/Flow.Launcher.Core/Resource/Theme.cs:line 638

20:59:10.9752+07:00 - ERROR - ErrorReporting.TaskSchedulerUnobservedTaskException - Unobserved task exception occurred.
EXCEPTION OCCURS: System.InvalidCastException: Unable to cast object of type 'System.Windows.Media.Color' to type 'System.Windows.Expression'.
   at void System.Windows.Freezable.CloneCoreCommon(Freezable sourceFreezable, bool useCurrentValue, bool cloneFrozenValues)
   at Freezable System.Windows.Freezable.Clone()
   at object System.Windows.StyleHelper.GetInstanceValue(UncommonField<HybridDictionary[]> dataField, DependencyObject container, FrameworkElement feChild, FrameworkContentElement fceChild, int childIndex, DependencyProperty dp, int i, ref EffectiveValueEntry entry)
   at object System.Windows.StyleHelper.GetChildValueHelper(UncommonField<HybridDictionary[]> dataField, ref ItemStructList<ChildValueLookup> valueLookupList, DependencyProperty dp, DependencyObject container, FrameworkObject child, int childIndex, bool styleLookup, ref EffectiveValueEntry entry, out ValueLookupType sourceType, FrameworkElementFactory templateRoot)
   at object System.Windows.StyleHelper.GetChildValue(UncommonField<HybridDictionary[]> dataField, DependencyObject container, int childIndex, FrameworkObject child, DependencyProperty dp, ref FrugalStructList<ChildRecord> childRecordFromChildIndex, ref EffectiveValueEntry entry, out ValueLookupType sourceType, FrameworkElementFactory templateRoot)
   at bool System.Windows.StyleHelper.GetValueFromStyleOrTemplate(FrameworkObject fo, DependencyProperty dp, ref EffectiveValueEntry entry)
   at void System.Windows.FrameworkElement.GetRawValue(DependencyProperty dp, PropertyMetadata metadata, ref EffectiveValueEntry entry)
   at void System.Windows.FrameworkElement.EvaluateBaseValueCore(DependencyProperty dp, PropertyMetadata metadata, ref EffectiveValueEntry newEntry)
   at EffectiveValueEntry System.Windows.DependencyObject.EvaluateEffectiveValue(EntryIndex entryIndex, DependencyProperty dp, PropertyMetadata metadata, EffectiveValueEntry oldEntry, EffectiveValueEntry newEntry, OperationType operationType)
   at UpdateResult System.Windows.DependencyObject.UpdateEffectiveValue(EntryIndex entryIndex, DependencyProperty dp, PropertyMetadata metadata, EffectiveValueEntry oldEntry, ref EffectiveValueEntry newEntry, bool coerceWithDeferredReference, bool coerceWithCurrentValue, OperationType operationType)
   at void System.Windows.DependencyObject.InvalidateProperty(DependencyProperty dp, bool preserveCurrentValue)
   at void System.Windows.StyleHelper.InvalidateContainerDependents(DependencyObject container, ref FrugalStructList<ContainerDependent> exclusionContainerDependents, ref FrugalStructList<ContainerDependent> oldContainerDependents, ref FrugalStructList<ContainerDependent> newContainerDependents)
   at void System.Windows.StyleHelper.DoStyleInvalidations(FrameworkElement fe, FrameworkContentElement fce, Style oldStyle, Style newStyle)
   at void System.Windows.FrameworkElement.OnStyleChanged(DependencyObject d, DependencyPropertyChangedEventArgs e)
   at void System.Windows.FrameworkElement.OnPropertyChanged(DependencyPropertyChangedEventArgs e)
   at void System.Windows.DependencyObject.NotifyPropertyChange(DependencyPropertyChangedEventArgs args)
   at UpdateResult System.Windows.DependencyObject.UpdateEffectiveValue(EntryIndex entryIndex, DependencyProperty dp, PropertyMetadata metadata, EffectiveValueEntry oldEntry, ref EffectiveValueEntry newEntry, bool coerceWithDeferredReference, bool coerceWithCurrentValue, OperationType operationType)
   at void System.Windows.ResourceReferenceExpression.InvalidateExpressionValue(object sender, EventArgs e)
   at void System.Windows.TreeWalkHelper.InvalidateResourceReferences(DependencyObject d, ResourcesChangeInfo info)
   at void System.Windows.TreeWalkHelper.OnResourcesChanged(DependencyObject d, ResourcesChangeInfo info, bool raiseResourceChangedEvent)
   at bool System.Windows.TreeWalkHelper.OnResourcesChangedCallback(DependencyObject d, ResourcesChangeInfo info, bool visitedViaVisualTree)
   at void System.Windows.DescendentsWalker<T>.WalkLogicalChildren(FrameworkElement feParent, FrameworkContentElement fceParent, IEnumerator logicalChildren)
   at void System.Windows.DescendentsWalker<T>.WalkFrameworkElementLogicalThenVisualChildren(FrameworkElement feParent, bool hasLogicalChildren)
   at void System.Windows.DescendentsWalker<T>.IterateChildren(DependencyObject d)
   at void System.Windows.DescendentsWalker<T>.WalkLogicalChildren(FrameworkElement feParent, FrameworkContentElement fceParent, IEnumerator logicalChildren)
   at void System.Windows.DescendentsWalker<T>.WalkFrameworkElementLogicalThenVisualChildren(FrameworkElement feParent, bool hasLogicalChildren)
   at void System.Windows.DescendentsWalker<T>.IterateChildren(DependencyObject d)
   at void System.Windows.DescendentsWalker<T>.WalkLogicalChildren(FrameworkElement feParent, FrameworkContentElement fceParent, IEnumerator logicalChildren)
   at void System.Windows.DescendentsWalker<T>.WalkFrameworkElementLogicalThenVisualChildren(FrameworkElement feParent, bool hasLogicalChildren)
   at void System.Windows.DescendentsWalker<T>.IterateChildren(DependencyObject d)
   at void System.Windows.DescendentsWalker<T>.WalkLogicalChildren(FrameworkElement feParent, FrameworkContentElement fceParent, IEnumerator logicalChildren)
   at void System.Windows.DescendentsWalker<T>.WalkFrameworkElementLogicalThenVisualChildren(FrameworkElement feParent, bool hasLogicalChildren)
   at void System.Windows.DescendentsWalker<T>.IterateChildren(DependencyObject d)
   at void System.Windows.DescendentsWalker<T>.StartWalk(DependencyObject startNode, bool skipStartNode)
   at void System.Windows.TreeWalkHelper.InvalidateOnResourcesChange(FrameworkElement fe, FrameworkContentElement fce, ResourcesChangeInfo info)
   at void System.Windows.Application.InvalidateResourceReferenceOnWindowCollection(WindowCollection wc, ResourcesChangeInfo info)
   at void System.Windows.Application.InvalidateResourceReferences(ResourcesChangeInfo info)
   at void System.Windows.ResourceDictionary.NotifyOwners(ResourcesChangeInfo info)
   at void System.Windows.ResourceDictionary.OnMergedDictionariesChanged(object sender, NotifyCollectionChangedEventArgs e)
   at void System.Collections.ObjectModel.ObservableCollection<T>.OnCollectionChanged(NotifyCollectionChangedEventArgs e)
   at void Flow.Launcher.Core.Resource.Theme.UpdateResourceDictionary(ResourceDictionary dictionaryToUpdate) in C:/projects/flow-launcher/Flow.Launcher.Core/Resource/Theme.cs:line 106
   at void Flow.Launcher.Core.Resource.Theme.SetBlurForWindow(string theme, BackdropTypes backdropType) in C:/projects/flow-launcher/Flow.Launcher.Core/Resource/Theme.cs:line 743
   at Task Flow.Launcher.Core.Resource.Theme.RefreshFrameAsync()+() => { } in C:/projects/flow-launcher/Flow.Launcher.Core/Resource/Theme.cs:line 643
   at object System.Windows.Threading.DispatcherOperation.InvokeDelegateCore()
   at void System.Windows.Threading.DispatcherOperation.InvokeImpl()
   at async Task Flow.Launcher.Core.Resource.Theme.RefreshFrameAsync() in C:/projects/flow-launcher/Flow.Launcher.Core/Resource/Theme.cs:line 638

20:59:10.9752+07:00 - ERROR - ErrorReporting.TaskSchedulerUnobservedTaskException - Unobserved task exception occurred.
EXCEPTION OCCURS: System.InvalidCastException: Unable to cast object of type 'System.Windows.Media.Color' to type 'System.Windows.Expression'.
   at void System.Windows.Freezable.CloneCoreCommon(Freezable sourceFreezable, bool useCurrentValue, bool cloneFrozenValues)
   at Freezable System.Windows.Freezable.Clone()
   at object System.Windows.StyleHelper.GetInstanceValue(UncommonField<HybridDictionary[]> dataField, DependencyObject container, FrameworkElement feChild, FrameworkContentElement fceChild, int childIndex, DependencyProperty dp, int i, ref EffectiveValueEntry entry)
   at object System.Windows.StyleHelper.GetChildValueHelper(UncommonField<HybridDictionary[]> dataField, ref ItemStructList<ChildValueLookup> valueLookupList, DependencyProperty dp, DependencyObject container, FrameworkObject child, int childIndex, bool styleLookup, ref EffectiveValueEntry entry, out ValueLookupType sourceType, FrameworkElementFactory templateRoot)
   at object System.Windows.StyleHelper.GetChildValue(UncommonField<HybridDictionary[]> dataField, DependencyObject container, int childIndex, FrameworkObject child, DependencyProperty dp, ref FrugalStructList<ChildRecord> childRecordFromChildIndex, ref EffectiveValueEntry entry, out ValueLookupType sourceType, FrameworkElementFactory templateRoot)
   at bool System.Windows.StyleHelper.GetValueFromStyleOrTemplate(FrameworkObject fo, DependencyProperty dp, ref EffectiveValueEntry entry)
   at void System.Windows.FrameworkElement.GetRawValue(DependencyProperty dp, PropertyMetadata metadata, ref EffectiveValueEntry entry)
   at void System.Windows.FrameworkElement.EvaluateBaseValueCore(DependencyProperty dp, PropertyMetadata metadata, ref EffectiveValueEntry newEntry)
   at EffectiveValueEntry System.Windows.DependencyObject.EvaluateEffectiveValue(EntryIndex entryIndex, DependencyProperty dp, PropertyMetadata metadata, EffectiveValueEntry oldEntry, EffectiveValueEntry newEntry, OperationType operationType)
   at UpdateResult System.Windows.DependencyObject.UpdateEffectiveValue(EntryIndex entryIndex, DependencyProperty dp, PropertyMetadata metadata, EffectiveValueEntry oldEntry, ref EffectiveValueEntry newEntry, bool coerceWithDeferredReference, bool coerceWithCurrentValue, OperationType operationType)
   at void System.Windows.DependencyObject.InvalidateProperty(DependencyProperty dp, bool preserveCurrentValue)
   at void System.Windows.StyleHelper.InvalidateContainerDependents(DependencyObject container, ref FrugalStructList<ContainerDependent> exclusionContainerDependents, ref FrugalStructList<ContainerDependent> oldContainerDependents, ref FrugalStructList<ContainerDependent> newContainerDependents)
   at void System.Windows.StyleHelper.DoStyleInvalidations(FrameworkElement fe, FrameworkContentElement fce, Style oldStyle, Style newStyle)
   at void System.Windows.FrameworkElement.OnStyleChanged(DependencyObject d, DependencyPropertyChangedEventArgs e)
   at void System.Windows.FrameworkElement.OnPropertyChanged(DependencyPropertyChangedEventArgs e)
   at void System.Windows.DependencyObject.NotifyPropertyChange(DependencyPropertyChangedEventArgs args)
   at UpdateResult System.Windows.DependencyObject.UpdateEffectiveValue(EntryIndex entryIndex, DependencyProperty dp, PropertyMetadata metadata, EffectiveValueEntry oldEntry, ref EffectiveValueEntry newEntry, bool coerceWithDeferredReference, bool coerceWithCurrentValue, OperationType operationType)
   at void System.Windows.ResourceReferenceExpression.InvalidateExpressionValue(object sender, EventArgs e)
   at void System.Windows.TreeWalkHelper.InvalidateResourceReferences(DependencyObject d, ResourcesChangeInfo info)
   at void System.Windows.TreeWalkHelper.OnResourcesChanged(DependencyObject d, ResourcesChangeInfo info, bool raiseResourceChangedEvent)
   at bool System.Windows.TreeWalkHelper.OnResourcesChangedCallback(DependencyObject d, ResourcesChangeInfo info, bool visitedViaVisualTree)
   at void System.Windows.DescendentsWalker<T>.WalkLogicalChildren(FrameworkElement feParent, FrameworkContentElement fceParent, IEnumerator logicalChildren)
   at void System.Windows.DescendentsWalker<T>.WalkFrameworkElementLogicalThenVisualChildren(FrameworkElement feParent, bool hasLogicalChildren)
   at void System.Windows.DescendentsWalker<T>.IterateChildren(DependencyObject d)
   at void System.Windows.DescendentsWalker<T>.WalkLogicalChildren(FrameworkElement feParent, FrameworkContentElement fceParent, IEnumerator logicalChildren)
   at void System.Windows.DescendentsWalker<T>.WalkFrameworkElementLogicalThenVisualChildren(FrameworkElement feParent, bool hasLogicalChildren)
   at void System.Windows.DescendentsWalker<T>.IterateChildren(DependencyObject d)
   at void System.Windows.DescendentsWalker<T>.WalkLogicalChildren(FrameworkElement feParent, FrameworkContentElement fceParent, IEnumerator logicalChildren)
   at void System.Windows.DescendentsWalker<T>.WalkFrameworkElementLogicalThenVisualChildren(FrameworkElement feParent, bool hasLogicalChildren)
   at void System.Windows.DescendentsWalker<T>.IterateChildren(DependencyObject d)
   at void System.Windows.DescendentsWalker<T>.WalkLogicalChildren(FrameworkElement feParent, FrameworkContentElement fceParent, IEnumerator logicalChildren)
   at void System.Windows.DescendentsWalker<T>.WalkFrameworkElementLogicalThenVisualChildren(FrameworkElement feParent, bool hasLogicalChildren)
   at void System.Windows.DescendentsWalker<T>.IterateChildren(DependencyObject d)
   at void System.Windows.DescendentsWalker<T>.StartWalk(DependencyObject startNode, bool skipStartNode)
   at void System.Windows.TreeWalkHelper.InvalidateOnResourcesChange(FrameworkElement fe, FrameworkContentElement fce, ResourcesChangeInfo info)
   at void System.Windows.Application.InvalidateResourceReferenceOnWindowCollection(WindowCollection wc, ResourcesChangeInfo info)
   at void System.Windows.Application.InvalidateResourceReferences(ResourcesChangeInfo info)
   at void System.Windows.ResourceDictionary.NotifyOwners(ResourcesChangeInfo info)
   at void System.Windows.ResourceDictionary.OnMergedDictionariesChanged(object sender, NotifyCollectionChangedEventArgs e)
   at void System.Collections.ObjectModel.ObservableCollection<T>.OnCollectionChanged(NotifyCollectionChangedEventArgs e)
   at void Flow.Launcher.Core.Resource.Theme.UpdateResourceDictionary(ResourceDictionary dictionaryToUpdate) in C:/projects/flow-launcher/Flow.Launcher.Core/Resource/Theme.cs:line 106
   at void Flow.Launcher.Core.Resource.Theme.SetBlurForWindow(string theme, BackdropTypes backdropType) in C:/projects/flow-launcher/Flow.Launcher.Core/Resource/Theme.cs:line 743
   at Task Flow.Launcher.Core.Resource.Theme.RefreshFrameAsync()+() => { } in C:/projects/flow-launcher/Flow.Launcher.Core/Resource/Theme.cs:line 643
   at object System.Windows.Threading.DispatcherOperation.InvokeDelegateCore()
   at void System.Windows.Threading.DispatcherOperation.InvokeImpl()
   at async Task Flow.Launcher.Core.Resource.Theme.RefreshFrameAsync() in C:/projects/flow-launcher/Flow.Launcher.Core/Resource/Theme.cs:line 638

20:59:10.9752+07:00 - ERROR - ErrorReporting.TaskSchedulerUnobservedTaskException - Unobserved task exception occurred.
EXCEPTION OCCURS: System.InvalidCastException: Unable to cast object of type 'System.Windows.Media.Color' to type 'System.Windows.Expression'.
   at void System.Windows.Freezable.CloneCoreCommon(Freezable sourceFreezable, bool useCurrentValue, bool cloneFrozenValues)
   at Freezable System.Windows.Freezable.Clone()
   at object System.Windows.StyleHelper.GetInstanceValue(UncommonField<HybridDictionary[]> dataField, DependencyObject container, FrameworkElement feChild, FrameworkContentElement fceChild, int childIndex, DependencyProperty dp, int i, ref EffectiveValueEntry entry)
   at object System.Windows.StyleHelper.GetChildValueHelper(UncommonField<HybridDictionary[]> dataField, ref ItemStructList<ChildValueLookup> valueLookupList, DependencyProperty dp, DependencyObject container, FrameworkObject child, int childIndex, bool styleLookup, ref EffectiveValueEntry entry, out ValueLookupType sourceType, FrameworkElementFactory templateRoot)
   at object System.Windows.StyleHelper.GetChildValue(UncommonField<HybridDictionary[]> dataField, DependencyObject container, int childIndex, FrameworkObject child, DependencyProperty dp, ref FrugalStructList<ChildRecord> childRecordFromChildIndex, ref EffectiveValueEntry entry, out ValueLookupType sourceType, FrameworkElementFactory templateRoot)
   at bool System.Windows.StyleHelper.GetValueFromStyleOrTemplate(FrameworkObject fo, DependencyProperty dp, ref EffectiveValueEntry entry)
   at void System.Windows.FrameworkElement.GetRawValue(DependencyProperty dp, PropertyMetadata metadata, ref EffectiveValueEntry entry)
   at void System.Windows.FrameworkElement.EvaluateBaseValueCore(DependencyProperty dp, PropertyMetadata metadata, ref EffectiveValueEntry newEntry)
   at EffectiveValueEntry System.Windows.DependencyObject.EvaluateEffectiveValue(EntryIndex entryIndex, DependencyProperty dp, PropertyMetadata metadata, EffectiveValueEntry oldEntry, EffectiveValueEntry newEntry, OperationType operationType)
   at UpdateResult System.Windows.DependencyObject.UpdateEffectiveValue(EntryIndex entryIndex, DependencyProperty dp, PropertyMetadata metadata, EffectiveValueEntry oldEntry, ref EffectiveValueEntry newEntry, bool coerceWithDeferredReference, bool coerceWithCurrentValue, OperationType operationType)
   at void System.Windows.DependencyObject.InvalidateProperty(DependencyProperty dp, bool preserveCurrentValue)
   at void System.Windows.StyleHelper.InvalidateContainerDependents(DependencyObject container, ref FrugalStructList<ContainerDependent> exclusionContainerDependents, ref FrugalStructList<ContainerDependent> oldContainerDependents, ref FrugalStructList<ContainerDependent> newContainerDependents)
   at void System.Windows.StyleHelper.DoStyleInvalidations(FrameworkElement fe, FrameworkContentElement fce, Style oldStyle, Style newStyle)
   at void System.Windows.FrameworkElement.OnStyleChanged(DependencyObject d, DependencyPropertyChangedEventArgs e)
   at void System.Windows.FrameworkElement.OnPropertyChanged(DependencyPropertyChangedEventArgs e)
   at void System.Windows.DependencyObject.NotifyPropertyChange(DependencyPropertyChangedEventArgs args)
   at UpdateResult System.Windows.DependencyObject.UpdateEffectiveValue(EntryIndex entryIndex, DependencyProperty dp, PropertyMetadata metadata, EffectiveValueEntry oldEntry, ref EffectiveValueEntry newEntry, bool coerceWithDeferredReference, bool coerceWithCurrentValue, OperationType operationType)
   at void System.Windows.ResourceReferenceExpression.InvalidateExpressionValue(object sender, EventArgs e)
   at void System.Windows.TreeWalkHelper.InvalidateResourceReferences(DependencyObject d, ResourcesChangeInfo info)
   at void System.Windows.TreeWalkHelper.OnResourcesChanged(DependencyObject d, ResourcesChangeInfo info, bool raiseResourceChangedEvent)
   at bool System.Windows.TreeWalkHelper.OnResourcesChangedCallback(DependencyObject d, ResourcesChangeInfo info, bool visitedViaVisualTree)
   at void System.Windows.DescendentsWalker<T>.WalkLogicalChildren(FrameworkElement feParent, FrameworkContentElement fceParent, IEnumerator logicalChildren)
   at void System.Windows.DescendentsWalker<T>.WalkFrameworkElementLogicalThenVisualChildren(FrameworkElement feParent, bool hasLogicalChildren)
   at void System.Windows.DescendentsWalker<T>.IterateChildren(DependencyObject d)
   at void System.Windows.DescendentsWalker<T>.WalkLogicalChildren(FrameworkElement feParent, FrameworkContentElement fceParent, IEnumerator logicalChildren)
   at void System.Windows.DescendentsWalker<T>.WalkFrameworkElementLogicalThenVisualChildren(FrameworkElement feParent, bool hasLogicalChildren)
   at void System.Windows.DescendentsWalker<T>.IterateChildren(DependencyObject d)
   at void System.Windows.DescendentsWalker<T>.WalkLogicalChildren(FrameworkElement feParent, FrameworkContentElement fceParent, IEnumerator logicalChildren)
   at void System.Windows.DescendentsWalker<T>.WalkFrameworkElementLogicalThenVisualChildren(FrameworkElement feParent, bool hasLogicalChildren)
   at void System.Windows.DescendentsWalker<T>.IterateChildren(DependencyObject d)
   at void System.Windows.DescendentsWalker<T>.WalkLogicalChildren(FrameworkElement feParent, FrameworkContentElement fceParent, IEnumerator logicalChildren)
   at void System.Windows.DescendentsWalker<T>.WalkFrameworkElementLogicalThenVisualChildren(FrameworkElement feParent, bool hasLogicalChildren)
   at void System.Windows.DescendentsWalker<T>.IterateChildren(DependencyObject d)
   at void System.Windows.DescendentsWalker<T>.StartWalk(DependencyObject startNode, bool skipStartNode)
   at void System.Windows.TreeWalkHelper.InvalidateOnResourcesChange(FrameworkElement fe, FrameworkContentElement fce, ResourcesChangeInfo info)
   at void System.Windows.Application.InvalidateResourceReferenceOnWindowCollection(WindowCollection wc, ResourcesChangeInfo info)
   at void System.Windows.Application.InvalidateResourceReferences(ResourcesChangeInfo info)
   at void System.Windows.ResourceDictionary.NotifyOwners(ResourcesChangeInfo info)
   at void System.Windows.ResourceDictionary.OnMergedDictionariesChanged(object sender, NotifyCollectionChangedEventArgs e)
   at void System.Collections.ObjectModel.ObservableCollection<T>.OnCollectionChanged(NotifyCollectionChangedEventArgs e)
   at void Flow.Launcher.Core.Resource.Theme.UpdateResourceDictionary(ResourceDictionary dictionaryToUpdate) in C:/projects/flow-launcher/Flow.Launcher.Core/Resource/Theme.cs:line 106
   at void Flow.Launcher.Core.Resource.Theme.SetBlurForWindow(string theme, BackdropTypes backdropType) in C:/projects/flow-launcher/Flow.Launcher.Core/Resource/Theme.cs:line 743
   at Task Flow.Launcher.Core.Resource.Theme.RefreshFrameAsync()+() => { } in C:/projects/flow-launcher/Flow.Launcher.Core/Resource/Theme.cs:line 643
   at object System.Windows.Threading.DispatcherOperation.InvokeDelegateCore()
   at void System.Windows.Threading.DispatcherOperation.InvokeImpl()
   at async Task Flow.Launcher.Core.Resource.Theme.RefreshFrameAsync() in C:/projects/flow-launcher/Flow.Launcher.Core/Resource/Theme.cs:line 638

20:59:13.4297+07:00 - ERROR -  - ------------- BEGIN Flow.Launcher.Plugin.Program exception -------------
20:59:13.4297+07:00 - ERROR -  - 
Exception full name: System.Runtime.InteropServices.COMException
Error status: UNKNOWN
Class name: ShellLinkReader
Calling method: retrieveDescription
Program path: C:\Users\Tateisukan\AppData\Roaming\Microsoft\Windows\Start Menu\Programs\System Tools\computer.lnk
InnerException number: 1
Exception message: Unexpected HRESULT has been returned from a call to a COM component.
Exception error type: HResult -2147467259
Exception thrown in called method: Void GetDescription(Windows.Win32.Foundation.PWSTR, Int32)
Possible interpretation of the error: Error caused likely due to trying to get the description of the program
Possible resolution: Not yet known
20:59:13.4297+07:00 - ERROR -  - ------------- END Flow.Launcher.Plugin.Program exception -------------
20:59:13.4382+07:00 - ERROR -  - ------------- BEGIN Flow.Launcher.Plugin.Program exception -------------
20:59:13.4382+07:00 - ERROR -  - 
Exception full name: System.Runtime.InteropServices.COMException
Error status: UNKNOWN
Class name: ShellLinkReader
Calling method: retrieveDescription
Program path: C:\Users\Tateisukan\AppData\Roaming\Microsoft\Windows\Start Menu\Programs\System Tools\Control Panel.lnk
InnerException number: 1
Exception message: Unexpected HRESULT has been returned from a call to a COM component.
Exception error type: HResult -2147467259
Exception thrown in called method: Void GetDescription(Windows.Win32.Foundation.PWSTR, Int32)
Possible interpretation of the error: Error caused likely due to trying to get the description of the program
Possible resolution: Not yet known
20:59:13.4382+07:00 - ERROR -  - ------------- END Flow.Launcher.Plugin.Program exception -------------
20:59:13.4597+07:00 - ERROR -  - ------------- BEGIN Flow.Launcher.Plugin.Program exception -------------
20:59:13.4597+07:00 - ERROR -  - 
Exception full name: System.Runtime.InteropServices.COMException
Error status: UNKNOWN
Class name: ShellLinkReader
Calling method: retrieveDescription
Program path: C:\Users\Tateisukan\AppData\Roaming\Microsoft\Windows\Start Menu\Programs\System Tools\Run.lnk
InnerException number: 1
Exception message: Unexpected HRESULT has been returned from a call to a COM component.
Exception error type: HResult -2147467259
Exception thrown in called method: Void GetDescription(Windows.Win32.Foundation.PWSTR, Int32)
Possible interpretation of the error: Error caused likely due to trying to get the description of the program
Possible resolution: Not yet known
20:59:13.4597+07:00 - ERROR -  - ------------- END Flow.Launcher.Plugin.Program exception -------------
20:59:13.5660+07:00 - ERROR -  - ------------- BEGIN Flow.Launcher.Plugin.Program exception -------------
20:59:13.5660+07:00 - ERROR -  - 
Exception full name: System.Runtime.InteropServices.COMException
Error status: UNKNOWN
Class name: ShellLinkReader
Calling method: retrieveDescription
Program path: C:\ProgramData\Microsoft\Windows\Start Menu\Programs\Accessories\Windows Media Player.lnk
InnerException number: 1
Exception message: Unexpected HRESULT has been returned from a call to a COM component.
Exception error type: HResult -2147467259
Exception thrown in called method: Void GetDescription(Windows.Win32.Foundation.PWSTR, Int32)
Possible interpretation of the error: Error caused likely due to trying to get the description of the program
Possible resolution: Not yet known
20:59:13.5660+07:00 - ERROR -  - ------------- END Flow.Launcher.Plugin.Program exception -------------
20:59:13.5660+07:00 - INFO  - Main.IndexProgramsAsync - UWPProgram index cost <329ms>
20:59:13.6945+07:00 - INFO  - Main.IndexProgramsAsync - Win32Program index cost <456ms>
20:59:16.1475+07:00 - ERROR - ErrorReporting.TaskSchedulerUnobservedTaskException - Unobserved task exception occurred.
EXCEPTION OCCURS: System.InvalidCastException: Unable to cast object of type 'System.Windows.Media.Color' to type 'System.Windows.Expression'.
   at void System.Windows.Freezable.CloneCoreCommon(Freezable sourceFreezable, bool useCurrentValue, bool cloneFrozenValues)
   at Freezable System.Windows.Freezable.Clone()
   at object System.Windows.StyleHelper.GetInstanceValue(UncommonField<HybridDictionary[]> dataField, DependencyObject container, FrameworkElement feChild, FrameworkContentElement fceChild, int childIndex, DependencyProperty dp, int i, ref EffectiveValueEntry entry)
   at object System.Windows.StyleHelper.GetChildValueHelper(UncommonField<HybridDictionary[]> dataField, ref ItemStructList<ChildValueLookup> valueLookupList, DependencyProperty dp, DependencyObject container, FrameworkObject child, int childIndex, bool styleLookup, ref EffectiveValueEntry entry, out ValueLookupType sourceType, FrameworkElementFactory templateRoot)
   at object System.Windows.StyleHelper.GetChildValue(UncommonField<HybridDictionary[]> dataField, DependencyObject container, int childIndex, FrameworkObject child, DependencyProperty dp, ref FrugalStructList<ChildRecord> childRecordFromChildIndex, ref EffectiveValueEntry entry, out ValueLookupType sourceType, FrameworkElementFactory templateRoot)
   at bool System.Windows.StyleHelper.GetValueFromStyleOrTemplate(FrameworkObject fo, DependencyProperty dp, ref EffectiveValueEntry entry)
   at void System.Windows.FrameworkElement.GetRawValue(DependencyProperty dp, PropertyMetadata metadata, ref EffectiveValueEntry entry)
   at void System.Windows.FrameworkElement.EvaluateBaseValueCore(DependencyProperty dp, PropertyMetadata metadata, ref EffectiveValueEntry newEntry)
   at EffectiveValueEntry System.Windows.DependencyObject.EvaluateEffectiveValue(EntryIndex entryIndex, DependencyProperty dp, PropertyMetadata metadata, EffectiveValueEntry oldEntry, EffectiveValueEntry newEntry, OperationType operationType)
   at UpdateResult System.Windows.DependencyObject.UpdateEffectiveValue(EntryIndex entryIndex, DependencyProperty dp, PropertyMetadata metadata, EffectiveValueEntry oldEntry, ref EffectiveValueEntry newEntry, bool coerceWithDeferredReference, bool coerceWithCurrentValue, OperationType operationType)
   at void System.Windows.DependencyObject.InvalidateProperty(DependencyProperty dp, bool preserveCurrentValue)
   at void System.Windows.StyleHelper.InvalidateContainerDependents(DependencyObject container, ref FrugalStructList<ContainerDependent> exclusionContainerDependents, ref FrugalStructList<ContainerDependent> oldContainerDependents, ref FrugalStructList<ContainerDependent> newContainerDependents)
   at void System.Windows.StyleHelper.DoStyleInvalidations(FrameworkElement fe, FrameworkContentElement fce, Style oldStyle, Style newStyle)
   at void System.Windows.FrameworkElement.OnStyleChanged(DependencyObject d, DependencyPropertyChangedEventArgs e)
   at void System.Windows.FrameworkElement.OnPropertyChanged(DependencyPropertyChangedEventArgs e)
   at void System.Windows.DependencyObject.NotifyPropertyChange(DependencyPropertyChangedEventArgs args)
   at UpdateResult System.Windows.DependencyObject.UpdateEffectiveValue(EntryIndex entryIndex, DependencyProperty dp, PropertyMetadata metadata, EffectiveValueEntry oldEntry, ref EffectiveValueEntry newEntry, bool coerceWithDeferredReference, bool coerceWithCurrentValue, OperationType operationType)
   at void System.Windows.ResourceReferenceExpression.InvalidateExpressionValue(object sender, EventArgs e)
   at void System.Windows.TreeWalkHelper.InvalidateResourceReferences(DependencyObject d, ResourcesChangeInfo info)
   at void System.Windows.TreeWalkHelper.OnResourcesChanged(DependencyObject d, ResourcesChangeInfo info, bool raiseResourceChangedEvent)
   at bool System.Windows.TreeWalkHelper.OnResourcesChangedCallback(DependencyObject d, ResourcesChangeInfo info, bool visitedViaVisualTree)
   at void System.Windows.DescendentsWalker<T>.WalkLogicalChildren(FrameworkElement feParent, FrameworkContentElement fceParent, IEnumerator logicalChildren)
   at void System.Windows.DescendentsWalker<T>.WalkFrameworkElementLogicalThenVisualChildren(FrameworkElement feParent, bool hasLogicalChildren)
   at void System.Windows.DescendentsWalker<T>.IterateChildren(DependencyObject d)
   at void System.Windows.DescendentsWalker<T>.WalkLogicalChildren(FrameworkElement feParent, FrameworkContentElement fceParent, IEnumerator logicalChildren)
   at void System.Windows.DescendentsWalker<T>.WalkFrameworkElementLogicalThenVisualChildren(FrameworkElement feParent, bool hasLogicalChildren)
   at void System.Windows.DescendentsWalker<T>.IterateChildren(DependencyObject d)
   at void System.Windows.DescendentsWalker<T>.WalkLogicalChildren(FrameworkElement feParent, FrameworkContentElement fceParent, IEnumerator logicalChildren)
   at void System.Windows.DescendentsWalker<T>.WalkFrameworkElementLogicalThenVisualChildren(FrameworkElement feParent, bool hasLogicalChildren)
   at void System.Windows.DescendentsWalker<T>.IterateChildren(DependencyObject d)
   at void System.Windows.DescendentsWalker<T>.WalkLogicalChildren(FrameworkElement feParent, FrameworkContentElement fceParent, IEnumerator logicalChildren)
   at void System.Windows.DescendentsWalker<T>.WalkFrameworkElementLogicalThenVisualChildren(FrameworkElement feParent, bool hasLogicalChildren)
   at void System.Windows.DescendentsWalker<T>.IterateChildren(DependencyObject d)
   at void System.Windows.DescendentsWalker<T>.StartWalk(DependencyObject startNode, bool skipStartNode)
   at void System.Windows.TreeWalkHelper.InvalidateOnResourcesChange(FrameworkElement fe, FrameworkContentElement fce, ResourcesChangeInfo info)
   at void System.Windows.Application.InvalidateResourceReferenceOnWindowCollection(WindowCollection wc, ResourcesChangeInfo info)
   at void System.Windows.Application.InvalidateResourceReferences(ResourcesChangeInfo info)
   at void System.Windows.ResourceDictionary.NotifyOwners(ResourcesChangeInfo info)
   at void System.Windows.ResourceDictionary.OnMergedDictionariesChanged(object sender, NotifyCollectionChangedEventArgs e)
   at void System.Collections.ObjectModel.ObservableCollection<T>.OnCollectionChanged(NotifyCollectionChangedEventArgs e)
   at void Flow.Launcher.Core.Resource.Theme.UpdateResourceDictionary(ResourceDictionary dictionaryToUpdate) in C:/projects/flow-launcher/Flow.Launcher.Core/Resource/Theme.cs:line 106
   at void Flow.Launcher.Core.Resource.Theme.SetBlurForWindow(string theme, BackdropTypes backdropType) in C:/projects/flow-launcher/Flow.Launcher.Core/Resource/Theme.cs:line 743
   at Task Flow.Launcher.Core.Resource.Theme.RefreshFrameAsync()+() => { } in C:/projects/flow-launcher/Flow.Launcher.Core/Resource/Theme.cs:line 643
   at object System.Windows.Threading.DispatcherOperation.InvokeDelegateCore()
   at void System.Windows.Threading.DispatcherOperation.InvokeImpl()
   at async Task Flow.Launcher.Core.Resource.Theme.RefreshFrameAsync() in C:/projects/flow-launcher/Flow.Launcher.Core/Resource/Theme.cs:line 638

20:59:16.1475+07:00 - ERROR - ErrorReporting.TaskSchedulerUnobservedTaskException - Unobserved task exception occurred.
EXCEPTION OCCURS: System.InvalidCastException: Unable to cast object of type 'System.Windows.Media.Color' to type 'System.Windows.Expression'.
   at void System.Windows.Freezable.CloneCoreCommon(Freezable sourceFreezable, bool useCurrentValue, bool cloneFrozenValues)
   at Freezable System.Windows.Freezable.Clone()
   at object System.Windows.StyleHelper.GetInstanceValue(UncommonField<HybridDictionary[]> dataField, DependencyObject container, FrameworkElement feChild, FrameworkContentElement fceChild, int childIndex, DependencyProperty dp, int i, ref EffectiveValueEntry entry)
   at object System.Windows.StyleHelper.GetChildValueHelper(UncommonField<HybridDictionary[]> dataField, ref ItemStructList<ChildValueLookup> valueLookupList, DependencyProperty dp, DependencyObject container, FrameworkObject child, int childIndex, bool styleLookup, ref EffectiveValueEntry entry, out ValueLookupType sourceType, FrameworkElementFactory templateRoot)
   at object System.Windows.StyleHelper.GetChildValue(UncommonField<HybridDictionary[]> dataField, DependencyObject container, int childIndex, FrameworkObject child, DependencyProperty dp, ref FrugalStructList<ChildRecord> childRecordFromChildIndex, ref EffectiveValueEntry entry, out ValueLookupType sourceType, FrameworkElementFactory templateRoot)
   at bool System.Windows.StyleHelper.GetValueFromStyleOrTemplate(FrameworkObject fo, DependencyProperty dp, ref EffectiveValueEntry entry)
   at void System.Windows.FrameworkElement.GetRawValue(DependencyProperty dp, PropertyMetadata metadata, ref EffectiveValueEntry entry)
   at void System.Windows.FrameworkElement.EvaluateBaseValueCore(DependencyProperty dp, PropertyMetadata metadata, ref EffectiveValueEntry newEntry)
   at EffectiveValueEntry System.Windows.DependencyObject.EvaluateEffectiveValue(EntryIndex entryIndex, DependencyProperty dp, PropertyMetadata metadata, EffectiveValueEntry oldEntry, EffectiveValueEntry newEntry, OperationType operationType)
   at UpdateResult System.Windows.DependencyObject.UpdateEffectiveValue(EntryIndex entryIndex, DependencyProperty dp, PropertyMetadata metadata, EffectiveValueEntry oldEntry, ref EffectiveValueEntry newEntry, bool coerceWithDeferredReference, bool coerceWithCurrentValue, OperationType operationType)
   at void System.Windows.DependencyObject.InvalidateProperty(DependencyProperty dp, bool preserveCurrentValue)
   at void System.Windows.StyleHelper.InvalidateContainerDependents(DependencyObject container, ref FrugalStructList<ContainerDependent> exclusionContainerDependents, ref FrugalStructList<ContainerDependent> oldContainerDependents, ref FrugalStructList<ContainerDependent> newContainerDependents)
   at void System.Windows.StyleHelper.DoStyleInvalidations(FrameworkElement fe, FrameworkContentElement fce, Style oldStyle, Style newStyle)
   at void System.Windows.FrameworkElement.OnStyleChanged(DependencyObject d, DependencyPropertyChangedEventArgs e)
   at void System.Windows.FrameworkElement.OnPropertyChanged(DependencyPropertyChangedEventArgs e)
   at void System.Windows.DependencyObject.NotifyPropertyChange(DependencyPropertyChangedEventArgs args)
   at UpdateResult System.Windows.DependencyObject.UpdateEffectiveValue(EntryIndex entryIndex, DependencyProperty dp, PropertyMetadata metadata, EffectiveValueEntry oldEntry, ref EffectiveValueEntry newEntry, bool coerceWithDeferredReference, bool coerceWithCurrentValue, OperationType operationType)
   at void System.Windows.ResourceReferenceExpression.InvalidateExpressionValue(object sender, EventArgs e)
   at void System.Windows.TreeWalkHelper.InvalidateResourceReferences(DependencyObject d, ResourcesChangeInfo info)
   at void System.Windows.TreeWalkHelper.OnResourcesChanged(DependencyObject d, ResourcesChangeInfo info, bool raiseResourceChangedEvent)
   at bool System.Windows.TreeWalkHelper.OnResourcesChangedCallback(DependencyObject d, ResourcesChangeInfo info, bool visitedViaVisualTree)
   at void System.Windows.DescendentsWalker<T>.WalkLogicalChildren(FrameworkElement feParent, FrameworkContentElement fceParent, IEnumerator logicalChildren)
   at void System.Windows.DescendentsWalker<T>.WalkFrameworkElementLogicalThenVisualChildren(FrameworkElement feParent, bool hasLogicalChildren)
   at void System.Windows.DescendentsWalker<T>.IterateChildren(DependencyObject d)
   at void System.Windows.DescendentsWalker<T>.WalkLogicalChildren(FrameworkElement feParent, FrameworkContentElement fceParent, IEnumerator logicalChildren)
   at void System.Windows.DescendentsWalker<T>.WalkFrameworkElementLogicalThenVisualChildren(FrameworkElement feParent, bool hasLogicalChildren)
   at void System.Windows.DescendentsWalker<T>.IterateChildren(DependencyObject d)
   at void System.Windows.DescendentsWalker<T>.WalkLogicalChildren(FrameworkElement feParent, FrameworkContentElement fceParent, IEnumerator logicalChildren)
   at void System.Windows.DescendentsWalker<T>.WalkFrameworkElementLogicalThenVisualChildren(FrameworkElement feParent, bool hasLogicalChildren)
   at void System.Windows.DescendentsWalker<T>.IterateChildren(DependencyObject d)
   at void System.Windows.DescendentsWalker<T>.WalkLogicalChildren(FrameworkElement feParent, FrameworkContentElement fceParent, IEnumerator logicalChildren)
   at void System.Windows.DescendentsWalker<T>.WalkFrameworkElementLogicalThenVisualChildren(FrameworkElement feParent, bool hasLogicalChildren)
   at void System.Windows.DescendentsWalker<T>.IterateChildren(DependencyObject d)
   at void System.Windows.DescendentsWalker<T>.StartWalk(DependencyObject startNode, bool skipStartNode)
   at void System.Windows.TreeWalkHelper.InvalidateOnResourcesChange(FrameworkElement fe, FrameworkContentElement fce, ResourcesChangeInfo info)
   at void System.Windows.Application.InvalidateResourceReferenceOnWindowCollection(WindowCollection wc, ResourcesChangeInfo info)
   at void System.Windows.Application.InvalidateResourceReferences(ResourcesChangeInfo info)
   at void System.Windows.ResourceDictionary.NotifyOwners(ResourcesChangeInfo info)
   at void System.Windows.ResourceDictionary.OnMergedDictionariesChanged(object sender, NotifyCollectionChangedEventArgs e)
   at void System.Collections.ObjectModel.ObservableCollection<T>.OnCollectionChanged(NotifyCollectionChangedEventArgs e)
   at void Flow.Launcher.Core.Resource.Theme.UpdateResourceDictionary(ResourceDictionary dictionaryToUpdate) in C:/projects/flow-launcher/Flow.Launcher.Core/Resource/Theme.cs:line 106
   at void Flow.Launcher.Core.Resource.Theme.SetBlurForWindow(string theme, BackdropTypes backdropType) in C:/projects/flow-launcher/Flow.Launcher.Core/Resource/Theme.cs:line 743
   at Task Flow.Launcher.Core.Resource.Theme.RefreshFrameAsync()+() => { } in C:/projects/flow-launcher/Flow.Launcher.Core/Resource/Theme.cs:line 643
   at object System.Windows.Threading.DispatcherOperation.InvokeDelegateCore()
   at void System.Windows.Threading.DispatcherOperation.InvokeImpl()
   at async Task Flow.Launcher.Core.Resource.Theme.RefreshFrameAsync() in C:/projects/flow-launcher/Flow.Launcher.Core/Resource/Theme.cs:line 638

20:59:16.1568+07:00 - ERROR - ErrorReporting.TaskSchedulerUnobservedTaskException - Unobserved task exception occurred.
EXCEPTION OCCURS: System.InvalidCastException: Unable to cast object of type 'System.Windows.Media.Color' to type 'System.Windows.Expression'.
   at void System.Windows.Freezable.CloneCoreCommon(Freezable sourceFreezable, bool useCurrentValue, bool cloneFrozenValues)
   at Freezable System.Windows.Freezable.Clone()
   at object System.Windows.StyleHelper.GetInstanceValue(UncommonField<HybridDictionary[]> dataField, DependencyObject container, FrameworkElement feChild, FrameworkContentElement fceChild, int childIndex, DependencyProperty dp, int i, ref EffectiveValueEntry entry)
   at object System.Windows.StyleHelper.GetChildValueHelper(UncommonField<HybridDictionary[]> dataField, ref ItemStructList<ChildValueLookup> valueLookupList, DependencyProperty dp, DependencyObject container, FrameworkObject child, int childIndex, bool styleLookup, ref EffectiveValueEntry entry, out ValueLookupType sourceType, FrameworkElementFactory templateRoot)
   at object System.Windows.StyleHelper.GetChildValue(UncommonField<HybridDictionary[]> dataField, DependencyObject container, int childIndex, FrameworkObject child, DependencyProperty dp, ref FrugalStructList<ChildRecord> childRecordFromChildIndex, ref EffectiveValueEntry entry, out ValueLookupType sourceType, FrameworkElementFactory templateRoot)
   at bool System.Windows.StyleHelper.GetValueFromStyleOrTemplate(FrameworkObject fo, DependencyProperty dp, ref EffectiveValueEntry entry)
   at void System.Windows.FrameworkElement.GetRawValue(DependencyProperty dp, PropertyMetadata metadata, ref EffectiveValueEntry entry)
   at void System.Windows.FrameworkElement.EvaluateBaseValueCore(DependencyProperty dp, PropertyMetadata metadata, ref EffectiveValueEntry newEntry)
   at EffectiveValueEntry System.Windows.DependencyObject.EvaluateEffectiveValue(EntryIndex entryIndex, DependencyProperty dp, PropertyMetadata metadata, EffectiveValueEntry oldEntry, EffectiveValueEntry newEntry, OperationType operationType)
   at UpdateResult System.Windows.DependencyObject.UpdateEffectiveValue(EntryIndex entryIndex, DependencyProperty dp, PropertyMetadata metadata, EffectiveValueEntry oldEntry, ref EffectiveValueEntry newEntry, bool coerceWithDeferredReference, bool coerceWithCurrentValue, OperationType operationType)
   at void System.Windows.DependencyObject.InvalidateProperty(DependencyProperty dp, bool preserveCurrentValue)
   at void System.Windows.StyleHelper.InvalidateContainerDependents(DependencyObject container, ref FrugalStructList<ContainerDependent> exclusionContainerDependents, ref FrugalStructList<ContainerDependent> oldContainerDependents, ref FrugalStructList<ContainerDependent> newContainerDependents)
   at void System.Windows.StyleHelper.DoStyleInvalidations(FrameworkElement fe, FrameworkContentElement fce, Style oldStyle, Style newStyle)
   at void System.Windows.FrameworkElement.OnStyleChanged(DependencyObject d, DependencyPropertyChangedEventArgs e)
   at void System.Windows.FrameworkElement.OnPropertyChanged(DependencyPropertyChangedEventArgs e)
   at void System.Windows.DependencyObject.NotifyPropertyChange(DependencyPropertyChangedEventArgs args)
   at UpdateResult System.Windows.DependencyObject.UpdateEffectiveValue(EntryIndex entryIndex, DependencyProperty dp, PropertyMetadata metadata, EffectiveValueEntry oldEntry, ref EffectiveValueEntry newEntry, bool coerceWithDeferredReference, bool coerceWithCurrentValue, OperationType operationType)
   at void System.Windows.ResourceReferenceExpression.InvalidateExpressionValue(object sender, EventArgs e)
   at void System.Windows.TreeWalkHelper.InvalidateResourceReferences(DependencyObject d, ResourcesChangeInfo info)
   at void System.Windows.TreeWalkHelper.OnResourcesChanged(DependencyObject d, ResourcesChangeInfo info, bool raiseResourceChangedEvent)
   at bool System.Windows.TreeWalkHelper.OnResourcesChangedCallback(DependencyObject d, ResourcesChangeInfo info, bool visitedViaVisualTree)
   at void System.Windows.DescendentsWalker<T>.WalkLogicalChildren(FrameworkElement feParent, FrameworkContentElement fceParent, IEnumerator logicalChildren)
   at void System.Windows.DescendentsWalker<T>.WalkFrameworkElementLogicalThenVisualChildren(FrameworkElement feParent, bool hasLogicalChildren)
   at void System.Windows.DescendentsWalker<T>.IterateChildren(DependencyObject d)
   at void System.Windows.DescendentsWalker<T>.WalkLogicalChildren(FrameworkElement feParent, FrameworkContentElement fceParent, IEnumerator logicalChildren)
   at void System.Windows.DescendentsWalker<T>.WalkFrameworkElementLogicalThenVisualChildren(FrameworkElement feParent, bool hasLogicalChildren)
   at void System.Windows.DescendentsWalker<T>.IterateChildren(DependencyObject d)
   at void System.Windows.DescendentsWalker<T>.WalkLogicalChildren(FrameworkElement feParent, FrameworkContentElement fceParent, IEnumerator logicalChildren)
   at void System.Windows.DescendentsWalker<T>.WalkFrameworkElementLogicalThenVisualChildren(FrameworkElement feParent, bool hasLogicalChildren)
   at void System.Windows.DescendentsWalker<T>.IterateChildren(DependencyObject d)
   at void System.Windows.DescendentsWalker<T>.WalkLogicalChildren(FrameworkElement feParent, FrameworkContentElement fceParent, IEnumerator logicalChildren)
   at void System.Windows.DescendentsWalker<T>.WalkFrameworkElementLogicalThenVisualChildren(FrameworkElement feParent, bool hasLogicalChildren)
   at void System.Windows.DescendentsWalker<T>.IterateChildren(DependencyObject d)
   at void System.Windows.DescendentsWalker<T>.StartWalk(DependencyObject startNode, bool skipStartNode)
   at void System.Windows.TreeWalkHelper.InvalidateOnResourcesChange(FrameworkElement fe, FrameworkContentElement fce, ResourcesChangeInfo info)
   at void System.Windows.Application.InvalidateResourceReferenceOnWindowCollection(WindowCollection wc, ResourcesChangeInfo info)
   at void System.Windows.Application.InvalidateResourceReferences(ResourcesChangeInfo info)
   at void System.Windows.ResourceDictionary.NotifyOwners(ResourcesChangeInfo info)
   at void System.Windows.ResourceDictionary.OnMergedDictionariesChanged(object sender, NotifyCollectionChangedEventArgs e)
   at void System.Collections.ObjectModel.ObservableCollection<T>.OnCollectionChanged(NotifyCollectionChangedEventArgs e)
   at void Flow.Launcher.Core.Resource.Theme.UpdateResourceDictionary(ResourceDictionary dictionaryToUpdate) in C:/projects/flow-launcher/Flow.Launcher.Core/Resource/Theme.cs:line 106
   at void Flow.Launcher.Core.Resource.Theme.SetBlurForWindow(string theme, BackdropTypes backdropType) in C:/projects/flow-launcher/Flow.Launcher.Core/Resource/Theme.cs:line 743
   at Task Flow.Launcher.Core.Resource.Theme.RefreshFrameAsync()+() => { } in C:/projects/flow-launcher/Flow.Launcher.Core/Resource/Theme.cs:line 643
   at object System.Windows.Threading.DispatcherOperation.InvokeDelegateCore()
   at void System.Windows.Threading.DispatcherOperation.InvokeImpl()
   at async Task Flow.Launcher.Core.Resource.Theme.RefreshFrameAsync() in C:/projects/flow-launcher/Flow.Launcher.Core/Resource/Theme.cs:line 638

20:59:21.1931+07:00 - INFO  - App.OnStartup - Begin Flow Launcher startup ----------------------------------------------------
20:59:21.1931+07:00 - INFO  - App.OnStartup - Runtime info:
Flow Launcher version: 2.1.3
OS Version: 19044.7663
IntPtr Length: 8
x64: True
20:59:21.2072+07:00 - INFO  - CommunityPluginSource.FetchAsync - Loading plugins from https://fastly.jsdelivr.net/gh/Flow-Launcher/Flow.Launcher.PluginsManifest@main/plugins.json
20:59:21.2310+07:00 - INFO  - CommunityPluginSource.FetchAsync - Loading plugins from https://gcore.jsdelivr.net/gh/Flow-Launcher/Flow.Launcher.PluginsManifest@main/plugins.json
20:59:21.2310+07:00 - INFO  - CommunityPluginSource.FetchAsync - Loading plugins from https://cdn.jsdelivr.net/gh/Flow-Launcher/Flow.Launcher.PluginsManifest@main/plugins.json
20:59:21.2310+07:00 - INFO  - CommunityPluginSource.FetchAsync - Loading plugins from https://raw.githubusercontent.com/Flow-Launcher/Flow.Launcher.PluginsManifest/main/plugins.json
20:59:22.1993+07:00 - INFO  - CommunityPluginSource.FetchAsync - Loaded 355 plugins from https://raw.githubusercontent.com/Flow-Launcher/Flow.Launcher.PluginsManifest/main/plugins.json
20:59:22.8757+07:00 - INFO  - ImageLoader.InitializeAsync - Preload images cost <1603ms>
20:59:22.8757+07:00 - INFO  - ImageLoader.InitializeAsync - Number of preload images is <150>, Images Number: 150, Unique Items 90
20:59:23.1816+07:00 - INFO  - App.OnStartup - End Flow Launcher startup ------------------------------------------------------
20:59:23.1816+07:00 - INFO  - App.OnStartup - Begin plugin initialization ----------------------------------------------------
20:59:23.2405+07:00 - INFO  - App.OnStartup - Startup cost <2158ms>
20:59:23.2405+07:00 - INFO  - PluginManager.InitializePluginsAsync - Total init cost for <Plugin Indicator> is <3ms>
20:59:23.2405+07:00 - INFO  - PluginManager.InitializePluginsAsync - Total init cost for <Process Killer> is <5ms>
20:59:23.2405+07:00 - INFO  - PluginManager.InitializePluginsAsync - Total init cost for <Plugins Manager> is <8ms>
20:59:23.2480+07:00 - INFO  - PluginManager.InitializePluginsAsync - Total init cost for <URL> is <15ms>
20:59:23.2480+07:00 - INFO  - PluginManager.InitializePluginsAsync - Total init cost for <System Commands> is <9ms>
20:59:23.2480+07:00 - INFO  - PluginManager.InitializePluginsAsync - Total init cost for <Web Searches> is <12ms>
20:59:23.2640+07:00 - INFO  - PluginManager.InitializePluginsAsync - Total init cost for <Shell> is <23ms>
20:59:23.2640+07:00 - INFO  - PluginManager.InitializePluginsAsync - Total init cost for <Windows Settings> is <26ms>
20:59:23.2640+07:00 - INFO  - PluginManager.InitializePluginsAsync - Total init cost for <Browser Bookmarks> is <30ms>
20:59:23.2802+07:00 - INFO  - PluginManager.InitializePluginsAsync - Total init cost for <Calculator> is <38ms>
20:59:23.2802+07:00 - INFO  - Main.InitAsync - Preload programs cost <15ms>
20:59:23.2802+07:00 - INFO  - Main.InitAsync - Number of preload win32 programs <101>
20:59:23.2802+07:00 - INFO  - Main.InitAsync - Number of preload uwps <6>
20:59:23.3039+07:00 - INFO  - PluginManager.InitializePluginsAsync - Total init cost for <Explorer> is <66ms>
20:59:23.3128+07:00 - INFO  - PluginManager.InitializePluginsAsync - Total init cost for <Program> is <72ms>
20:59:23.4445+07:00 - INFO  - App.OnStartup - End plugin initialization ------------------------------------------------------
20:59:23.4445+07:00 - INFO  - App.OnStartup - Startup cost <263ms>
23:45:21.9281+07:00 - ERROR -  - ------------- BEGIN Flow.Launcher.Plugin.Program exception -------------
23:45:21.9281+07:00 - ERROR -  - 
Exception full name: System.Runtime.InteropServices.COMException
Error status: UNKNOWN
Class name: ShellLinkReader
Calling method: retrieveDescription
Program path: C:\Users\Tateisukan\AppData\Roaming\Microsoft\Windows\Start Menu\Programs\System Tools\computer.lnk
InnerException number: 1
Exception message: Unexpected HRESULT has been returned from a call to a COM component.
Exception error type: HResult -2147467259
Exception thrown in called method: Void GetDescription(Windows.Win32.Foundation.PWSTR, Int32)
Possible interpretation of the error: Error caused likely due to trying to get the description of the program
Possible resolution: Not yet known
23:45:21.9281+07:00 - ERROR -  - ------------- END Flow.Launcher.Plugin.Program exception -------------
23:45:21.9393+07:00 - ERROR -  - ------------- BEGIN Flow.Launcher.Plugin.Program exception -------------
23:45:21.9393+07:00 - ERROR -  - 
Exception full name: System.Runtime.InteropServices.COMException
Error status: UNKNOWN
Class name: ShellLinkReader
Calling method: retrieveDescription
Program path: C:\Users\Tateisukan\AppData\Roaming\Microsoft\Windows\Start Menu\Programs\System Tools\Control Panel.lnk
InnerException number: 1
Exception message: Unexpected HRESULT has been returned from a call to a COM component.
Exception error type: HResult -2147467259
Exception thrown in called method: Void GetDescription(Windows.Win32.Foundation.PWSTR, Int32)
Possible interpretation of the error: Error caused likely due to trying to get the description of the program
Possible resolution: Not yet known
23:45:21.9393+07:00 - ERROR -  - ------------- END Flow.Launcher.Plugin.Program exception -------------
23:45:21.9588+07:00 - ERROR -  - ------------- BEGIN Flow.Launcher.Plugin.Program exception -------------
23:45:21.9588+07:00 - ERROR -  - 
Exception full name: System.Runtime.InteropServices.COMException
Error status: UNKNOWN
Class name: ShellLinkReader
Calling method: retrieveDescription
Program path: C:\Users\Tateisukan\AppData\Roaming\Microsoft\Windows\Start Menu\Programs\System Tools\Run.lnk
InnerException number: 1
Exception message: Unexpected HRESULT has been returned from a call to a COM component.
Exception error type: HResult -2147467259
Exception thrown in called method: Void GetDescription(Windows.Win32.Foundation.PWSTR, Int32)
Possible interpretation of the error: Error caused likely due to trying to get the description of the program
Possible resolution: Not yet known
23:45:21.9588+07:00 - ERROR -  - ------------- END Flow.Launcher.Plugin.Program exception -------------
23:45:22.6001+07:00 - ERROR -  - ------------- BEGIN Flow.Launcher.Plugin.Program exception -------------
23:45:22.6001+07:00 - ERROR -  - 
Exception full name: System.Runtime.InteropServices.COMException
Error status: UNKNOWN
Class name: ShellLinkReader
Calling method: retrieveDescription
Program path: C:\ProgramData\Microsoft\Windows\Start Menu\Programs\Accessories\Windows Media Player.lnk
InnerException number: 1
Exception message: Unexpected HRESULT has been returned from a call to a COM component.
Exception error type: HResult -2147467259
Exception thrown in called method: Void GetDescription(Windows.Win32.Foundation.PWSTR, Int32)
Possible interpretation of the error: Error caused likely due to trying to get the description of the program
Possible resolution: Not yet known
23:45:22.6001+07:00 - ERROR -  - ------------- END Flow.Launcher.Plugin.Program exception -------------
